account_id,customer_id,account_number,account_type,transit_number,institution_number,open_date,balance_cad,branch_id
ACC500001,CUST100001,8922531,SAVINGS,24592,999,2018-09-30,72573.99,BR_MIS_002
ACC500002,CUST100001,7403346,CREDIT_CARD,14165,999,2016-07-04,41245.14,BR_WIN_014
ACC500003,CUST100001,3529642,SAVINGS,93810,999,2017-04-20,148813.92,BR_TOR_001
ACC500004,CUST100002,8676774,SAVINGS,28289,999,2022-06-13,44039.44,BR_QUE_007
ACC500005,CUST100002,4025884,LOC,87397,999,2020-07-29,7525.78,BR_CAL_012
ACC500006,CUST100003,3966618,TFSA,21395,999,2026-03-26,93347.34,BR_SUR_011
ACC500007,CUST100003,8584194,TFSA,93810,999,2017-12-16,27454.27,BR_TOR_001
ACC500008,CUST100004,3658100,RRSP,81482,999,2024-03-11,116707.69,BR_VIC_010
ACC500009,CUST100005,8276470,MORTGAGE,13278,999,2026-01-01,61558.51,BR_OTT_003
ACC500010,CUST100006,7430982,CHEQUING,23434,999,2026-02-15,847.42,BR_LAV_008
ACC500011,CUST100006,7259602,CHEQUING,46048,999,2020-03-15,133260.99,BR_HAM_004
ACC500012,CUST100007,1300582,MORTGAGE,46048,999,2022-04-23,-4360.81,BR_HAM_004
ACC500013,CUST100007,5174559,SAVINGS,87397,999,2025-07-05,102496.34,BR_CAL_012
ACC500014,CUST100007,6236039,SAVINGS,39256,999,2023-04-23,10919.77,BR_MON_006
ACC500015,CUST100008,6135759,SAVINGS,81482,999,2023-05-06,5119.49,BR_VIC_010
ACC500016,CUST100008,6003003,TFSA,93810,999,2022-12-15,65668.58,BR_TOR_001
ACC500017,CUST100008,9793234,TFSA,98696,999,2023-09-15,62218.11,BR_VAN_009
ACC500018,CUST100009,6750102,RRSP,13278,999,2024-02-06,50683.89,BR_OTT_003
ACC500019,CUST100009,3766286,LOC,46048,999,2023-11-16,57525.7,BR_HAM_004
ACC500020,CUST100009,4763487,MORTGAGE,46048,999,2024-06-20,147656.33,BR_HAM_004
ACC500021,CUST100010,1367643,CREDIT_CARD,87397,999,2020-05-05,73218.2,BR_CAL_012
ACC500022,CUST100011,1626854,RRSP,39256,999,2021-09-28,130864.34,BR_MON_006
ACC500023,CUST100012,9971338,CREDIT_CARD,65302,999,2021-10-15,2530.98,BR_EDM_013
ACC500024,CUST100012,2813842,MORTGAGE,93810,999,2023-01-08,124598.6,BR_TOR_001
ACC500025,CUST100013,2942630,RRSP,87397,999,2025-03-09,63868.71,BR_CAL_012
ACC500026,CUST100014,5240244,RRSP,98696,999,2025-11-11,103789.57,BR_VAN_009
ACC500027,CUST100015,1156104,TFSA,87397,999,2019-09-08,60235.08,BR_CAL_012
ACC500028,CUST100016,9729340,TFSA,21395,999,2023-03-26,91533.66,BR_SUR_011
ACC500029,CUST100017,8026730,LOC,13278,999,2020-12-12,134286.4,BR_OTT_003
ACC500030,CUST100017,2975258,TFSA,98696,999,2026-03-28,12671.95,BR_VAN_009
ACC500031,CUST100017,9350675,SAVINGS,24592,999,2022-04-17,89395.28,BR_MIS_002
ACC500032,CUST100018,9776935,SAVINGS,14165,999,2019-01-09,50477.88,BR_WIN_014
ACC500033,CUST100018,5955170,SAVINGS,28289,999,2024-03-31,1107.88,BR_QUE_007
ACC500034,CUST100019,4484526,MORTGAGE,13905,999,2022-06-26,139634.27,BR_HAL_015
ACC500035,CUST100019,4934345,CHEQUING,39256,999,2017-04-15,-3023.84,BR_MON_006
ACC500036,CUST100020,2852723,LOC,13905,999,2023-04-08,83993.68,BR_HAL_015
ACC500037,CUST100021,2511336,LOC,13278,999,2025-07-04,74314.33,BR_OTT_003
ACC500038,CUST100021,2699372,TFSA,87397,999,2016-10-08,94872.2,BR_CAL_012
ACC500039,CUST100022,5431282,RRSP,42098,999,2017-07-28,2762.43,BR_LON_005
ACC500040,CUST100022,3931009,LOC,14165,999,2018-04-30,1113.9,BR_WIN_014
ACC500041,CUST100023,6246354,RRSP,39256,999,2024-06-22,109473.73,BR_MON_006
ACC500042,CUST100023,1769891,CHEQUING,24592,999,2024-05-06,127059.8,BR_MIS_002
ACC500043,CUST100024,3860721,TFSA,21395,999,2024-12-31,50416.75,BR_SUR_011
ACC500044,CUST100024,5501484,MORTGAGE,23434,999,2023-12-22,9407.45,BR_LAV_008
ACC500045,CUST100024,6749933,SAVINGS,14165,999,2025-11-29,12643.96,BR_WIN_014
ACC500046,CUST100025,5560602,LOC,23434,999,2018-11-04,54785.9,BR_LAV_008
ACC500047,CUST100025,9023619,LOC,14165,999,2024-08-07,60369.67,BR_WIN_014
ACC500048,CUST100026,3223175,MORTGAGE,24592,999,2022-09-21,107593.72,BR_MIS_002
ACC500049,CUST100027,7979786,CREDIT_CARD,24592,999,2022-01-21,69814.6,BR_MIS_002
ACC500050,CUST100028,8351152,SAVINGS,21395,999,2018-04-29,89755.09,BR_SUR_011
ACC500051,CUST100028,7016291,CREDIT_CARD,65302,999,2023-11-23,-533.48,BR_EDM_013
ACC500052,CUST100028,3192032,RRSP,21395,999,2021-03-06,137661.69,BR_SUR_011
ACC500053,CUST100029,7900204,RRSP,13905,999,2021-01-26,2125.71,BR_HAL_015
ACC500054,CUST100030,6272037,CHEQUING,21395,999,2016-08-04,104208.07,BR_SUR_011
ACC500055,CUST100030,9804983,LOC,21395,999,2020-08-21,110261.69,BR_SUR_011
ACC500056,CUST100031,4757843,MORTGAGE,81482,999,2024-07-17,130337.25,BR_VIC_010
ACC500057,CUST100031,9776214,MORTGAGE,98696,999,2025-09-19,103589.93,BR_VAN_009
ACC500058,CUST100031,8261982,MORTGAGE,24592,999,2019-09-30,107631.06,BR_MIS_002
ACC500059,CUST100032,7457158,SAVINGS,39256,999,2023-01-17,125050.12,BR_MON_006
ACC500060,CUST100032,1915467,CHEQUING,98696,999,2019-10-17,94726.8,BR_VAN_009
ACC500061,CUST100033,8873361,LOC,98696,999,2023-07-15,71854.41,BR_VAN_009
ACC500062,CUST100034,9248484,TFSA,24592,999,2019-06-27,32338.23,BR_MIS_002
ACC500063,CUST100035,9504862,SAVINGS,93810,999,2018-04-02,80326.81,BR_TOR_001
ACC500064,CUST100035,7765865,LOC,28289,999,2025-12-26,31425.0,BR_QUE_007
ACC500065,CUST100036,8517846,CHEQUING,23434,999,2018-12-27,127771.33,BR_LAV_008
ACC500066,CUST100036,6302632,CHEQUING,23434,999,2022-07-27,147003.96,BR_LAV_008
ACC500067,CUST100037,1298116,CHEQUING,21395,999,2020-04-23,57533.15,BR_SUR_011
ACC500068,CUST100037,1002847,LOC,93810,999,2022-03-14,9088.81,BR_TOR_001
ACC500069,CUST100037,6110305,CREDIT_CARD,81482,999,2019-05-17,82161.55,BR_VIC_010
ACC500070,CUST100038,8653898,TFSA,21395,999,2024-10-16,51318.08,BR_SUR_011
ACC500071,CUST100038,4739945,LOC,93810,999,2026-04-01,65441.3,BR_TOR_001
ACC500072,CUST100038,8937865,MORTGAGE,98696,999,2023-12-15,96860.92,BR_VAN_009
ACC500073,CUST100039,2912994,CHEQUING,23434,999,2021-03-13,112694.59,BR_LAV_008
ACC500074,CUST100039,1036858,TFSA,46048,999,2023-05-23,50046.54,BR_HAM_004
ACC500075,CUST100039,5898671,CREDIT_CARD,21395,999,2026-02-17,75907.69,BR_SUR_011
ACC500076,CUST100040,1768029,SAVINGS,24592,999,2024-11-19,71325.43,BR_MIS_002
ACC500077,CUST100040,7865417,CHEQUING,14165,999,2017-09-28,34414.84,BR_WIN_014
ACC500078,CUST100040,4146456,CHEQUING,46048,999,2019-11-13,139183.52,BR_HAM_004
ACC500079,CUST100041,8667959,LOC,46048,999,2021-06-11,116120.16,BR_HAM_004
ACC500080,CUST100041,6669584,CHEQUING,87397,999,2026-02-10,112358.15,BR_CAL_012
ACC500081,CUST100042,3067274,LOC,13905,999,2017-07-24,133221.93,BR_HAL_015
ACC500082,CUST100043,9459031,SAVINGS,21395,999,2026-02-08,144397.49,BR_SUR_011
ACC500083,CUST100043,9898037,MORTGAGE,93810,999,2023-11-12,2528.6,BR_TOR_001
ACC500084,CUST100044,9102253,CREDIT_CARD,14165,999,2026-05-26,116067.63,BR_WIN_014
ACC500085,CUST100044,3972963,MORTGAGE,13905,999,2025-09-30,84675.93,BR_HAL_015
ACC500086,CUST100045,3153888,CHEQUING,14165,999,2025-01-30,55047.86,BR_WIN_014
ACC500087,CUST100045,6399642,CREDIT_CARD,81482,999,2022-12-03,131615.54,BR_VIC_010
ACC500088,CUST100045,5164755,TFSA,28289,999,2020-11-27,56669.85,BR_QUE_007
ACC500089,CUST100046,8597490,LOC,42098,999,2019-02-23,15672.63,BR_LON_005
ACC500090,CUST100046,9594877,TFSA,28289,999,2021-01-17,125676.54,BR_QUE_007
ACC500091,CUST100047,6266549,MORTGAGE,14165,999,2023-01-23,109206.89,BR_WIN_014
ACC500092,CUST100047,4646403,SAVINGS,98696,999,2019-04-14,27505.47,BR_VAN_009
ACC500093,CUST100047,5875114,MORTGAGE,87397,999,2023-12-14,48520.51,BR_CAL_012
ACC500094,CUST100048,3983202,CREDIT_CARD,13278,999,2022-04-16,79086.18,BR_OTT_003
ACC500095,CUST100048,6408662,MORTGAGE,21395,999,2018-10-12,12887.81,BR_SUR_011
ACC500096,CUST100048,9059269,CREDIT_CARD,39256,999,2023-03-07,83448.92,BR_MON_006
ACC500097,CUST100049,8004117,MORTGAGE,87397,999,2024-08-07,110919.65,BR_CAL_012
ACC500098,CUST100049,9957402,TFSA,14165,999,2023-07-22,131008.97,BR_WIN_014
ACC500099,CUST100049,1214253,CREDIT_CARD,28289,999,2021-12-12,11502.92,BR_QUE_007
ACC500100,CUST100050,1890282,MORTGAGE,13278,999,2024-09-02,3773.74,BR_OTT_003
ACC500101,CUST100050,3700047,TFSA,42098,999,2020-08-30,100925.5,BR_LON_005
ACC500102,CUST100051,2040738,MORTGAGE,14165,999,2025-07-14,116575.4,BR_WIN_014
ACC500103,CUST100052,1542011,TFSA,65302,999,2021-08-01,121174.06,BR_EDM_013
ACC500104,CUST100053,4763253,MORTGAGE,81482,999,2021-04-20,95303.51,BR_VIC_010
ACC500105,CUST100054,9571853,LOC,46048,999,2017-05-07,118509.22,BR_HAM_004
ACC500106,CUST100054,5825775,MORTGAGE,87397,999,2025-12-29,97996.5,BR_CAL_012
ACC500107,CUST100055,7988821,LOC,28289,999,2024-12-17,146252.52,BR_QUE_007
ACC500108,CUST100055,1902651,CHEQUING,39256,999,2016-12-19,110268.84,BR_MON_006
ACC500109,CUST100056,8433377,LOC,81482,999,2020-11-20,29960.02,BR_VIC_010
ACC500110,CUST100057,7169672,LOC,87397,999,2021-02-02,86199.73,BR_CAL_012
ACC500111,CUST100057,4296204,LOC,87397,999,2026-02-05,107361.75,BR_CAL_012
ACC500112,CUST100057,5935483,RRSP,46048,999,2017-06-21,22501.01,BR_HAM_004
ACC500113,CUST100058,4136946,SAVINGS,24592,999,2023-04-09,108937.32,BR_MIS_002
ACC500114,CUST100058,7328336,CHEQUING,24592,999,2022-09-01,61418.71,BR_MIS_002
ACC500115,CUST100058,5433204,SAVINGS,98696,999,2022-10-20,19943.97,BR_VAN_009
ACC500116,CUST100059,6545923,RRSP,93810,999,2019-10-26,105001.84,BR_TOR_001
ACC500117,CUST100059,1670091,SAVINGS,13278,999,2020-06-27,138937.38,BR_OTT_003
ACC500118,CUST100060,6052539,RRSP,93810,999,2017-03-09,117435.77,BR_TOR_001
ACC500119,CUST100060,7007679,CHEQUING,98696,999,2023-10-28,116524.87,BR_VAN_009
ACC500120,CUST100060,9814666,SAVINGS,39256,999,2016-11-05,143333.1,BR_MON_006
ACC500121,CUST100061,9474848,SAVINGS,24592,999,2019-02-22,59469.34,BR_MIS_002
ACC500122,CUST100061,7768215,CHEQUING,98696,999,2026-06-06,49157.46,BR_VAN_009
ACC500123,CUST100061,4579482,MORTGAGE,13905,999,2025-11-26,46441.94,BR_HAL_015
ACC500124,CUST100062,4664903,LOC,42098,999,2022-02-06,90833.49,BR_LON_005
ACC500125,CUST100062,1147701,CHEQUING,23434,999,2022-01-12,98685.46,BR_LAV_008
ACC500126,CUST100063,5090740,CHEQUING,46048,999,2017-05-03,100795.46,BR_HAM_004
ACC500127,CUST100063,7398370,LOC,39256,999,2025-08-25,141473.09,BR_MON_006
ACC500128,CUST100064,5745083,CHEQUING,42098,999,2019-04-28,136257.07,BR_LON_005
ACC500129,CUST100064,7290752,CREDIT_CARD,14165,999,2022-09-11,119436.59,BR_WIN_014
ACC500130,CUST100065,1735708,TFSA,23434,999,2025-05-07,134233.65,BR_LAV_008
ACC500131,CUST100065,6373956,CREDIT_CARD,46048,999,2024-12-01,7763.54,BR_HAM_004
ACC500132,CUST100066,9945709,CHEQUING,13278,999,2024-06-10,92174.63,BR_OTT_003
ACC500133,CUST100067,4576485,LOC,21395,999,2019-07-28,101237.8,BR_SUR_011
ACC500134,CUST100068,8302077,MORTGAGE,46048,999,2019-12-11,121596.92,BR_HAM_004
ACC500135,CUST100069,3579573,CHEQUING,87397,999,2017-12-08,66179.91,BR_CAL_012
ACC500136,CUST100070,2468357,CHEQUING,93810,999,2026-05-28,3411.55,BR_TOR_001
ACC500137,CUST100070,5226314,CREDIT_CARD,65302,999,2024-07-28,5918.52,BR_EDM_013
ACC500138,CUST100071,5339392,RRSP,13905,999,2021-11-09,55145.05,BR_HAL_015
ACC500139,CUST100072,8264954,TFSA,28289,999,2022-11-02,-2381.9,BR_QUE_007
ACC500140,CUST100072,2984841,CREDIT_CARD,21395,999,2021-04-09,-4085.67,BR_SUR_011
ACC500141,CUST100072,2060950,LOC,87397,999,2023-03-08,110622.41,BR_CAL_012
ACC500142,CUST100073,2217848,TFSA,87397,999,2024-07-14,138847.4,BR_CAL_012
ACC500143,CUST100074,6055825,CREDIT_CARD,42098,999,2023-07-27,8408.31,BR_LON_005
ACC500144,CUST100075,7628900,LOC,28289,999,2025-01-12,97412.09,BR_QUE_007
ACC500145,CUST100075,3622672,CREDIT_CARD,23434,999,2023-01-09,29079.19,BR_LAV_008
ACC500146,CUST100076,5948917,MORTGAGE,28289,999,2022-03-06,17331.71,BR_QUE_007
ACC500147,CUST100076,7260091,CHEQUING,21395,999,2021-12-26,80796.25,BR_SUR_011
ACC500148,CUST100076,3371859,CHEQUING,98696,999,2023-01-13,1474.84,BR_VAN_009
ACC500149,CUST100077,7611593,CREDIT_CARD,81482,999,2016-12-02,79866.44,BR_VIC_010
ACC500150,CUST100077,6111869,SAVINGS,24592,999,2017-10-28,110985.97,BR_MIS_002
ACC500151,CUST100077,6768873,SAVINGS,13905,999,2025-04-16,58961.45,BR_HAL_015
ACC500152,CUST100078,9599207,SAVINGS,14165,999,2020-03-22,19947.93,BR_WIN_014
ACC500153,CUST100078,5240303,SAVINGS,46048,999,2022-10-23,12766.49,BR_HAM_004
ACC500154,CUST100078,1912484,LOC,21395,999,2025-12-11,111411.48,BR_SUR_011
ACC500155,CUST100079,2227162,TFSA,23434,999,2021-02-28,99111.21,BR_LAV_008
ACC500156,CUST100079,2647562,SAVINGS,42098,999,2024-09-19,107466.33,BR_LON_005
ACC500157,CUST100079,6550757,TFSA,23434,999,2019-11-09,14873.35,BR_LAV_008
ACC500158,CUST100080,2678477,TFSA,46048,999,2022-01-16,91024.95,BR_HAM_004
ACC500159,CUST100080,4246367,TFSA,13905,999,2025-04-10,70308.49,BR_HAL_015
ACC500160,CUST100080,6128383,MORTGAGE,39256,999,2023-09-23,85546.34,BR_MON_006
ACC500161,CUST100081,7115185,LOC,81482,999,2017-01-31,44031.64,BR_VIC_010
ACC500162,CUST100081,3829301,CHEQUING,28289,999,2021-09-07,43548.29,BR_QUE_007
ACC500163,CUST100081,4716584,MORTGAGE,65302,999,2026-04-26,109671.51,BR_EDM_013
ACC500164,CUST100082,7031174,SAVINGS,42098,999,2021-02-15,100334.93,BR_LON_005
ACC500165,CUST100082,9052291,RRSP,39256,999,2016-10-24,64030.49,BR_MON_006
ACC500166,CUST100083,2825908,SAVINGS,23434,999,2025-05-04,95060.5,BR_LAV_008
ACC500167,CUST100083,5707954,LOC,24592,999,2024-05-05,123098.77,BR_MIS_002
ACC500168,CUST100084,5416344,MORTGAGE,46048,999,2019-03-20,132382.05,BR_HAM_004
ACC500169,CUST100084,2265001,CHEQUING,24592,999,2025-10-05,126686.03,BR_MIS_002
ACC500170,CUST100084,1523352,LOC,21395,999,2025-10-19,85193.03,BR_SUR_011
ACC500171,CUST100085,4569531,CHEQUING,65302,999,2021-04-25,80497.07,BR_EDM_013
ACC500172,CUST100085,8920589,MORTGAGE,98696,999,2022-03-17,115155.57,BR_VAN_009
ACC500173,CUST100086,4746463,LOC,28289,999,2017-08-06,86388.12,BR_QUE_007
ACC500174,CUST100086,5882155,SAVINGS,14165,999,2020-08-08,67028.68,BR_WIN_014
ACC500175,CUST100087,7656950,TFSA,24592,999,2017-03-13,72835.93,BR_MIS_002
ACC500176,CUST100087,5007754,LOC,21395,999,2025-10-08,144420.04,BR_SUR_011
ACC500177,CUST100087,3782393,LOC,81482,999,2019-01-06,74691.19,BR_VIC_010
ACC500178,CUST100088,4005557,CREDIT_CARD,13278,999,2020-04-03,142050.33,BR_OTT_003
ACC500179,CUST100088,3452813,MORTGAGE,21395,999,2022-12-08,108460.69,BR_SUR_011
ACC500180,CUST100089,4671175,LOC,93810,999,2026-02-12,70584.53,BR_TOR_001
ACC500181,CUST100089,5435176,TFSA,24592,999,2026-06-07,31272.89,BR_MIS_002
ACC500182,CUST100090,9688672,LOC,46048,999,2024-12-31,50993.96,BR_HAM_004
ACC500183,CUST100090,8627651,CHEQUING,23434,999,2018-11-06,1185.23,BR_LAV_008
ACC500184,CUST100090,6437011,CHEQUING,21395,999,2024-01-08,104079.12,BR_SUR_011
ACC500185,CUST100091,5588489,LOC,21395,999,2021-01-05,109996.0,BR_SUR_011
ACC500186,CUST100091,3916715,RRSP,81482,999,2024-06-10,96319.67,BR_VIC_010
ACC500187,CUST100091,2305896,CREDIT_CARD,39256,999,2018-03-01,33995.89,BR_MON_006
ACC500188,CUST100092,7808902,TFSA,98696,999,2024-02-11,121671.7,BR_VAN_009
ACC500189,CUST100093,9088465,CREDIT_CARD,23434,999,2025-03-03,-3977.36,BR_LAV_008
ACC500190,CUST100093,3331501,RRSP,13905,999,2021-05-02,20668.9,BR_HAL_015
ACC500191,CUST100094,5711201,SAVINGS,98696,999,2026-01-13,18287.26,BR_VAN_009
ACC500192,CUST100095,2985251,MORTGAGE,39256,999,2024-07-28,30703.68,BR_MON_006
ACC500193,CUST100096,2901507,RRSP,87397,999,2023-02-22,99660.56,BR_CAL_012
ACC500194,CUST100096,4535025,CREDIT_CARD,23434,999,2025-08-11,19993.17,BR_LAV_008
ACC500195,CUST100097,5088109,CHEQUING,93810,999,2025-01-07,14822.19,BR_TOR_001
ACC500196,CUST100097,3703298,SAVINGS,81482,999,2024-02-03,92578.77,BR_VIC_010
ACC500197,CUST100098,3463987,CHEQUING,13905,999,2026-02-20,20782.91,BR_HAL_015
ACC500198,CUST100099,7802428,CREDIT_CARD,98696,999,2018-04-14,145232.77,BR_VAN_009
ACC500199,CUST100100,5755579,CHEQUING,93810,999,2021-05-29,28571.98,BR_TOR_001
ACC500200,CUST100100,8909005,LOC,81482,999,2023-08-28,69658.6,BR_VIC_010
ACC500201,CUST100100,7891524,CREDIT_CARD,46048,999,2021-04-07,17120.38,BR_HAM_004
ACC500202,CUST100101,4051509,CREDIT_CARD,14165,999,2019-05-13,97245.56,BR_WIN_014
ACC500203,CUST100101,3813903,MORTGAGE,42098,999,2023-03-09,101266.63,BR_LON_005
ACC500204,CUST100101,8607966,CREDIT_CARD,13905,999,2026-02-25,86542.38,BR_HAL_015
ACC500205,CUST100102,7466977,SAVINGS,28289,999,2021-05-24,11828.37,BR_QUE_007
ACC500206,CUST100103,9461748,MORTGAGE,98696,999,2016-06-26,60068.23,BR_VAN_009
ACC500207,CUST100104,2615622,SAVINGS,81482,999,2021-02-15,68759.72,BR_VIC_010
ACC500208,CUST100105,1654924,LOC,81482,999,2022-01-16,77371.64,BR_VIC_010
ACC500209,CUST100105,2971598,CHEQUING,65302,999,2017-08-25,69747.34,BR_EDM_013
ACC500210,CUST100105,1020136,LOC,13278,999,2017-11-28,100176.7,BR_OTT_003
ACC500211,CUST100106,8057906,TFSA,98696,999,2018-11-10,130597.77,BR_VAN_009
ACC500212,CUST100106,9888846,RRSP,87397,999,2019-10-13,30570.37,BR_CAL_012
ACC500213,CUST100107,7396087,TFSA,65302,999,2017-05-21,86302.45,BR_EDM_013
ACC500214,CUST100107,2639417,RRSP,87397,999,2017-04-21,15751.88,BR_CAL_012
ACC500215,CUST100108,4900918,LOC,65302,999,2022-12-08,7991.73,BR_EDM_013
ACC500216,CUST100108,7855954,TFSA,81482,999,2024-02-24,24298.26,BR_VIC_010
ACC500217,CUST100109,1119354,CREDIT_CARD,87397,999,2024-09-20,75993.8,BR_CAL_012
ACC500218,CUST100109,1120696,RRSP,98696,999,2021-12-11,96454.65,BR_VAN_009
ACC500219,CUST100109,6299951,RRSP,87397,999,2018-01-26,51151.82,BR_CAL_012
ACC500220,CUST100110,5255251,TFSA,28289,999,2018-02-05,127521.42,BR_QUE_007
ACC500221,CUST100111,7134489,CREDIT_CARD,81482,999,2021-04-08,37711.88,BR_VIC_010
ACC500222,CUST100111,7668174,LOC,21395,999,2026-02-26,26572.52,BR_SUR_011
ACC500223,CUST100112,9094465,SAVINGS,65302,999,2017-01-15,52383.01,BR_EDM_013
ACC500224,CUST100112,9116148,TFSA,98696,999,2020-07-12,148218.78,BR_VAN_009
ACC500225,CUST100112,6777340,LOC,81482,999,2020-06-30,104351.66,BR_VIC_010
ACC500226,CUST100113,2997927,MORTGAGE,13278,999,2023-09-20,30614.55,BR_OTT_003
ACC500227,CUST100113,3714471,CHEQUING,65302,999,2017-12-03,28241.01,BR_EDM_013
ACC500228,CUST100113,6678044,LOC,28289,999,2020-09-28,80339.31,BR_QUE_007
ACC500229,CUST100114,1873301,SAVINGS,21395,999,2025-07-18,55311.07,BR_SUR_011
ACC500230,CUST100114,1088762,LOC,21395,999,2024-11-15,9118.73,BR_SUR_011
ACC500231,CUST100114,8913286,CREDIT_CARD,13278,999,2021-12-06,62483.5,BR_OTT_003
ACC500232,CUST100115,4720687,TFSA,42098,999,2018-08-03,7406.16,BR_LON_005
ACC500233,CUST100116,7447920,RRSP,87397,999,2022-02-24,90164.67,BR_CAL_012
ACC500234,CUST100117,1964069,LOC,42098,999,2026-05-31,122135.45,BR_LON_005
ACC500235,CUST100117,9294125,RRSP,21395,999,2021-01-12,-3339.89,BR_SUR_011
ACC500236,CUST100117,9693169,TFSA,14165,999,2020-07-15,25185.71,BR_WIN_014
ACC500237,CUST100118,9653916,MORTGAGE,98696,999,2020-06-18,30909.0,BR_VAN_009
ACC500238,CUST100118,1605005,TFSA,13278,999,2024-09-09,32084.78,BR_OTT_003
ACC500239,CUST100118,3641484,CHEQUING,93810,999,2021-09-25,149506.66,BR_TOR_001
ACC500240,CUST100119,7629401,RRSP,39256,999,2026-03-11,85842.43,BR_MON_006
ACC500241,CUST100119,1257807,MORTGAGE,98696,999,2024-02-15,104061.4,BR_VAN_009
ACC500242,CUST100120,5773013,MORTGAGE,98696,999,2016-06-13,123613.54,BR_VAN_009
ACC500243,CUST100121,6829664,LOC,39256,999,2016-07-29,37858.72,BR_MON_006
ACC500244,CUST100121,4263591,RRSP,81482,999,2023-04-08,139105.65,BR_VIC_010
ACC500245,CUST100121,1078038,TFSA,81482,999,2023-11-21,22130.39,BR_VIC_010
ACC500246,CUST100122,2214435,CREDIT_CARD,24592,999,2016-07-14,40609.03,BR_MIS_002
ACC500247,CUST100122,9611521,TFSA,24592,999,2024-01-04,130797.52,BR_MIS_002
ACC500248,CUST100122,5196677,MORTGAGE,14165,999,2022-05-17,63629.14,BR_WIN_014
ACC500249,CUST100123,9113963,LOC,81482,999,2026-04-12,32707.35,BR_VIC_010
ACC500250,CUST100123,8698199,MORTGAGE,39256,999,2020-11-27,66411.67,BR_MON_006
ACC500251,CUST100124,1458868,RRSP,14165,999,2024-07-18,13021.59,BR_WIN_014
ACC500252,CUST100124,7420191,MORTGAGE,24592,999,2021-04-24,117241.68,BR_MIS_002
ACC500253,CUST100124,4857587,LOC,46048,999,2024-03-16,43938.26,BR_HAM_004
ACC500254,CUST100125,9986747,CHEQUING,98696,999,2021-09-18,103626.88,BR_VAN_009
ACC500255,CUST100125,5165071,TFSA,42098,999,2021-07-23,9416.46,BR_LON_005
ACC500256,CUST100126,6737688,CHEQUING,87397,999,2023-10-09,80955.48,BR_CAL_012
ACC500257,CUST100126,8995273,TFSA,13278,999,2025-08-18,49798.38,BR_OTT_003
ACC500258,CUST100126,5514342,SAVINGS,13905,999,2023-06-28,141803.31,BR_HAL_015
ACC500259,CUST100127,4190481,RRSP,13905,999,2020-10-13,109252.4,BR_HAL_015
ACC500260,CUST100127,5061034,LOC,46048,999,2024-07-07,36137.83,BR_HAM_004
ACC500261,CUST100127,4401858,LOC,46048,999,2022-03-28,33702.79,BR_HAM_004
ACC500262,CUST100128,3617171,LOC,39256,999,2018-01-29,11536.84,BR_MON_006
ACC500263,CUST100128,2316802,MORTGAGE,13905,999,2021-06-04,143145.85,BR_HAL_015
ACC500264,CUST100128,1111126,LOC,23434,999,2024-11-04,127848.85,BR_LAV_008
ACC500265,CUST100129,9091518,TFSA,14165,999,2023-12-18,91203.46,BR_WIN_014
ACC500266,CUST100130,5609255,RRSP,13905,999,2016-10-15,23345.14,BR_HAL_015
ACC500267,CUST100130,9575399,TFSA,65302,999,2026-01-29,56671.32,BR_EDM_013
ACC500268,CUST100131,1908455,CREDIT_CARD,13278,999,2025-05-04,118886.84,BR_OTT_003
ACC500269,CUST100131,1546310,CREDIT_CARD,23434,999,2018-10-13,48829.79,BR_LAV_008
ACC500270,CUST100131,3932663,RRSP,14165,999,2021-06-26,146358.62,BR_WIN_014
ACC500271,CUST100132,8718703,TFSA,98696,999,2022-05-18,101827.64,BR_VAN_009
ACC500272,CUST100132,4535838,RRSP,93810,999,2023-03-01,85056.27,BR_TOR_001
ACC500273,CUST100132,7066680,CREDIT_CARD,39256,999,2023-05-10,128585.51,BR_MON_006
ACC500274,CUST100133,5409875,SAVINGS,98696,999,2021-05-10,36758.28,BR_VAN_009
ACC500275,CUST100134,7139188,SAVINGS,39256,999,2019-06-26,72309.35,BR_MON_006
ACC500276,CUST100134,8031212,MORTGAGE,46048,999,2020-11-03,111590.34,BR_HAM_004
ACC500277,CUST100134,7720828,TFSA,39256,999,2020-07-13,64862.99,BR_MON_006
ACC500278,CUST100135,4834713,LOC,13278,999,2023-04-13,10479.81,BR_OTT_003
ACC500279,CUST100135,4956154,CREDIT_CARD,42098,999,2022-08-06,61993.91,BR_LON_005
ACC500280,CUST100135,4289394,SAVINGS,28289,999,2019-11-30,119005.81,BR_QUE_007
ACC500281,CUST100136,8935405,LOC,13278,999,2024-12-17,-3489.94,BR_OTT_003
ACC500282,CUST100136,9381860,SAVINGS,28289,999,2024-06-03,149312.07,BR_QUE_007
ACC500283,CUST100136,9673937,CREDIT_CARD,14165,999,2023-03-04,106686.85,BR_WIN_014
ACC500284,CUST100137,5210645,CREDIT_CARD,42098,999,2019-02-16,128067.81,BR_LON_005
ACC500285,CUST100137,7684074,CHEQUING,93810,999,2019-11-04,102034.19,BR_TOR_001
ACC500286,CUST100138,5266272,RRSP,46048,999,2019-08-09,125040.61,BR_HAM_004
ACC500287,CUST100139,6614605,TFSA,23434,999,2017-10-08,50949.11,BR_LAV_008
ACC500288,CUST100140,5323737,TFSA,98696,999,2021-02-23,-1925.52,BR_VAN_009
ACC500289,CUST100140,6890320,LOC,24592,999,2020-01-16,100335.81,BR_MIS_002
ACC500290,CUST100140,4337963,CREDIT_CARD,81482,999,2019-03-14,84263.64,BR_VIC_010
ACC500291,CUST100141,3928275,LOC,98696,999,2024-03-04,39114.35,BR_VAN_009
ACC500292,CUST100141,9563838,RRSP,39256,999,2021-07-15,115085.38,BR_MON_006
ACC500293,CUST100141,2315459,RRSP,23434,999,2021-06-17,90117.88,BR_LAV_008
ACC500294,CUST100142,3430151,LOC,21395,999,2020-11-26,20974.21,BR_SUR_011
ACC500295,CUST100142,6660436,RRSP,65302,999,2022-04-19,92847.38,BR_EDM_013
ACC500296,CUST100143,2196955,CHEQUING,28289,999,2021-06-03,20109.92,BR_QUE_007
ACC500297,CUST100143,6259356,TFSA,46048,999,2022-03-19,96217.03,BR_HAM_004
ACC500298,CUST100143,5487442,CREDIT_CARD,87397,999,2016-06-21,94919.87,BR_CAL_012
ACC500299,CUST100144,8464156,LOC,13905,999,2025-08-19,128735.0,BR_HAL_015
ACC500300,CUST100144,9739850,RRSP,39256,999,2016-11-03,59168.3,BR_MON_006
ACC500301,CUST100145,1387572,SAVINGS,14165,999,2019-07-06,107804.72,BR_WIN_014
ACC500302,CUST100146,2343263,SAVINGS,42098,999,2024-02-01,20871.12,BR_LON_005
ACC500303,CUST100146,2603125,CHEQUING,24592,999,2023-12-27,140203.02,BR_MIS_002
ACC500304,CUST100146,1903041,CHEQUING,23434,999,2017-01-17,114494.72,BR_LAV_008
ACC500305,CUST100147,2396723,CHEQUING,65302,999,2020-10-24,35680.1,BR_EDM_013
ACC500306,CUST100147,2414508,MORTGAGE,13278,999,2018-03-26,139396.38,BR_OTT_003
ACC500307,CUST100147,6190378,SAVINGS,28289,999,2022-07-21,33346.46,BR_QUE_007
ACC500308,CUST100148,3120836,SAVINGS,23434,999,2026-03-16,76645.06,BR_LAV_008
ACC500309,CUST100148,1479346,CHEQUING,13278,999,2017-01-08,97850.12,BR_OTT_003
ACC500310,CUST100149,8988550,RRSP,14165,999,2017-09-08,146122.14,BR_WIN_014
ACC500311,CUST100149,5570355,CREDIT_CARD,98696,999,2023-11-14,63950.96,BR_VAN_009
ACC500312,CUST100150,3970181,CREDIT_CARD,98696,999,2023-01-27,87625.55,BR_VAN_009
ACC500313,CUST100150,8297709,CREDIT_CARD,21395,999,2025-06-24,94166.91,BR_SUR_011
ACC500314,CUST100150,6195254,TFSA,98696,999,2019-11-22,69656.01,BR_VAN_009
ACC500315,CUST100151,2502467,RRSP,65302,999,2025-12-20,42719.57,BR_EDM_013
ACC500316,CUST100152,3612506,TFSA,42098,999,2020-02-25,-3363.85,BR_LON_005
ACC500317,CUST100152,3286742,TFSA,98696,999,2020-11-14,39448.15,BR_VAN_009
ACC500318,CUST100153,9253243,LOC,93810,999,2018-11-08,68945.4,BR_TOR_001
ACC500319,CUST100153,8221506,LOC,93810,999,2022-07-22,40403.01,BR_TOR_001
ACC500320,CUST100153,1121097,CREDIT_CARD,46048,999,2023-08-06,52914.8,BR_HAM_004
ACC500321,CUST100154,8333427,RRSP,13905,999,2016-10-07,33733.9,BR_HAL_015
ACC500322,CUST100154,7538471,LOC,87397,999,2026-05-15,53645.5,BR_CAL_012
ACC500323,CUST100155,8084001,MORTGAGE,24592,999,2023-12-22,32132.08,BR_MIS_002
ACC500324,CUST100155,5561139,TFSA,65302,999,2024-08-21,95510.84,BR_EDM_013
ACC500325,CUST100156,5510085,RRSP,65302,999,2024-03-12,24140.1,BR_EDM_013
ACC500326,CUST100156,4060284,SAVINGS,24592,999,2016-10-30,39887.27,BR_MIS_002
ACC500327,CUST100156,8639388,CREDIT_CARD,21395,999,2020-04-01,65178.92,BR_SUR_011
ACC500328,CUST100157,9254323,SAVINGS,81482,999,2019-10-15,44699.78,BR_VIC_010
ACC500329,CUST100157,1832687,CREDIT_CARD,13278,999,2020-10-06,-1569.71,BR_OTT_003
ACC500330,CUST100157,5733096,TFSA,24592,999,2019-11-13,14381.08,BR_MIS_002
ACC500331,CUST100158,1137641,SAVINGS,87397,999,2022-11-29,8980.53,BR_CAL_012
ACC500332,CUST100158,9280890,SAVINGS,93810,999,2019-02-26,47996.49,BR_TOR_001
ACC500333,CUST100159,9361693,TFSA,65302,999,2020-06-08,66871.09,BR_EDM_013
ACC500334,CUST100159,1532460,TFSA,65302,999,2021-03-23,7434.58,BR_EDM_013
ACC500335,CUST100160,5471188,LOC,93810,999,2017-08-29,55825.38,BR_TOR_001
ACC500336,CUST100161,4046805,SAVINGS,23434,999,2019-11-12,133833.34,BR_LAV_008
ACC500337,CUST100161,7401806,LOC,42098,999,2022-01-07,-3044.6,BR_LON_005
ACC500338,CUST100161,5176895,RRSP,65302,999,2021-04-05,114539.93,BR_EDM_013
ACC500339,CUST100162,1562209,SAVINGS,46048,999,2022-10-07,66429.37,BR_HAM_004
ACC500340,CUST100162,2576392,CREDIT_CARD,65302,999,2022-05-17,98231.22,BR_EDM_013
ACC500341,CUST100163,7528399,MORTGAGE,23434,999,2016-09-07,143988.15,BR_LAV_008
ACC500342,CUST100164,1707762,MORTGAGE,13278,999,2023-08-22,140300.24,BR_OTT_003
ACC500343,CUST100164,3049194,TFSA,98696,999,2020-01-08,69590.59,BR_VAN_009
ACC500344,CUST100165,7046955,CHEQUING,46048,999,2024-10-27,128866.94,BR_HAM_004
ACC500345,CUST100165,2894625,SAVINGS,46048,999,2018-07-15,93100.89,BR_HAM_004
ACC500346,CUST100166,3807840,LOC,93810,999,2023-09-03,37795.51,BR_TOR_001
ACC500347,CUST100166,7640561,LOC,24592,999,2024-02-10,32678.85,BR_MIS_002
ACC500348,CUST100167,8973718,MORTGAGE,81482,999,2022-06-11,87412.9,BR_VIC_010
ACC500349,CUST100168,2501223,SAVINGS,65302,999,2018-07-11,19443.26,BR_EDM_013
ACC500350,CUST100168,6677780,LOC,24592,999,2017-10-18,91895.51,BR_MIS_002
ACC500351,CUST100169,3582322,MORTGAGE,39256,999,2020-10-13,78134.77,BR_MON_006
ACC500352,CUST100170,9184645,SAVINGS,13278,999,2018-08-11,44094.63,BR_OTT_003
ACC500353,CUST100171,6827024,LOC,65302,999,2019-01-07,133228.37,BR_EDM_013
ACC500354,CUST100171,4237420,CHEQUING,87397,999,2017-12-06,101833.75,BR_CAL_012
ACC500355,CUST100171,3260430,TFSA,39256,999,2025-11-16,134292.77,BR_MON_006
ACC500356,CUST100172,8340032,CREDIT_CARD,87397,999,2023-05-30,40680.76,BR_CAL_012
ACC500357,CUST100172,9222379,SAVINGS,87397,999,2018-01-12,82838.77,BR_CAL_012
ACC500358,CUST100173,6430463,MORTGAGE,39256,999,2025-11-26,67601.18,BR_MON_006
ACC500359,CUST100173,3690116,CHEQUING,14165,999,2021-08-20,77326.3,BR_WIN_014
ACC500360,CUST100173,5960564,LOC,23434,999,2021-02-02,35819.14,BR_LAV_008
ACC500361,CUST100174,1012076,LOC,23434,999,2025-05-23,93894.04,BR_LAV_008
ACC500362,CUST100174,4112748,CHEQUING,28289,999,2024-10-07,91058.86,BR_QUE_007
ACC500363,CUST100175,5006173,TFSA,65302,999,2024-07-29,106755.55,BR_EDM_013
ACC500364,CUST100175,7501017,SAVINGS,21395,999,2021-05-30,76230.81,BR_SUR_011
ACC500365,CUST100176,3585897,CREDIT_CARD,65302,999,2018-03-16,38885.01,BR_EDM_013
ACC500366,CUST100176,6402667,CHEQUING,28289,999,2019-10-23,9919.73,BR_QUE_007
ACC500367,CUST100177,1734460,LOC,24592,999,2022-03-27,140358.93,BR_MIS_002
ACC500368,CUST100177,1524686,SAVINGS,13278,999,2017-06-16,11593.55,BR_OTT_003
ACC500369,CUST100177,2656810,CHEQUING,46048,999,2018-10-08,83506.89,BR_HAM_004
ACC500370,CUST100178,9219319,CREDIT_CARD,21395,999,2018-09-25,91715.43,BR_SUR_011
ACC500371,CUST100178,5293936,CHEQUING,81482,999,2021-02-25,51784.87,BR_VIC_010
ACC500372,CUST100179,2189067,CHEQUING,87397,999,2024-02-09,139182.71,BR_CAL_012
ACC500373,CUST100179,9244416,LOC,46048,999,2023-06-06,7393.3,BR_HAM_004
ACC500374,CUST100179,2018380,TFSA,65302,999,2025-04-17,81493.08,BR_EDM_013
ACC500375,CUST100180,7191944,LOC,14165,999,2016-07-04,104807.24,BR_WIN_014
ACC500376,CUST100180,5459646,CREDIT_CARD,14165,999,2023-05-15,1301.24,BR_WIN_014
ACC500377,CUST100181,6098672,CHEQUING,14165,999,2019-07-24,141413.54,BR_WIN_014
ACC500378,CUST100182,2698275,MORTGAGE,24592,999,2022-12-27,30807.79,BR_MIS_002
ACC500379,CUST100182,4178618,SAVINGS,28289,999,2018-12-12,76559.76,BR_QUE_007
ACC500380,CUST100182,4001408,CREDIT_CARD,46048,999,2025-05-26,111125.13,BR_HAM_004
ACC500381,CUST100183,2770234,LOC,87397,999,2018-06-25,93986.77,BR_CAL_012
ACC500382,CUST100183,8696054,MORTGAGE,39256,999,2020-11-23,98112.56,BR_MON_006
ACC500383,CUST100184,4026551,CREDIT_CARD,13278,999,2019-02-09,57241.36,BR_OTT_003
ACC500384,CUST100185,3653760,CREDIT_CARD,21395,999,2018-05-08,149757.2,BR_SUR_011
ACC500385,CUST100185,6911017,TFSA,23434,999,2025-04-22,80262.61,BR_LAV_008
ACC500386,CUST100186,7236418,RRSP,14165,999,2018-05-28,113448.58,BR_WIN_014
ACC500387,CUST100186,6426605,CREDIT_CARD,28289,999,2017-09-04,32312.0,BR_QUE_007
ACC500388,CUST100187,7292514,LOC,46048,999,2022-09-15,80287.0,BR_HAM_004
ACC500389,CUST100187,5262908,TFSA,87397,999,2025-04-24,144056.03,BR_CAL_012
ACC500390,CUST100187,7662074,CHEQUING,23434,999,2021-08-01,107578.56,BR_LAV_008
ACC500391,CUST100188,1273509,CREDIT_CARD,81482,999,2021-10-09,15938.28,BR_VIC_010
ACC500392,CUST100188,6064062,CHEQUING,13905,999,2020-02-10,41551.76,BR_HAL_015
ACC500393,CUST100189,6283223,CHEQUING,46048,999,2022-10-14,114586.08,BR_HAM_004
ACC500394,CUST100190,5629792,CREDIT_CARD,14165,999,2026-02-14,74247.08,BR_WIN_014
ACC500395,CUST100190,3595683,CHEQUING,81482,999,2017-09-19,849.13,BR_VIC_010
ACC500396,CUST100190,3619042,SAVINGS,39256,999,2022-11-23,36073.17,BR_MON_006
ACC500397,CUST100191,4908993,TFSA,46048,999,2025-05-07,120716.51,BR_HAM_004
ACC500398,CUST100191,7707501,CREDIT_CARD,24592,999,2022-09-12,137271.68,BR_MIS_002
ACC500399,CUST100191,2295227,MORTGAGE,87397,999,2016-07-25,45327.27,BR_CAL_012
ACC500400,CUST100192,9191918,LOC,13278,999,2021-01-31,134348.74,BR_OTT_003
ACC500401,CUST100192,2599943,CREDIT_CARD,87397,999,2020-11-01,94549.47,BR_CAL_012
ACC500402,CUST100193,7401281,CHEQUING,87397,999,2022-05-13,115918.9,BR_CAL_012
ACC500403,CUST100194,8286418,RRSP,39256,999,2024-06-12,139188.14,BR_MON_006
ACC500404,CUST100194,4803691,MORTGAGE,24592,999,2022-11-09,96180.77,BR_MIS_002
ACC500405,CUST100195,1191837,MORTGAGE,13905,999,2020-02-26,115499.89,BR_HAL_015
ACC500406,CUST100195,1908116,TFSA,28289,999,2025-10-16,76279.42,BR_QUE_007
ACC500407,CUST100195,3509536,TFSA,39256,999,2023-03-20,72872.25,BR_MON_006
ACC500408,CUST100196,1847581,MORTGAGE,13278,999,2021-03-19,108394.68,BR_OTT_003
ACC500409,CUST100197,9467953,CHEQUING,23434,999,2020-08-24,29423.27,BR_LAV_008
ACC500410,CUST100197,7615632,SAVINGS,42098,999,2023-01-10,15489.3,BR_LON_005
ACC500411,CUST100198,1827302,CREDIT_CARD,23434,999,2021-11-03,56874.65,BR_LAV_008
ACC500412,CUST100199,9419194,RRSP,28289,999,2025-05-17,114942.9,BR_QUE_007
ACC500413,CUST100200,3262755,RRSP,65302,999,2022-12-18,81690.91,BR_EDM_013
ACC500414,CUST100201,4290000,CREDIT_CARD,28289,999,2020-04-19,90479.51,BR_QUE_007
ACC500415,CUST100201,9795418,SAVINGS,87397,999,2020-02-18,32558.84,BR_CAL_012
ACC500416,CUST100202,8215305,TFSA,65302,999,2023-07-02,101134.39,BR_EDM_013
ACC500417,CUST100202,2503148,CHEQUING,81482,999,2019-07-06,99120.87,BR_VIC_010
ACC500418,CUST100203,6843636,SAVINGS,39256,999,2023-09-20,44714.45,BR_MON_006
ACC500419,CUST100203,1406123,LOC,81482,999,2023-05-08,42246.92,BR_VIC_010
ACC500420,CUST100204,8419054,CREDIT_CARD,81482,999,2017-05-25,17601.86,BR_VIC_010
ACC500421,CUST100204,4917305,SAVINGS,93810,999,2021-05-02,101230.68,BR_TOR_001
ACC500422,CUST100205,2439727,CHEQUING,65302,999,2023-05-29,109635.15,BR_EDM_013
ACC500423,CUST100206,3477610,LOC,81482,999,2024-05-09,124028.94,BR_VIC_010
ACC500424,CUST100207,6759137,MORTGAGE,93810,999,2021-01-27,119663.52,BR_TOR_001
ACC500425,CUST100207,8550780,RRSP,42098,999,2023-02-15,-1474.04,BR_LON_005
ACC500426,CUST100208,4554677,SAVINGS,87397,999,2020-10-15,79695.75,BR_CAL_012
ACC500427,CUST100209,9103837,CREDIT_CARD,98696,999,2016-09-27,108138.16,BR_VAN_009
ACC500428,CUST100209,1308508,RRSP,13278,999,2018-07-02,85365.77,BR_OTT_003
ACC500429,CUST100210,1729507,TFSA,98696,999,2017-11-22,21399.55,BR_VAN_009
ACC500430,CUST100210,4367121,LOC,42098,999,2024-09-04,102961.64,BR_LON_005
ACC500431,CUST100210,1890622,RRSP,42098,999,2018-06-03,96487.47,BR_LON_005
ACC500432,CUST100211,7520383,MORTGAGE,24592,999,2026-02-19,37053.11,BR_MIS_002
ACC500433,CUST100212,2810117,CHEQUING,39256,999,2026-02-14,40336.81,BR_MON_006
ACC500434,CUST100212,7484783,SAVINGS,13905,999,2020-09-21,146867.89,BR_HAL_015
ACC500435,CUST100212,2671072,TFSA,98696,999,2021-09-24,70122.63,BR_VAN_009
ACC500436,CUST100213,2476741,SAVINGS,98696,999,2022-08-09,25825.66,BR_VAN_009
ACC500437,CUST100213,1360516,CHEQUING,23434,999,2019-01-26,33345.78,BR_LAV_008
ACC500438,CUST100213,6115834,TFSA,98696,999,2026-01-20,70939.59,BR_VAN_009
ACC500439,CUST100214,1308234,TFSA,13278,999,2021-09-13,101068.26,BR_OTT_003
ACC500440,CUST100214,6072192,SAVINGS,39256,999,2021-12-31,149379.13,BR_MON_006
ACC500441,CUST100214,5628469,LOC,98696,999,2022-10-18,4611.5,BR_VAN_009
ACC500442,CUST100215,7495644,LOC,13905,999,2022-02-28,148506.05,BR_HAL_015
ACC500443,CUST100215,5700872,SAVINGS,98696,999,2018-08-25,18514.77,BR_VAN_009
ACC500444,CUST100216,3302852,CHEQUING,21395,999,2021-01-02,108132.9,BR_SUR_011
ACC500445,CUST100216,4815608,RRSP,98696,999,2025-07-16,32255.93,BR_VAN_009
ACC500446,CUST100217,6240913,CREDIT_CARD,28289,999,2021-02-15,46039.13,BR_QUE_007
ACC500447,CUST100218,4468811,MORTGAGE,13278,999,2025-08-08,16479.36,BR_OTT_003
ACC500448,CUST100218,4394202,LOC,98696,999,2023-02-28,16406.99,BR_VAN_009
ACC500449,CUST100218,9787997,SAVINGS,87397,999,2025-01-23,61659.97,BR_CAL_012
ACC500450,CUST100219,3651604,TFSA,21395,999,2023-03-20,5511.18,BR_SUR_011
ACC500451,CUST100220,2986209,SAVINGS,87397,999,2017-03-29,44227.63,BR_CAL_012
ACC500452,CUST100220,3441467,MORTGAGE,13905,999,2020-02-28,-430.08,BR_HAL_015
ACC500453,CUST100220,7946441,RRSP,39256,999,2018-10-26,42018.96,BR_MON_006
ACC500454,CUST100221,5593537,SAVINGS,13905,999,2017-05-20,115761.72,BR_HAL_015
ACC500455,CUST100221,3206973,SAVINGS,24592,999,2021-07-15,-939.28,BR_MIS_002
ACC500456,CUST100221,5477211,CREDIT_CARD,81482,999,2024-01-06,82891.68,BR_VIC_010
ACC500457,CUST100222,4895376,SAVINGS,81482,999,2024-09-06,101543.57,BR_VIC_010
ACC500458,CUST100223,8996058,SAVINGS,24592,999,2020-08-23,72860.31,BR_MIS_002
ACC500459,CUST100223,8864546,MORTGAGE,81482,999,2019-11-22,95683.13,BR_VIC_010
ACC500460,CUST100224,7500504,RRSP,14165,999,2020-01-25,68446.27,BR_WIN_014
ACC500461,CUST100225,4796232,CHEQUING,46048,999,2017-03-30,58331.32,BR_HAM_004
ACC500462,CUST100226,5527477,RRSP,13905,999,2023-04-16,29495.9,BR_HAL_015
ACC500463,CUST100227,4431982,CHEQUING,46048,999,2016-09-26,22447.12,BR_HAM_004
ACC500464,CUST100227,9219877,MORTGAGE,23434,999,2019-10-03,45358.82,BR_LAV_008
ACC500465,CUST100227,5140345,RRSP,23434,999,2020-05-26,57754.35,BR_LAV_008
ACC500466,CUST100228,7381619,MORTGAGE,81482,999,2020-10-12,43499.11,BR_VIC_010
ACC500467,CUST100229,9995261,CREDIT_CARD,87397,999,2025-07-21,94416.04,BR_CAL_012
ACC500468,CUST100229,1646123,CREDIT_CARD,87397,999,2022-12-07,11944.03,BR_CAL_012
ACC500469,CUST100229,1711620,SAVINGS,23434,999,2020-06-26,75398.91,BR_LAV_008
ACC500470,CUST100230,1658532,CREDIT_CARD,87397,999,2023-02-24,55046.67,BR_CAL_012
ACC500471,CUST100230,1827040,SAVINGS,65302,999,2016-10-21,40132.8,BR_EDM_013
ACC500472,CUST100231,6109570,LOC,13905,999,2022-11-25,123281.26,BR_HAL_015
ACC500473,CUST100231,3793181,RRSP,23434,999,2018-09-02,40635.06,BR_LAV_008
ACC500474,CUST100232,9673311,SAVINGS,87397,999,2019-06-01,66854.74,BR_CAL_012
ACC500475,CUST100233,2517344,MORTGAGE,23434,999,2020-08-12,72601.96,BR_LAV_008
ACC500476,CUST100233,3270069,RRSP,13278,999,2017-05-16,59101.69,BR_OTT_003
ACC500477,CUST100233,1417955,SAVINGS,23434,999,2019-06-02,65320.51,BR_LAV_008
ACC500478,CUST100234,4387856,RRSP,13905,999,2022-02-13,8977.85,BR_HAL_015
ACC500479,CUST100234,3751363,MORTGAGE,39256,999,2023-03-23,108655.66,BR_MON_006
ACC500480,CUST100234,2915369,MORTGAGE,24592,999,2020-09-21,64656.75,BR_MIS_002
ACC500481,CUST100235,9788196,MORTGAGE,24592,999,2017-11-10,54533.54,BR_MIS_002
ACC500482,CUST100235,9584338,CREDIT_CARD,65302,999,2022-04-10,142211.85,BR_EDM_013
ACC500483,CUST100236,7385526,CHEQUING,98696,999,2023-09-06,114080.35,BR_VAN_009
ACC500484,CUST100236,6623607,CREDIT_CARD,13905,999,2017-04-30,130052.34,BR_HAL_015
ACC500485,CUST100237,3426109,SAVINGS,13278,999,2023-09-30,114219.3,BR_OTT_003
ACC500486,CUST100238,6168426,TFSA,28289,999,2018-10-01,108175.07,BR_QUE_007
ACC500487,CUST100239,4031576,CHEQUING,42098,999,2019-10-15,134274.0,BR_LON_005
ACC500488,CUST100239,1059272,CREDIT_CARD,46048,999,2019-07-17,113636.35,BR_HAM_004
ACC500489,CUST100240,9348805,LOC,23434,999,2025-01-01,72289.55,BR_LAV_008
ACC500490,CUST100241,9278999,SAVINGS,81482,999,2020-04-01,28615.45,BR_VIC_010
ACC500491,CUST100242,8612468,RRSP,23434,999,2017-12-18,63490.68,BR_LAV_008
ACC500492,CUST100242,1110277,SAVINGS,81482,999,2019-09-10,131736.02,BR_VIC_010
ACC500493,CUST100242,4483580,CHEQUING,42098,999,2022-02-05,23650.2,BR_LON_005
ACC500494,CUST100243,6855581,CHEQUING,21395,999,2020-06-10,17533.03,BR_SUR_011
ACC500495,CUST100244,6007018,TFSA,21395,999,2025-07-07,137659.63,BR_SUR_011
ACC500496,CUST100245,7995376,SAVINGS,24592,999,2020-11-08,20006.96,BR_MIS_002
ACC500497,CUST100246,3976601,RRSP,81482,999,2018-07-01,111146.9,BR_VIC_010
ACC500498,CUST100246,1601296,CHEQUING,39256,999,2023-03-16,114119.36,BR_MON_006
ACC500499,CUST100247,7357547,LOC,39256,999,2020-08-01,5488.34,BR_MON_006
ACC500500,CUST100247,2089275,TFSA,28289,999,2022-05-28,67976.61,BR_QUE_007
ACC500501,CUST100248,5603979,TFSA,87397,999,2019-01-04,76693.17,BR_CAL_012
ACC500502,CUST100249,4507293,CREDIT_CARD,46048,999,2019-10-22,4018.61,BR_HAM_004
ACC500503,CUST100249,9874251,CHEQUING,81482,999,2022-05-27,69967.76,BR_VIC_010
ACC500504,CUST100249,5818203,RRSP,87397,999,2016-07-05,89370.91,BR_CAL_012
ACC500505,CUST100250,9814602,CREDIT_CARD,42098,999,2022-01-01,149228.77,BR_LON_005
ACC500506,CUST100250,3176225,CREDIT_CARD,39256,999,2019-12-01,82208.32,BR_MON_006
ACC500507,CUST100251,9350710,RRSP,87397,999,2024-04-26,120236.96,BR_CAL_012
ACC500508,CUST100251,4904421,MORTGAGE,13905,999,2019-04-19,40025.65,BR_HAL_015
ACC500509,CUST100251,1026523,CHEQUING,46048,999,2020-01-23,-1282.05,BR_HAM_004
ACC500510,CUST100252,2978465,MORTGAGE,65302,999,2024-03-23,126450.82,BR_EDM_013
ACC500511,CUST100252,7956372,RRSP,65302,999,2022-12-20,2051.29,BR_EDM_013
ACC500512,CUST100252,4562439,CHEQUING,39256,999,2018-06-03,94295.84,BR_MON_006
ACC500513,CUST100253,5268417,LOC,42098,999,2021-02-19,5514.59,BR_LON_005
ACC500514,CUST100253,9500841,CREDIT_CARD,42098,999,2021-07-28,45208.2,BR_LON_005
ACC500515,CUST100253,2909863,MORTGAGE,93810,999,2018-08-11,46658.85,BR_TOR_001
ACC500516,CUST100254,1488508,LOC,87397,999,2016-12-21,22222.51,BR_CAL_012
ACC500517,CUST100254,6669639,MORTGAGE,39256,999,2023-10-28,69261.78,BR_MON_006
ACC500518,CUST100255,1596568,MORTGAGE,65302,999,2017-05-07,16041.85,BR_EDM_013
ACC500519,CUST100255,8727886,LOC,13278,999,2023-01-22,78229.97,BR_OTT_003
ACC500520,CUST100256,7944979,MORTGAGE,23434,999,2023-10-20,3683.45,BR_LAV_008
ACC500521,CUST100256,6022154,CREDIT_CARD,98696,999,2025-11-20,107369.44,BR_VAN_009
ACC500522,CUST100257,9990666,CHEQUING,98696,999,2025-11-02,27280.68,BR_VAN_009
ACC500523,CUST100257,6565326,LOC,21395,999,2020-03-28,137008.9,BR_SUR_011
ACC500524,CUST100258,3504920,TFSA,24592,999,2020-03-13,125314.57,BR_MIS_002
ACC500525,CUST100258,7295495,MORTGAGE,39256,999,2023-04-08,77812.34,BR_MON_006
ACC500526,CUST100259,7535837,SAVINGS,81482,999,2026-03-03,87254.74,BR_VIC_010
ACC500527,CUST100260,6276424,MORTGAGE,87397,999,2019-12-12,-97.63,BR_CAL_012
ACC500528,CUST100260,2456225,RRSP,28289,999,2020-05-05,130942.55,BR_QUE_007
ACC500529,CUST100261,6077267,SAVINGS,23434,999,2024-05-21,76390.57,BR_LAV_008
ACC500530,CUST100261,2882928,TFSA,13278,999,2018-06-27,116666.32,BR_OTT_003
ACC500531,CUST100262,2553639,RRSP,13905,999,2023-06-26,73429.18,BR_HAL_015
ACC500532,CUST100263,9389519,SAVINGS,13905,999,2018-04-19,24482.81,BR_HAL_015
ACC500533,CUST100263,9111313,MORTGAGE,13905,999,2025-11-28,130451.26,BR_HAL_015
ACC500534,CUST100264,6491819,SAVINGS,65302,999,2018-06-26,114269.62,BR_EDM_013
ACC500535,CUST100264,9659503,MORTGAGE,24592,999,2025-08-14,148871.65,BR_MIS_002
ACC500536,CUST100265,1613249,RRSP,87397,999,2020-12-16,55076.17,BR_CAL_012
ACC500537,CUST100266,1068952,TFSA,24592,999,2022-01-30,139512.29,BR_MIS_002
ACC500538,CUST100266,2460891,TFSA,21395,999,2022-06-03,67365.76,BR_SUR_011
ACC500539,CUST100266,2729778,CREDIT_CARD,93810,999,2017-02-02,113757.93,BR_TOR_001
ACC500540,CUST100267,1377156,CREDIT_CARD,42098,999,2023-02-11,112566.54,BR_LON_005
ACC500541,CUST100267,4520626,TFSA,21395,999,2016-06-27,26086.1,BR_SUR_011
ACC500542,CUST100267,5641409,CREDIT_CARD,42098,999,2017-05-25,44468.22,BR_LON_005
ACC500543,CUST100268,2973853,TFSA,21395,999,2017-09-04,18144.71,BR_SUR_011
ACC500544,CUST100268,2920326,CHEQUING,42098,999,2022-06-21,143536.2,BR_LON_005
ACC500545,CUST100269,2717572,SAVINGS,98696,999,2019-06-18,79091.95,BR_VAN_009
ACC500546,CUST100269,6343290,TFSA,98696,999,2021-08-19,16941.31,BR_VAN_009
ACC500547,CUST100269,5752443,CREDIT_CARD,87397,999,2020-05-26,32947.89,BR_CAL_012
ACC500548,CUST100270,6683095,CREDIT_CARD,42098,999,2026-02-21,63765.38,BR_LON_005
ACC500549,CUST100271,8897632,MORTGAGE,93810,999,2016-08-31,2820.68,BR_TOR_001
ACC500550,CUST100272,2444846,RRSP,93810,999,2020-11-10,55747.1,BR_TOR_001
ACC500551,CUST100272,8479891,CREDIT_CARD,87397,999,2026-03-14,50121.77,BR_CAL_012
ACC500552,CUST100273,4324357,MORTGAGE,14165,999,2023-11-24,112552.39,BR_WIN_014
ACC500553,CUST100273,9950391,CHEQUING,65302,999,2020-07-27,145920.69,BR_EDM_013
ACC500554,CUST100274,3211157,CHEQUING,81482,999,2019-06-25,120991.91,BR_VIC_010
ACC500555,CUST100274,8856366,CHEQUING,13905,999,2023-12-29,65615.55,BR_HAL_015
ACC500556,CUST100275,8808058,RRSP,21395,999,2024-03-04,30912.6,BR_SUR_011
ACC500557,CUST100275,3411249,LOC,46048,999,2022-01-05,133833.63,BR_HAM_004
ACC500558,CUST100275,7097668,RRSP,42098,999,2022-02-23,23419.73,BR_LON_005
ACC500559,CUST100276,6448586,RRSP,39256,999,2023-05-07,70563.54,BR_MON_006
ACC500560,CUST100276,8974787,CHEQUING,24592,999,2023-01-31,49473.33,BR_MIS_002
ACC500561,CUST100276,3865574,TFSA,23434,999,2021-07-31,114030.93,BR_LAV_008
ACC500562,CUST100277,3137316,CREDIT_CARD,81482,999,2022-07-31,10954.49,BR_VIC_010
ACC500563,CUST100277,2794848,TFSA,14165,999,2022-09-27,81203.23,BR_WIN_014
ACC500564,CUST100277,6068701,CREDIT_CARD,24592,999,2019-03-26,66451.1,BR_MIS_002
ACC500565,CUST100278,5002629,CREDIT_CARD,28289,999,2021-04-13,32772.11,BR_QUE_007
ACC500566,CUST100278,9092903,RRSP,13278,999,2020-09-29,5239.29,BR_OTT_003
ACC500567,CUST100278,8233471,LOC,46048,999,2017-01-07,146931.81,BR_HAM_004
ACC500568,CUST100279,6741177,CREDIT_CARD,65302,999,2024-08-07,102590.64,BR_EDM_013
ACC500569,CUST100279,2306851,MORTGAGE,13278,999,2023-02-23,139283.81,BR_OTT_003
ACC500570,CUST100279,9164301,CHEQUING,81482,999,2022-06-07,86785.29,BR_VIC_010
ACC500571,CUST100280,2638360,LOC,39256,999,2021-05-24,64008.52,BR_MON_006
ACC500572,CUST100280,7808088,CHEQUING,42098,999,2025-08-16,87730.17,BR_LON_005
ACC500573,CUST100281,7357071,TFSA,14165,999,2019-05-13,71615.75,BR_WIN_014
ACC500574,CUST100281,2031500,CHEQUING,21395,999,2025-10-25,28729.82,BR_SUR_011
ACC500575,CUST100281,1003092,LOC,13278,999,2023-07-06,17742.43,BR_OTT_003
ACC500576,CUST100282,9912993,TFSA,23434,999,2023-01-21,55447.31,BR_LAV_008
ACC500577,CUST100283,4282741,SAVINGS,23434,999,2022-10-28,100635.1,BR_LAV_008
ACC500578,CUST100283,6028724,CREDIT_CARD,39256,999,2022-01-11,118123.73,BR_MON_006
ACC500579,CUST100283,6109503,RRSP,21395,999,2016-07-31,106257.64,BR_SUR_011
ACC500580,CUST100284,1136218,CREDIT_CARD,24592,999,2019-12-09,147895.36,BR_MIS_002
ACC500581,CUST100284,3140029,LOC,28289,999,2021-05-07,40598.62,BR_QUE_007
ACC500582,CUST100285,1891328,CHEQUING,13905,999,2018-11-28,104019.89,BR_HAL_015
ACC500583,CUST100285,7027124,CHEQUING,14165,999,2019-02-27,128493.42,BR_WIN_014
ACC500584,CUST100286,8242984,MORTGAGE,46048,999,2020-10-16,86475.4,BR_HAM_004
ACC500585,CUST100287,7422144,RRSP,39256,999,2022-03-09,54142.58,BR_MON_006
ACC500586,CUST100287,4543617,MORTGAGE,98696,999,2019-06-10,21878.57,BR_VAN_009
ACC500587,CUST100287,4157922,CREDIT_CARD,13278,999,2025-07-31,54612.23,BR_OTT_003
ACC500588,CUST100288,8000050,SAVINGS,14165,999,2024-05-14,39712.99,BR_WIN_014
ACC500589,CUST100288,3106365,SAVINGS,14165,999,2023-04-29,-3201.57,BR_WIN_014
ACC500590,CUST100289,3415850,MORTGAGE,93810,999,2026-02-15,132157.75,BR_TOR_001
ACC500591,CUST100289,8327199,SAVINGS,21395,999,2021-11-01,8122.83,BR_SUR_011
ACC500592,CUST100289,7976896,LOC,21395,999,2024-02-13,65684.44,BR_SUR_011
ACC500593,CUST100290,8142130,CREDIT_CARD,81482,999,2025-04-05,22868.59,BR_VIC_010
ACC500594,CUST100290,8115631,CREDIT_CARD,98696,999,2023-11-18,122111.07,BR_VAN_009
ACC500595,CUST100290,6961066,SAVINGS,28289,999,2024-04-20,23797.61,BR_QUE_007
ACC500596,CUST100291,9357686,LOC,93810,999,2025-11-20,108291.57,BR_TOR_001
ACC500597,CUST100291,9417612,TFSA,87397,999,2019-09-11,58679.86,BR_CAL_012
ACC500598,CUST100291,7156735,CHEQUING,98696,999,2021-06-13,146626.18,BR_VAN_009
ACC500599,CUST100292,7183722,CHEQUING,23434,999,2022-03-01,84941.66,BR_LAV_008
ACC500600,CUST100292,2343236,SAVINGS,87397,999,2023-01-11,108178.75,BR_CAL_012
ACC500601,CUST100292,5687895,RRSP,98696,999,2020-04-29,75127.18,BR_VAN_009
ACC500602,CUST100293,2483883,SAVINGS,13905,999,2019-11-20,68229.99,BR_HAL_015
ACC500603,CUST100293,2309997,MORTGAGE,87397,999,2026-04-24,93221.59,BR_CAL_012
ACC500604,CUST100293,6242875,CREDIT_CARD,65302,999,2021-12-20,3180.01,BR_EDM_013
ACC500605,CUST100294,1180915,RRSP,98696,999,2020-11-11,65375.39,BR_VAN_009
ACC500606,CUST100294,8872413,CREDIT_CARD,13905,999,2024-06-05,108741.25,BR_HAL_015
ACC500607,CUST100295,5942868,TFSA,39256,999,2019-06-20,20963.77,BR_MON_006
ACC500608,CUST100295,6101462,MORTGAGE,87397,999,2020-12-06,116678.34,BR_CAL_012
ACC500609,CUST100296,8938316,CREDIT_CARD,93810,999,2017-05-05,21207.28,BR_TOR_001
ACC500610,CUST100296,5894806,LOC,93810,999,2021-09-22,109293.91,BR_TOR_001
ACC500611,CUST100297,9132926,CHEQUING,42098,999,2023-12-23,14657.31,BR_LON_005
ACC500612,CUST100298,5661529,TFSA,14165,999,2021-06-18,15543.51,BR_WIN_014
ACC500613,CUST100299,5311001,CHEQUING,42098,999,2026-03-16,109921.52,BR_LON_005
ACC500614,CUST100299,3929534,CREDIT_CARD,81482,999,2019-03-04,109539.92,BR_VIC_010
ACC500615,CUST100300,7203657,LOC,23434,999,2024-08-04,22186.9,BR_LAV_008
ACC500616,CUST100300,4962709,RRSP,65302,999,2019-12-26,23025.42,BR_EDM_013
ACC500617,CUST100300,1555166,TFSA,98696,999,2022-07-02,147531.11,BR_VAN_009
ACC500618,CUST100301,3586212,LOC,81482,999,2020-06-21,71871.98,BR_VIC_010
ACC500619,CUST100302,7428475,SAVINGS,65302,999,2019-08-17,97403.43,BR_EDM_013
ACC500620,CUST100302,3806547,SAVINGS,87397,999,2018-07-31,84552.4,BR_CAL_012
ACC500621,CUST100303,5435820,LOC,93810,999,2016-11-04,122027.31,BR_TOR_001
ACC500622,CUST100303,3811868,RRSP,93810,999,2018-01-06,56805.44,BR_TOR_001
ACC500623,CUST100304,9934217,SAVINGS,23434,999,2019-09-03,53869.12,BR_LAV_008
ACC500624,CUST100304,7544296,RRSP,87397,999,2017-12-08,35706.9,BR_CAL_012
ACC500625,CUST100305,8293631,CHEQUING,14165,999,2016-11-20,39762.79,BR_WIN_014
ACC500626,CUST100305,8529960,RRSP,65302,999,2025-01-16,100166.48,BR_EDM_013
ACC500627,CUST100305,1688161,CHEQUING,98696,999,2022-11-20,137245.38,BR_VAN_009
ACC500628,CUST100306,8244164,CREDIT_CARD,39256,999,2024-09-22,137296.51,BR_MON_006
ACC500629,CUST100306,5573311,TFSA,14165,999,2020-05-03,36900.55,BR_WIN_014
ACC500630,CUST100306,2648810,TFSA,65302,999,2020-05-15,96423.21,BR_EDM_013
ACC500631,CUST100307,5056679,MORTGAGE,23434,999,2022-07-09,99142.93,BR_LAV_008
ACC500632,CUST100307,4270310,CREDIT_CARD,65302,999,2022-11-02,47298.02,BR_EDM_013
ACC500633,CUST100308,6255795,CREDIT_CARD,13278,999,2019-02-02,-3360.41,BR_OTT_003
ACC500634,CUST100308,2140044,CHEQUING,93810,999,2018-08-30,58743.56,BR_TOR_001
ACC500635,CUST100308,2743274,MORTGAGE,98696,999,2024-03-08,64121.04,BR_VAN_009
ACC500636,CUST100309,5752935,TFSA,87397,999,2018-10-05,24927.33,BR_CAL_012
ACC500637,CUST100310,2542518,CHEQUING,81482,999,2018-12-13,140468.35,BR_VIC_010
ACC500638,CUST100311,4637715,CREDIT_CARD,13905,999,2020-06-30,93902.85,BR_HAL_015
ACC500639,CUST100311,3012881,CHEQUING,87397,999,2019-09-27,127748.33,BR_CAL_012
ACC500640,CUST100311,7307535,MORTGAGE,13278,999,2026-05-29,113397.95,BR_OTT_003
ACC500641,CUST100312,4099902,CHEQUING,81482,999,2018-04-21,102826.31,BR_VIC_010
ACC500642,CUST100312,5942041,RRSP,42098,999,2017-06-17,97374.07,BR_LON_005
ACC500643,CUST100312,8607523,TFSA,24592,999,2019-12-30,114250.67,BR_MIS_002
ACC500644,CUST100313,6425820,TFSA,13905,999,2016-10-04,20104.73,BR_HAL_015
ACC500645,CUST100313,5652111,LOC,24592,999,2018-10-15,4670.04,BR_MIS_002
ACC500646,CUST100313,6581020,CHEQUING,28289,999,2020-12-15,35026.98,BR_QUE_007
ACC500647,CUST100314,8391619,CHEQUING,13278,999,2016-06-27,71216.88,BR_OTT_003
ACC500648,CUST100314,4366669,CREDIT_CARD,13905,999,2021-11-24,55858.34,BR_HAL_015
ACC500649,CUST100315,2819161,SAVINGS,23434,999,2018-07-14,78797.98,BR_LAV_008
ACC500650,CUST100315,4663917,CREDIT_CARD,28289,999,2025-02-12,94717.42,BR_QUE_007
ACC500651,CUST100315,8408511,MORTGAGE,13905,999,2020-08-19,35144.42,BR_HAL_015
ACC500652,CUST100316,2181322,CREDIT_CARD,24592,999,2019-05-07,107769.5,BR_MIS_002
ACC500653,CUST100317,9350043,SAVINGS,93810,999,2020-09-16,96194.13,BR_TOR_001
ACC500654,CUST100317,1634776,MORTGAGE,93810,999,2025-06-26,55524.99,BR_TOR_001
ACC500655,CUST100318,6533643,RRSP,87397,999,2022-04-24,84069.24,BR_CAL_012
ACC500656,CUST100319,9232235,RRSP,87397,999,2017-01-09,62588.94,BR_CAL_012
ACC500657,CUST100319,2176077,CREDIT_CARD,14165,999,2021-03-17,30006.26,BR_WIN_014
ACC500658,CUST100319,9087731,CHEQUING,28289,999,2019-01-13,82922.8,BR_QUE_007
ACC500659,CUST100320,6080612,RRSP,39256,999,2019-03-14,3555.17,BR_MON_006
ACC500660,CUST100320,2521139,TFSA,21395,999,2020-09-27,77867.08,BR_SUR_011
ACC500661,CUST100321,8711468,LOC,24592,999,2025-07-30,113808.75,BR_MIS_002
ACC500662,CUST100321,4407796,SAVINGS,21395,999,2017-08-30,80943.7,BR_SUR_011
ACC500663,CUST100322,4204501,TFSA,21395,999,2023-11-09,102861.75,BR_SUR_011
ACC500664,CUST100322,2791270,MORTGAGE,13905,999,2017-04-04,101770.6,BR_HAL_015
ACC500665,CUST100323,8348147,MORTGAGE,24592,999,2017-04-01,24367.0,BR_MIS_002
ACC500666,CUST100323,4239558,CHEQUING,93810,999,2018-03-19,106559.55,BR_TOR_001
ACC500667,CUST100324,9207960,RRSP,46048,999,2024-07-25,4763.86,BR_HAM_004
ACC500668,CUST100324,6162867,RRSP,98696,999,2016-11-17,77760.71,BR_VAN_009
ACC500669,CUST100324,8538125,CHEQUING,14165,999,2023-12-26,741.62,BR_WIN_014
ACC500670,CUST100325,1718308,RRSP,39256,999,2023-09-16,13319.0,BR_MON_006
ACC500671,CUST100326,9776491,RRSP,21395,999,2024-08-07,140713.92,BR_SUR_011
ACC500672,CUST100326,3499027,MORTGAGE,14165,999,2020-06-27,84798.59,BR_WIN_014
ACC500673,CUST100326,2208521,CHEQUING,13905,999,2019-07-27,108996.26,BR_HAL_015
ACC500674,CUST100327,1319824,RRSP,21395,999,2019-12-13,135612.73,BR_SUR_011
ACC500675,CUST100327,1768424,SAVINGS,81482,999,2024-04-28,103701.01,BR_VIC_010
ACC500676,CUST100328,3889858,MORTGAGE,93810,999,2023-07-17,2743.49,BR_TOR_001
ACC500677,CUST100329,2632292,RRSP,14165,999,2023-07-20,89740.01,BR_WIN_014
ACC500678,CUST100329,2073030,LOC,14165,999,2023-06-17,121707.91,BR_WIN_014
ACC500679,CUST100330,4700592,CHEQUING,23434,999,2022-10-28,119690.3,BR_LAV_008
ACC500680,CUST100331,7744585,TFSA,39256,999,2025-06-20,13724.38,BR_MON_006
ACC500681,CUST100331,3304005,TFSA,21395,999,2016-11-18,124646.2,BR_SUR_011
ACC500682,CUST100332,1764815,CREDIT_CARD,65302,999,2024-04-25,21884.39,BR_EDM_013
ACC500683,CUST100333,5595168,SAVINGS,24592,999,2019-06-19,112420.26,BR_MIS_002
ACC500684,CUST100334,7206350,CREDIT_CARD,87397,999,2019-07-30,20575.95,BR_CAL_012
ACC500685,CUST100335,1682814,SAVINGS,13905,999,2022-06-17,10495.02,BR_HAL_015
ACC500686,CUST100336,7310431,LOC,81482,999,2018-08-02,19451.82,BR_VIC_010
ACC500687,CUST100336,9169958,CHEQUING,13905,999,2020-03-01,-4015.82,BR_HAL_015
ACC500688,CUST100336,2495541,MORTGAGE,13278,999,2024-11-21,96022.15,BR_OTT_003
ACC500689,CUST100337,8986164,MORTGAGE,28289,999,2020-08-06,14668.32,BR_QUE_007
ACC500690,CUST100337,5545782,CREDIT_CARD,13278,999,2023-08-04,64814.97,BR_OTT_003
ACC500691,CUST100338,1631179,CREDIT_CARD,13278,999,2020-06-13,22900.07,BR_OTT_003
ACC500692,CUST100339,2476750,MORTGAGE,81482,999,2017-06-10,123104.96,BR_VIC_010
ACC500693,CUST100339,6836014,RRSP,42098,999,2018-09-03,-4291.64,BR_LON_005
ACC500694,CUST100340,2971454,CREDIT_CARD,46048,999,2019-07-30,146402.68,BR_HAM_004
ACC500695,CUST100341,9515120,SAVINGS,39256,999,2023-12-06,66953.48,BR_MON_006
ACC500696,CUST100341,4491484,TFSA,21395,999,2024-02-07,3225.7,BR_SUR_011
ACC500697,CUST100341,3503452,MORTGAGE,24592,999,2016-09-11,125786.16,BR_MIS_002
ACC500698,CUST100342,3958222,SAVINGS,23434,999,2022-04-20,98872.11,BR_LAV_008
ACC500699,CUST100342,1906432,MORTGAGE,93810,999,2024-04-17,51449.93,BR_TOR_001
ACC500700,CUST100343,5217486,TFSA,28289,999,2021-04-04,90607.0,BR_QUE_007
ACC500701,CUST100344,2751895,MORTGAGE,93810,999,2024-05-03,3130.77,BR_TOR_001
ACC500702,CUST100344,3950904,SAVINGS,98696,999,2016-07-21,116751.26,BR_VAN_009
ACC500703,CUST100345,2947249,CHEQUING,98696,999,2026-05-10,133737.27,BR_VAN_009
ACC500704,CUST100345,8462856,CREDIT_CARD,87397,999,2025-04-13,84863.08,BR_CAL_012
ACC500705,CUST100346,6464086,SAVINGS,46048,999,2017-02-14,115741.17,BR_HAM_004
ACC500706,CUST100346,4821548,CHEQUING,39256,999,2024-12-29,31753.35,BR_MON_006
ACC500707,CUST100347,4354702,RRSP,14165,999,2024-07-18,133161.6,BR_WIN_014
ACC500708,CUST100347,8901905,CREDIT_CARD,24592,999,2024-12-31,70083.2,BR_MIS_002
ACC500709,CUST100348,4626649,CREDIT_CARD,13278,999,2017-05-20,65523.59,BR_OTT_003
ACC500710,CUST100348,7266039,SAVINGS,28289,999,2021-11-09,65949.73,BR_QUE_007
ACC500711,CUST100349,7016144,TFSA,21395,999,2025-07-20,26342.69,BR_SUR_011
ACC500712,CUST100350,2000789,TFSA,93810,999,2022-01-10,16157.73,BR_TOR_001
ACC500713,CUST100351,8016631,SAVINGS,23434,999,2020-04-14,112852.64,BR_LAV_008
ACC500714,CUST100351,5951988,CREDIT_CARD,46048,999,2025-08-01,19302.16,BR_HAM_004
ACC500715,CUST100352,3851044,CREDIT_CARD,81482,999,2024-07-10,145371.06,BR_VIC_010
ACC500716,CUST100352,4853765,CHEQUING,14165,999,2022-06-01,58812.9,BR_WIN_014
ACC500717,CUST100352,9207638,LOC,98696,999,2022-07-07,149327.97,BR_VAN_009
ACC500718,CUST100353,8763873,TFSA,23434,999,2024-02-23,-2751.9,BR_LAV_008
ACC500719,CUST100353,5138170,SAVINGS,28289,999,2017-08-06,45730.87,BR_QUE_007
ACC500720,CUST100353,4731363,CREDIT_CARD,81482,999,2025-07-28,141669.11,BR_VIC_010
ACC500721,CUST100354,1085187,RRSP,13905,999,2022-09-10,146928.53,BR_HAL_015
ACC500722,CUST100354,8896240,MORTGAGE,93810,999,2023-09-05,114133.99,BR_TOR_001
ACC500723,CUST100354,8142021,CREDIT_CARD,93810,999,2016-10-19,56119.62,BR_TOR_001
ACC500724,CUST100355,2644153,RRSP,14165,999,2020-01-01,71769.18,BR_WIN_014
ACC500725,CUST100355,1208423,MORTGAGE,24592,999,2017-08-24,108426.87,BR_MIS_002
ACC500726,CUST100355,3226537,TFSA,46048,999,2017-05-21,40847.52,BR_HAM_004
ACC500727,CUST100356,1267263,RRSP,24592,999,2024-07-26,98700.52,BR_MIS_002
ACC500728,CUST100356,8705487,LOC,13278,999,2024-07-17,83409.02,BR_OTT_003
ACC500729,CUST100356,1409590,RRSP,81482,999,2018-08-31,66882.9,BR_VIC_010
ACC500730,CUST100357,7800818,SAVINGS,14165,999,2025-09-22,117428.1,BR_WIN_014
ACC500731,CUST100358,8789590,MORTGAGE,21395,999,2020-07-22,93177.36,BR_SUR_011
ACC500732,CUST100358,2186125,RRSP,14165,999,2020-10-26,133482.34,BR_WIN_014
ACC500733,CUST100359,1548852,TFSA,98696,999,2021-06-15,61014.85,BR_VAN_009
ACC500734,CUST100359,4475340,LOC,42098,999,2024-05-21,101123.1,BR_LON_005
ACC500735,CUST100360,6632022,MORTGAGE,13905,999,2021-05-12,139497.71,BR_HAL_015
ACC500736,CUST100360,7106747,CHEQUING,98696,999,2021-04-08,12199.81,BR_VAN_009
ACC500737,CUST100360,8807325,CREDIT_CARD,39256,999,2021-10-19,1335.52,BR_MON_006
ACC500738,CUST100361,2124172,CREDIT_CARD,13278,999,2022-11-10,104947.26,BR_OTT_003
ACC500739,CUST100361,3322064,TFSA,46048,999,2022-07-17,31988.07,BR_HAM_004
ACC500740,CUST100362,9027788,MORTGAGE,21395,999,2017-11-30,140567.93,BR_SUR_011
ACC500741,CUST100363,4519758,LOC,14165,999,2024-12-11,110477.59,BR_WIN_014
ACC500742,CUST100363,6376490,TFSA,46048,999,2023-07-06,134179.62,BR_HAM_004
ACC500743,CUST100363,8095573,TFSA,98696,999,2023-12-14,3441.3,BR_VAN_009
ACC500744,CUST100364,8590191,RRSP,39256,999,2025-12-01,72724.76,BR_MON_006
ACC500745,CUST100364,3058722,RRSP,14165,999,2024-12-07,105022.92,BR_WIN_014
ACC500746,CUST100365,9939831,TFSA,14165,999,2025-07-05,65056.65,BR_WIN_014
ACC500747,CUST100365,2101048,SAVINGS,39256,999,2025-12-24,133245.0,BR_MON_006
ACC500748,CUST100365,2464797,CHEQUING,23434,999,2024-11-29,55555.79,BR_LAV_008
ACC500749,CUST100366,2290961,CHEQUING,42098,999,2026-05-01,20538.76,BR_LON_005
ACC500750,CUST100367,3482256,RRSP,87397,999,2016-08-11,18327.2,BR_CAL_012
ACC500751,CUST100368,1380679,TFSA,98696,999,2025-08-15,59563.18,BR_VAN_009
ACC500752,CUST100369,3215051,RRSP,98696,999,2023-06-17,48738.54,BR_VAN_009
ACC500753,CUST100369,1360413,TFSA,23434,999,2022-06-10,24304.4,BR_LAV_008
ACC500754,CUST100369,4897818,LOC,93810,999,2017-04-10,141854.55,BR_TOR_001
ACC500755,CUST100370,7907041,CREDIT_CARD,39256,999,2026-01-25,48132.83,BR_MON_006
ACC500756,CUST100370,6474513,RRSP,21395,999,2018-08-21,86970.37,BR_SUR_011
ACC500757,CUST100370,9894713,LOC,87397,999,2024-07-26,80012.65,BR_CAL_012
ACC500758,CUST100371,3213824,LOC,42098,999,2017-03-07,42506.73,BR_LON_005
ACC500759,CUST100371,5362201,SAVINGS,65302,999,2018-05-21,70057.68,BR_EDM_013
ACC500760,CUST100372,1793880,SAVINGS,65302,999,2022-03-15,49733.74,BR_EDM_013
ACC500761,CUST100372,3791109,CREDIT_CARD,23434,999,2018-01-26,138240.4,BR_LAV_008
ACC500762,CUST100373,5785643,SAVINGS,98696,999,2017-10-14,145846.94,BR_VAN_009
ACC500763,CUST100373,3575047,SAVINGS,14165,999,2022-01-23,31875.33,BR_WIN_014
ACC500764,CUST100373,6312100,CREDIT_CARD,93810,999,2025-11-10,14603.39,BR_TOR_001
ACC500765,CUST100374,4095339,SAVINGS,39256,999,2024-02-26,82185.52,BR_MON_006
ACC500766,CUST100374,6317433,TFSA,93810,999,2019-02-02,17931.35,BR_TOR_001
ACC500767,CUST100375,3727935,CREDIT_CARD,98696,999,2023-02-04,41741.76,BR_VAN_009
ACC500768,CUST100375,1418175,RRSP,13905,999,2025-11-16,139315.68,BR_HAL_015
ACC500769,CUST100376,6372365,SAVINGS,23434,999,2024-09-15,-4334.38,BR_LAV_008
ACC500770,CUST100377,9512910,TFSA,98696,999,2021-03-21,95322.81,BR_VAN_009
ACC500771,CUST100377,8950901,TFSA,42098,999,2023-03-15,145288.86,BR_LON_005
ACC500772,CUST100377,3467651,LOC,65302,999,2025-10-17,82610.88,BR_EDM_013
ACC500773,CUST100378,2884343,MORTGAGE,39256,999,2021-02-24,69242.09,BR_MON_006
ACC500774,CUST100378,3339134,MORTGAGE,93810,999,2020-01-26,80398.8,BR_TOR_001
ACC500775,CUST100379,7738231,CREDIT_CARD,93810,999,2021-12-29,125335.92,BR_TOR_001
ACC500776,CUST100379,6996068,CHEQUING,23434,999,2020-04-16,45586.8,BR_LAV_008
ACC500777,CUST100380,4274069,CREDIT_CARD,21395,999,2023-08-08,76597.25,BR_SUR_011
ACC500778,CUST100380,5662844,SAVINGS,65302,999,2018-12-27,-1504.96,BR_EDM_013
ACC500779,CUST100380,8473546,MORTGAGE,98696,999,2016-07-04,99091.46,BR_VAN_009
ACC500780,CUST100381,7617330,SAVINGS,98696,999,2020-06-07,71022.13,BR_VAN_009
ACC500781,CUST100382,9582482,CHEQUING,81482,999,2017-02-13,135809.28,BR_VIC_010
ACC500782,CUST100382,7669916,SAVINGS,39256,999,2025-08-14,105974.38,BR_MON_006
ACC500783,CUST100382,7201361,RRSP,28289,999,2025-11-29,52788.83,BR_QUE_007
ACC500784,CUST100383,6894759,TFSA,39256,999,2018-04-02,146516.16,BR_MON_006
ACC500785,CUST100383,2469661,SAVINGS,14165,999,2020-08-01,107817.27,BR_WIN_014
ACC500786,CUST100384,7972774,LOC,87397,999,2026-03-15,63588.18,BR_CAL_012
ACC500787,CUST100384,8110724,MORTGAGE,13278,999,2017-10-01,133946.47,BR_OTT_003
ACC500788,CUST100385,2444148,SAVINGS,14165,999,2016-10-06,27206.49,BR_WIN_014
ACC500789,CUST100386,9813089,TFSA,14165,999,2018-09-25,5247.95,BR_WIN_014
ACC500790,CUST100386,7304414,CHEQUING,81482,999,2017-01-12,-3974.08,BR_VIC_010
ACC500791,CUST100387,5585697,RRSP,13905,999,2020-04-27,22108.42,BR_HAL_015
ACC500792,CUST100387,3297254,SAVINGS,23434,999,2026-05-28,23830.99,BR_LAV_008
ACC500793,CUST100387,5856386,CREDIT_CARD,28289,999,2020-02-22,71040.77,BR_QUE_007
ACC500794,CUST100388,6098837,RRSP,14165,999,2017-03-04,81688.56,BR_WIN_014
ACC500795,CUST100388,4766824,CHEQUING,23434,999,2019-08-14,117639.03,BR_LAV_008
ACC500796,CUST100389,6036006,MORTGAGE,42098,999,2023-03-06,124307.68,BR_LON_005
ACC500797,CUST100390,5826621,RRSP,24592,999,2018-02-12,22802.71,BR_MIS_002
ACC500798,CUST100390,5106228,CHEQUING,13905,999,2017-08-13,13499.97,BR_HAL_015
ACC500799,CUST100391,2119456,CREDIT_CARD,23434,999,2020-10-02,110562.66,BR_LAV_008
ACC500800,CUST100391,9061215,CREDIT_CARD,81482,999,2024-10-02,62590.62,BR_VIC_010
ACC500801,CUST100392,8986637,MORTGAGE,21395,999,2017-01-26,121833.52,BR_SUR_011
ACC500802,CUST100392,9598757,MORTGAGE,39256,999,2017-04-04,84165.87,BR_MON_006
ACC500803,CUST100393,1981641,SAVINGS,13278,999,2017-08-26,44550.57,BR_OTT_003
ACC500804,CUST100393,3273269,TFSA,13905,999,2023-09-27,20312.87,BR_HAL_015
ACC500805,CUST100394,8038277,MORTGAGE,39256,999,2025-01-27,136376.22,BR_MON_006
ACC500806,CUST100394,1817300,TFSA,39256,999,2023-07-18,40207.94,BR_MON_006
ACC500807,CUST100395,2288937,CREDIT_CARD,13905,999,2024-03-28,25041.3,BR_HAL_015
ACC500808,CUST100395,4074382,LOC,21395,999,2025-03-09,9648.84,BR_SUR_011
ACC500809,CUST100395,3804075,CREDIT_CARD,65302,999,2022-08-02,45004.06,BR_EDM_013
ACC500810,CUST100396,6051155,TFSA,14165,999,2022-07-11,101243.78,BR_WIN_014
ACC500811,CUST100396,7082121,CHEQUING,87397,999,2018-08-27,77835.15,BR_CAL_012
ACC500812,CUST100397,3411179,CHEQUING,14165,999,2017-01-11,16227.16,BR_WIN_014
ACC500813,CUST100397,7258139,LOC,42098,999,2019-09-07,70159.35,BR_LON_005
ACC500814,CUST100398,3735175,CHEQUING,13905,999,2022-04-11,28770.81,BR_HAL_015
ACC500815,CUST100398,4709668,LOC,98696,999,2023-11-23,24204.6,BR_VAN_009
ACC500816,CUST100399,9818990,LOC,81482,999,2024-02-17,77474.83,BR_VIC_010
ACC500817,CUST100399,2912044,RRSP,98696,999,2022-03-31,66376.16,BR_VAN_009
ACC500818,CUST100399,2955647,LOC,24592,999,2025-08-04,15340.98,BR_MIS_002
ACC500819,CUST100400,6841992,TFSA,23434,999,2017-01-12,102112.86,BR_LAV_008
ACC500820,CUST100401,8414487,CREDIT_CARD,14165,999,2024-04-26,76083.77,BR_WIN_014
ACC500821,CUST100402,6111753,CHEQUING,13278,999,2018-08-25,110391.33,BR_OTT_003
ACC500822,CUST100402,4730545,SAVINGS,24592,999,2024-05-06,127806.36,BR_MIS_002
ACC500823,CUST100403,4801288,TFSA,87397,999,2024-08-06,14428.35,BR_CAL_012
ACC500824,CUST100404,8127046,MORTGAGE,24592,999,2019-11-06,113268.67,BR_MIS_002
ACC500825,CUST100405,1315519,LOC,24592,999,2020-09-28,70059.51,BR_MIS_002
ACC500826,CUST100406,4294223,CHEQUING,93810,999,2023-01-08,82.87,BR_TOR_001
ACC500827,CUST100406,9614751,CREDIT_CARD,21395,999,2021-06-27,4186.11,BR_SUR_011
ACC500828,CUST100407,5244844,CHEQUING,13905,999,2022-06-29,5268.34,BR_HAL_015
ACC500829,CUST100408,2619061,LOC,93810,999,2024-11-25,14188.0,BR_TOR_001
ACC500830,CUST100408,4446060,CREDIT_CARD,81482,999,2017-06-29,134682.1,BR_VIC_010
ACC500831,CUST100408,6897756,CHEQUING,13278,999,2016-08-21,9070.79,BR_OTT_003
ACC500832,CUST100409,6835728,TFSA,42098,999,2022-04-07,19886.39,BR_LON_005
ACC500833,CUST100409,5057108,CREDIT_CARD,98696,999,2020-04-22,83386.48,BR_VAN_009
ACC500834,CUST100409,1234617,CREDIT_CARD,24592,999,2017-07-07,28634.7,BR_MIS_002
ACC500835,CUST100410,3881880,LOC,42098,999,2024-01-25,78254.61,BR_LON_005
ACC500836,CUST100411,4590582,CREDIT_CARD,24592,999,2025-01-15,126951.01,BR_MIS_002
ACC500837,CUST100411,7148229,MORTGAGE,23434,999,2016-12-02,86353.99,BR_LAV_008
ACC500838,CUST100411,2800606,SAVINGS,23434,999,2019-04-27,124385.03,BR_LAV_008
ACC500839,CUST100412,4594921,CREDIT_CARD,28289,999,2016-09-29,30270.9,BR_QUE_007
ACC500840,CUST100412,6272748,CHEQUING,24592,999,2018-01-26,67214.76,BR_MIS_002
ACC500841,CUST100413,9318412,LOC,13278,999,2017-02-01,50993.82,BR_OTT_003
ACC500842,CUST100413,1681298,CHEQUING,42098,999,2023-12-26,45857.89,BR_LON_005
ACC500843,CUST100413,7455555,TFSA,24592,999,2024-11-11,65826.59,BR_MIS_002
ACC500844,CUST100414,8448343,SAVINGS,42098,999,2024-05-13,80856.96,BR_LON_005
ACC500845,CUST100414,8180005,SAVINGS,42098,999,2016-06-30,127799.93,BR_LON_005
ACC500846,CUST100414,8980532,MORTGAGE,13905,999,2017-08-30,51953.42,BR_HAL_015
ACC500847,CUST100415,9248490,MORTGAGE,21395,999,2024-04-19,11301.64,BR_SUR_011
ACC500848,CUST100416,2426162,CHEQUING,98696,999,2024-03-13,17221.97,BR_VAN_009
ACC500849,CUST100416,2706614,MORTGAGE,28289,999,2025-11-08,138420.0,BR_QUE_007
ACC500850,CUST100417,7102041,SAVINGS,24592,999,2025-05-04,47487.91,BR_MIS_002
ACC500851,CUST100418,7782844,CHEQUING,14165,999,2024-02-15,31094.79,BR_WIN_014
ACC500852,CUST100418,9373678,TFSA,28289,999,2018-12-20,113546.64,BR_QUE_007
ACC500853,CUST100418,5579723,LOC,65302,999,2023-11-29,117371.37,BR_EDM_013
ACC500854,CUST100419,6974321,RRSP,28289,999,2024-07-05,98334.94,BR_QUE_007
ACC500855,CUST100419,9129112,CREDIT_CARD,28289,999,2024-11-01,38228.05,BR_QUE_007
ACC500856,CUST100419,8627505,CHEQUING,65302,999,2025-03-15,13939.46,BR_EDM_013
ACC500857,CUST100420,4872547,MORTGAGE,23434,999,2023-06-15,141072.47,BR_LAV_008
ACC500858,CUST100420,2671067,MORTGAGE,93810,999,2023-05-11,3192.13,BR_TOR_001
ACC500859,CUST100421,1448771,SAVINGS,23434,999,2021-06-07,54308.11,BR_LAV_008
ACC500860,CUST100422,3562495,TFSA,39256,999,2017-06-17,91404.85,BR_MON_006
ACC500861,CUST100422,2283746,MORTGAGE,24592,999,2016-10-26,111499.51,BR_MIS_002
ACC500862,CUST100422,9257536,LOC,65302,999,2024-03-07,67233.38,BR_EDM_013
ACC500863,CUST100423,9353359,RRSP,21395,999,2024-11-05,73243.19,BR_SUR_011
ACC500864,CUST100423,6764913,LOC,98696,999,2019-03-03,128249.21,BR_VAN_009
ACC500865,CUST100424,1530135,RRSP,93810,999,2022-01-29,131419.48,BR_TOR_001
ACC500866,CUST100424,7436241,RRSP,24592,999,2019-01-27,43756.68,BR_MIS_002
ACC500867,CUST100424,8424860,RRSP,28289,999,2022-02-05,577.07,BR_QUE_007
ACC500868,CUST100425,6084244,MORTGAGE,98696,999,2019-12-18,20442.36,BR_VAN_009
ACC500869,CUST100426,6242203,MORTGAGE,13278,999,2024-08-22,55307.48,BR_OTT_003
ACC500870,CUST100426,2835125,CREDIT_CARD,65302,999,2016-07-21,99628.81,BR_EDM_013
ACC500871,CUST100427,8882244,RRSP,98696,999,2023-03-29,82149.59,BR_VAN_009
ACC500872,CUST100427,9500764,CHEQUING,13278,999,2024-12-07,55664.65,BR_OTT_003
ACC500873,CUST100427,7338393,CREDIT_CARD,23434,999,2019-10-06,99855.61,BR_LAV_008
ACC500874,CUST100428,2030523,CHEQUING,39256,999,2025-07-11,86521.83,BR_MON_006
ACC500875,CUST100428,7147341,TFSA,13278,999,2021-06-14,120480.78,BR_OTT_003
ACC500876,CUST100429,6725334,RRSP,93810,999,2020-07-30,10089.26,BR_TOR_001
ACC500877,CUST100429,6995607,RRSP,39256,999,2017-10-03,49446.74,BR_MON_006
ACC500878,CUST100429,5097480,SAVINGS,21395,999,2025-11-19,31366.42,BR_SUR_011
ACC500879,CUST100430,2425085,MORTGAGE,81482,999,2019-01-23,5152.54,BR_VIC_010
ACC500880,CUST100430,2920509,TFSA,42098,999,2020-06-03,21315.78,BR_LON_005
ACC500881,CUST100431,1627092,RRSP,39256,999,2022-05-19,96954.01,BR_MON_006
ACC500882,CUST100431,9636236,RRSP,28289,999,2018-08-23,36325.93,BR_QUE_007
ACC500883,CUST100431,8880256,CREDIT_CARD,87397,999,2022-08-15,-1553.35,BR_CAL_012
ACC500884,CUST100432,7548160,TFSA,28289,999,2021-11-25,83743.49,BR_QUE_007
ACC500885,CUST100432,9193298,CHEQUING,65302,999,2024-10-08,102083.91,BR_EDM_013
ACC500886,CUST100433,9333769,CREDIT_CARD,39256,999,2022-02-25,120775.86,BR_MON_006
ACC500887,CUST100434,3795540,CREDIT_CARD,39256,999,2016-11-04,41425.74,BR_MON_006
ACC500888,CUST100434,4384948,RRSP,28289,999,2019-01-07,93493.85,BR_QUE_007
ACC500889,CUST100434,2263679,LOC,65302,999,2022-07-10,126801.82,BR_EDM_013
ACC500890,CUST100435,5448564,CHEQUING,42098,999,2019-03-07,41084.64,BR_LON_005
ACC500891,CUST100436,4789737,CREDIT_CARD,28289,999,2019-06-28,110147.64,BR_QUE_007
ACC500892,CUST100436,2589366,CREDIT_CARD,24592,999,2023-02-02,47209.9,BR_MIS_002
ACC500893,CUST100436,9909769,RRSP,24592,999,2023-01-07,61201.41,BR_MIS_002
ACC500894,CUST100437,2286168,MORTGAGE,65302,999,2019-05-05,122679.54,BR_EDM_013
ACC500895,CUST100437,6031638,RRSP,98696,999,2020-01-11,97835.79,BR_VAN_009
ACC500896,CUST100438,7951039,RRSP,46048,999,2025-09-26,33946.04,BR_HAM_004
ACC500897,CUST100438,8603914,MORTGAGE,98696,999,2026-05-29,113333.54,BR_VAN_009
ACC500898,CUST100439,1312111,MORTGAGE,13905,999,2020-11-13,104016.41,BR_HAL_015
ACC500899,CUST100440,9375247,SAVINGS,81482,999,2020-09-30,97424.96,BR_VIC_010
ACC500900,CUST100441,5495219,MORTGAGE,23434,999,2019-08-08,77571.5,BR_LAV_008
ACC500901,CUST100441,8276689,CREDIT_CARD,81482,999,2018-05-06,107625.34,BR_VIC_010
ACC500902,CUST100441,9762229,SAVINGS,93810,999,2024-01-19,51462.57,BR_TOR_001
ACC500903,CUST100442,3524512,MORTGAGE,46048,999,2021-10-10,101222.53,BR_HAM_004
ACC500904,CUST100443,8304611,RRSP,14165,999,2020-12-23,44391.24,BR_WIN_014
ACC500905,CUST100443,2080914,MORTGAGE,14165,999,2023-12-19,26551.5,BR_WIN_014
ACC500906,CUST100444,5815809,MORTGAGE,42098,999,2022-06-27,19890.57,BR_LON_005
ACC500907,CUST100444,4961601,RRSP,21395,999,2025-03-21,31964.93,BR_SUR_011
ACC500908,CUST100445,1464798,SAVINGS,46048,999,2024-07-02,118541.94,BR_HAM_004
ACC500909,CUST100446,9143364,CREDIT_CARD,23434,999,2018-05-23,148650.43,BR_LAV_008
ACC500910,CUST100446,1620819,SAVINGS,28289,999,2017-05-24,19700.57,BR_QUE_007
ACC500911,CUST100447,5335179,LOC,93810,999,2025-10-27,119548.42,BR_TOR_001
ACC500912,CUST100448,3952542,MORTGAGE,98696,999,2026-02-10,127140.76,BR_VAN_009
ACC500913,CUST100448,9151075,LOC,87397,999,2021-05-23,-1914.15,BR_CAL_012
ACC500914,CUST100448,2408104,TFSA,14165,999,2021-09-06,88247.96,BR_WIN_014
ACC500915,CUST100449,7828441,TFSA,13905,999,2022-09-27,99109.17,BR_HAL_015
ACC500916,CUST100450,3358208,SAVINGS,28289,999,2017-09-03,12349.52,BR_QUE_007
ACC500917,CUST100451,3024047,CREDIT_CARD,98696,999,2026-05-01,97953.66,BR_VAN_009
ACC500918,CUST100451,9812402,TFSA,81482,999,2023-02-28,71949.92,BR_VIC_010
ACC500919,CUST100451,4994266,CREDIT_CARD,24592,999,2020-03-11,13952.91,BR_MIS_002
ACC500920,CUST100452,7542286,LOC,39256,999,2021-08-17,110998.01,BR_MON_006
ACC500921,CUST100452,8094564,SAVINGS,46048,999,2022-04-06,17363.08,BR_HAM_004
ACC500922,CUST100453,5606139,RRSP,46048,999,2016-07-31,58298.21,BR_HAM_004
ACC500923,CUST100454,9226851,CREDIT_CARD,93810,999,2026-02-06,53079.27,BR_TOR_001
ACC500924,CUST100454,6309820,CREDIT_CARD,24592,999,2026-01-21,60686.1,BR_MIS_002
ACC500925,CUST100454,5133011,TFSA,21395,999,2020-04-24,131312.2,BR_SUR_011
ACC500926,CUST100455,8972898,MORTGAGE,39256,999,2022-07-11,51999.59,BR_MON_006
ACC500927,CUST100456,1584005,LOC,93810,999,2020-11-24,109614.71,BR_TOR_001
ACC500928,CUST100456,1917249,MORTGAGE,65302,999,2020-04-26,137205.88,BR_EDM_013
ACC500929,CUST100457,5244348,CREDIT_CARD,46048,999,2017-08-24,54626.98,BR_HAM_004
ACC500930,CUST100457,7087698,LOC,21395,999,2020-05-04,101213.49,BR_SUR_011
ACC500931,CUST100457,4965830,LOC,98696,999,2017-10-22,63572.43,BR_VAN_009
ACC500932,CUST100458,7593035,TFSA,13905,999,2023-08-19,41637.66,BR_HAL_015
ACC500933,CUST100459,4529699,LOC,42098,999,2020-06-05,132988.24,BR_LON_005
ACC500934,CUST100460,6321470,LOC,21395,999,2016-07-07,113844.84,BR_SUR_011
ACC500935,CUST100460,1568440,TFSA,28289,999,2018-05-02,129298.91,BR_QUE_007
ACC500936,CUST100461,7928341,LOC,23434,999,2022-05-28,46571.94,BR_LAV_008
ACC500937,CUST100461,2684358,LOC,28289,999,2017-09-17,19853.22,BR_QUE_007
ACC500938,CUST100462,2113457,TFSA,98696,999,2024-07-08,60234.93,BR_VAN_009
ACC500939,CUST100462,6482263,RRSP,87397,999,2020-06-09,102757.57,BR_CAL_012
ACC500940,CUST100463,4082639,MORTGAGE,21395,999,2021-12-03,63727.77,BR_SUR_011
ACC500941,CUST100464,1051603,RRSP,13278,999,2025-08-12,26011.67,BR_OTT_003
ACC500942,CUST100464,6263378,CREDIT_CARD,42098,999,2026-06-02,7745.97,BR_LON_005
ACC500943,CUST100464,5187652,CREDIT_CARD,13278,999,2023-03-11,105602.41,BR_OTT_003
ACC500944,CUST100465,3182597,LOC,65302,999,2021-04-08,87072.5,BR_EDM_013
ACC500945,CUST100465,6358628,RRSP,28289,999,2016-11-23,69146.65,BR_QUE_007
ACC500946,CUST100465,3239922,TFSA,87397,999,2020-05-24,21889.25,BR_CAL_012
ACC500947,CUST100466,6495887,LOC,14165,999,2020-03-22,38678.59,BR_WIN_014
ACC500948,CUST100466,7954096,TFSA,24592,999,2024-10-30,23192.83,BR_MIS_002
ACC500949,CUST100466,7330379,LOC,13905,999,2023-11-25,132072.92,BR_HAL_015
ACC500950,CUST100467,1385374,CREDIT_CARD,93810,999,2024-08-27,95301.54,BR_TOR_001
ACC500951,CUST100468,2492779,RRSP,46048,999,2019-05-23,25731.26,BR_HAM_004
ACC500952,CUST100468,3831255,CHEQUING,87397,999,2018-01-07,57160.41,BR_CAL_012
ACC500953,CUST100468,5364723,SAVINGS,28289,999,2025-05-29,8804.5,BR_QUE_007
ACC500954,CUST100469,2968815,CHEQUING,13278,999,2024-08-28,106380.43,BR_OTT_003
ACC500955,CUST100469,8611954,LOC,28289,999,2021-05-30,99409.56,BR_QUE_007
ACC500956,CUST100470,4408213,SAVINGS,46048,999,2017-10-04,141638.11,BR_HAM_004
ACC500957,CUST100471,9290765,RRSP,42098,999,2017-04-21,15180.9,BR_LON_005
ACC500958,CUST100471,4466272,CREDIT_CARD,14165,999,2025-10-25,28412.82,BR_WIN_014
ACC500959,CUST100472,4176986,RRSP,87397,999,2019-08-30,22957.33,BR_CAL_012
ACC500960,CUST100472,3448514,CHEQUING,65302,999,2019-03-05,39979.91,BR_EDM_013
ACC500961,CUST100473,8566133,SAVINGS,46048,999,2026-01-18,52293.85,BR_HAM_004
ACC500962,CUST100473,8686718,CHEQUING,21395,999,2019-11-03,-3400.36,BR_SUR_011
ACC500963,CUST100474,6423167,MORTGAGE,14165,999,2019-11-08,56620.98,BR_WIN_014
ACC500964,CUST100475,7433986,MORTGAGE,87397,999,2023-11-13,60610.1,BR_CAL_012
ACC500965,CUST100476,2225669,CHEQUING,42098,999,2024-10-01,81335.0,BR_LON_005
ACC500966,CUST100476,6584506,SAVINGS,93810,999,2016-06-11,67994.53,BR_TOR_001
ACC500967,CUST100476,1763562,CHEQUING,39256,999,2019-08-25,34316.82,BR_MON_006
ACC500968,CUST100477,6075231,RRSP,28289,999,2024-10-22,99045.61,BR_QUE_007
ACC500969,CUST100477,1689962,CREDIT_CARD,13278,999,2024-10-25,22802.69,BR_OTT_003
ACC500970,CUST100477,9451467,RRSP,13278,999,2019-07-12,139200.68,BR_OTT_003
ACC500971,CUST100478,2504043,TFSA,13278,999,2020-05-05,105089.61,BR_OTT_003
ACC500972,CUST100478,3378937,TFSA,28289,999,2017-01-23,13110.52,BR_QUE_007
ACC500973,CUST100479,9375364,LOC,13278,999,2018-03-27,145872.58,BR_OTT_003
ACC500974,CUST100480,7049733,RRSP,87397,999,2020-01-22,38853.45,BR_CAL_012
ACC500975,CUST100480,5416038,CREDIT_CARD,13905,999,2024-12-06,123586.32,BR_HAL_015
ACC500976,CUST100481,6251441,RRSP,98696,999,2019-11-01,133364.13,BR_VAN_009
ACC500977,CUST100481,9242223,LOC,39256,999,2017-12-09,142257.86,BR_MON_006
ACC500978,CUST100482,8381800,CHEQUING,14165,999,2022-09-12,24282.59,BR_WIN_014
ACC500979,CUST100482,4856420,SAVINGS,93810,999,2025-07-09,558.65,BR_TOR_001
ACC500980,CUST100482,3743996,MORTGAGE,42098,999,2025-05-30,67405.59,BR_LON_005
ACC500981,CUST100483,9303225,CHEQUING,13905,999,2019-09-29,63435.55,BR_HAL_015
ACC500982,CUST100484,9140297,RRSP,98696,999,2024-02-11,71413.23,BR_VAN_009
ACC500983,CUST100484,3483929,CHEQUING,14165,999,2018-04-28,49188.67,BR_WIN_014
ACC500984,CUST100484,5766683,SAVINGS,46048,999,2017-08-17,124417.82,BR_HAM_004
ACC500985,CUST100485,5576682,CREDIT_CARD,98696,999,2019-02-28,133088.65,BR_VAN_009
ACC500986,CUST100485,4563416,CREDIT_CARD,81482,999,2025-08-16,149690.71,BR_VIC_010
ACC500987,CUST100485,9825074,LOC,93810,999,2016-08-08,83472.11,BR_TOR_001
ACC500988,CUST100486,2289085,SAVINGS,13905,999,2022-07-25,114079.28,BR_HAL_015
ACC500989,CUST100486,2582179,TFSA,21395,999,2024-09-24,-975.86,BR_SUR_011
ACC500990,CUST100487,3046668,RRSP,21395,999,2018-09-26,52901.54,BR_SUR_011
ACC500991,CUST100487,2779557,LOC,13905,999,2023-01-29,45148.44,BR_HAL_015
ACC500992,CUST100487,2360015,RRSP,93810,999,2018-11-10,123758.38,BR_TOR_001
ACC500993,CUST100488,8617787,MORTGAGE,23434,999,2017-09-15,143056.24,BR_LAV_008
ACC500994,CUST100488,1097397,TFSA,81482,999,2023-08-14,145314.43,BR_VIC_010
ACC500995,CUST100488,8601790,TFSA,21395,999,2017-09-03,141849.85,BR_SUR_011
ACC500996,CUST100489,3169632,SAVINGS,13905,999,2022-06-26,128808.22,BR_HAL_015
ACC500997,CUST100489,5747180,TFSA,65302,999,2025-04-09,118712.78,BR_EDM_013
ACC500998,CUST100489,2186553,CREDIT_CARD,87397,999,2025-08-26,142544.53,BR_CAL_012
ACC500999,CUST100490,7691735,TFSA,24592,999,2022-03-23,22591.67,BR_MIS_002
ACC501000,CUST100490,7692721,CHEQUING,65302,999,2025-08-08,-1820.63,BR_EDM_013
ACC501001,CUST100491,7517997,LOC,13278,999,2025-04-30,57371.42,BR_OTT_003
ACC501002,CUST100492,3585950,CHEQUING,65302,999,2018-09-13,41274.73,BR_EDM_013
ACC501003,CUST100492,8253770,MORTGAGE,65302,999,2017-07-12,119984.75,BR_EDM_013
ACC501004,CUST100492,3202624,TFSA,42098,999,2024-07-31,98155.65,BR_LON_005
ACC501005,CUST100493,4353283,RRSP,98696,999,2025-07-11,64043.57,BR_VAN_009
ACC501006,CUST100493,8993331,TFSA,28289,999,2022-11-05,82273.85,BR_QUE_007
ACC501007,CUST100494,8088983,LOC,24592,999,2017-03-10,52076.58,BR_MIS_002
ACC501008,CUST100494,8283088,MORTGAGE,13278,999,2025-01-22,61032.65,BR_OTT_003
ACC501009,CUST100495,6733527,RRSP,98696,999,2024-07-06,99848.2,BR_VAN_009
ACC501010,CUST100496,3601637,RRSP,21395,999,2021-10-27,76728.2,BR_SUR_011
ACC501011,CUST100496,9802632,CHEQUING,21395,999,2024-05-03,40058.97,BR_SUR_011
ACC501012,CUST100496,2328472,LOC,28289,999,2021-07-23,69029.76,BR_QUE_007
ACC501013,CUST100497,6040020,LOC,13278,999,2019-02-02,33541.29,BR_OTT_003
ACC501014,CUST100498,1800747,CREDIT_CARD,42098,999,2025-07-05,6862.54,BR_LON_005
ACC501015,CUST100498,9613666,CHEQUING,93810,999,2025-01-07,74151.0,BR_TOR_001
ACC501016,CUST100499,8795642,MORTGAGE,24592,999,2023-04-01,106648.05,BR_MIS_002
ACC501017,CUST100499,5251016,TFSA,14165,999,2022-10-16,34503.33,BR_WIN_014
ACC501018,CUST100500,9446398,CHEQUING,65302,999,2025-03-13,12660.0,BR_EDM_013
ACC501019,CUST100501,4012385,LOC,23434,999,2021-04-03,23242.26,BR_LAV_008
ACC501020,CUST100501,1759315,CHEQUING,28289,999,2024-01-22,59518.99,BR_QUE_007
ACC501021,CUST100501,5993696,TFSA,87397,999,2017-12-13,86017.3,BR_CAL_012
ACC501022,CUST100502,8548873,CREDIT_CARD,65302,999,2025-03-06,120214.28,BR_EDM_013
ACC501023,CUST100502,4140556,SAVINGS,39256,999,2016-11-20,23688.55,BR_MON_006
ACC501024,CUST100503,5350628,LOC,81482,999,2017-12-03,99378.36,BR_VIC_010
ACC501025,CUST100503,9965341,CHEQUING,28289,999,2025-09-19,-4093.7,BR_QUE_007
ACC501026,CUST100503,1223214,SAVINGS,24592,999,2020-09-16,96649.15,BR_MIS_002
ACC501027,CUST100504,7796309,LOC,87397,999,2021-09-30,96946.15,BR_CAL_012
ACC501028,CUST100504,9165848,TFSA,87397,999,2018-09-20,90867.4,BR_CAL_012
ACC501029,CUST100505,7626953,LOC,39256,999,2018-08-10,41911.78,BR_MON_006
ACC501030,CUST100505,3266835,CHEQUING,13278,999,2022-08-31,24574.32,BR_OTT_003
ACC501031,CUST100505,1266510,MORTGAGE,14165,999,2022-02-05,145430.66,BR_WIN_014
ACC501032,CUST100506,9071807,MORTGAGE,46048,999,2023-04-03,17498.9,BR_HAM_004
ACC501033,CUST100507,4203013,CHEQUING,28289,999,2023-11-24,41642.27,BR_QUE_007
ACC501034,CUST100508,8952217,RRSP,13278,999,2017-03-31,-1618.39,BR_OTT_003
ACC501035,CUST100508,3557220,MORTGAGE,13278,999,2017-07-12,103902.71,BR_OTT_003
ACC501036,CUST100509,1329299,LOC,23434,999,2016-08-04,64675.02,BR_LAV_008
ACC501037,CUST100509,4377898,TFSA,46048,999,2016-11-11,83261.72,BR_HAM_004
ACC501038,CUST100510,6601074,CHEQUING,93810,999,2023-04-01,10912.85,BR_TOR_001
ACC501039,CUST100510,8244199,RRSP,14165,999,2020-04-07,126535.52,BR_WIN_014
ACC501040,CUST100511,5878387,CHEQUING,81482,999,2025-01-20,70561.96,BR_VIC_010
ACC501041,CUST100511,9612679,CREDIT_CARD,23434,999,2018-01-24,107315.2,BR_LAV_008
ACC501042,CUST100511,9185628,SAVINGS,13905,999,2020-07-09,105715.0,BR_HAL_015
ACC501043,CUST100512,8080061,CREDIT_CARD,93810,999,2026-05-16,43956.77,BR_TOR_001
ACC501044,CUST100512,5493758,MORTGAGE,24592,999,2021-08-19,59656.31,BR_MIS_002
ACC501045,CUST100512,2961940,RRSP,23434,999,2022-08-09,91517.99,BR_LAV_008
ACC501046,CUST100513,8521651,MORTGAGE,39256,999,2024-06-29,62615.65,BR_MON_006
ACC501047,CUST100513,5832019,MORTGAGE,13278,999,2024-07-18,24791.2,BR_OTT_003
ACC501048,CUST100513,8350277,SAVINGS,39256,999,2023-03-26,73683.57,BR_MON_006
ACC501049,CUST100514,6690043,CREDIT_CARD,13905,999,2020-01-21,127285.34,BR_HAL_015
ACC501050,CUST100514,8859576,SAVINGS,87397,999,2021-03-04,131891.88,BR_CAL_012
ACC501051,CUST100514,7549342,RRSP,87397,999,2026-03-01,124127.52,BR_CAL_012
ACC501052,CUST100515,7044085,LOC,21395,999,2024-03-14,68210.35,BR_SUR_011
ACC501053,CUST100515,3718341,CREDIT_CARD,14165,999,2025-02-23,27117.33,BR_WIN_014
ACC501054,CUST100515,2446060,MORTGAGE,87397,999,2025-02-08,69847.91,BR_CAL_012
ACC501055,CUST100516,3622515,CREDIT_CARD,46048,999,2020-08-10,71288.79,BR_HAM_004
ACC501056,CUST100517,6094433,SAVINGS,23434,999,2024-02-10,27462.11,BR_LAV_008
ACC501057,CUST100517,1304180,TFSA,93810,999,2019-06-11,131540.45,BR_TOR_001
ACC501058,CUST100518,3660958,SAVINGS,21395,999,2021-08-31,123332.05,BR_SUR_011
ACC501059,CUST100518,9446974,CHEQUING,13905,999,2021-10-08,120056.41,BR_HAL_015
ACC501060,CUST100519,2912087,CREDIT_CARD,28289,999,2018-05-23,30136.99,BR_QUE_007
ACC501061,CUST100519,4759700,RRSP,98696,999,2024-01-05,34962.43,BR_VAN_009
ACC501062,CUST100520,6959954,LOC,65302,999,2021-05-18,2234.84,BR_EDM_013
ACC501063,CUST100520,5487758,SAVINGS,13905,999,2022-09-14,127278.26,BR_HAL_015
ACC501064,CUST100521,2747213,MORTGAGE,81482,999,2019-08-02,2815.42,BR_VIC_010
ACC501065,CUST100521,8669463,LOC,23434,999,2019-05-24,112143.47,BR_LAV_008
ACC501066,CUST100521,2709062,LOC,24592,999,2018-04-18,82183.29,BR_MIS_002
ACC501067,CUST100522,3802571,MORTGAGE,24592,999,2022-10-31,13299.2,BR_MIS_002
ACC501068,CUST100522,7067286,SAVINGS,46048,999,2018-06-19,107894.14,BR_HAM_004
ACC501069,CUST100522,8407441,LOC,87397,999,2017-08-09,73413.98,BR_CAL_012
ACC501070,CUST100523,2665880,SAVINGS,14165,999,2025-06-06,95299.41,BR_WIN_014
ACC501071,CUST100523,3311438,CHEQUING,39256,999,2026-02-20,126532.24,BR_MON_006
ACC501072,CUST100523,7975124,LOC,23434,999,2023-03-27,114200.14,BR_LAV_008
ACC501073,CUST100524,8946752,TFSA,14165,999,2024-01-05,39447.54,BR_WIN_014
ACC501074,CUST100525,5463001,TFSA,24592,999,2021-12-22,105855.96,BR_MIS_002
ACC501075,CUST100526,5117989,SAVINGS,39256,999,2019-10-01,111746.97,BR_MON_006
ACC501076,CUST100526,8075324,LOC,98696,999,2026-04-15,30368.21,BR_VAN_009
ACC501077,CUST100527,7867070,RRSP,28289,999,2018-12-15,142535.28,BR_QUE_007
ACC501078,CUST100527,7069566,CHEQUING,98696,999,2020-02-04,63599.7,BR_VAN_009
ACC501079,CUST100528,9679670,CHEQUING,87397,999,2021-12-23,8140.62,BR_CAL_012
ACC501080,CUST100529,3756910,RRSP,28289,999,2021-09-17,4527.59,BR_QUE_007
ACC501081,CUST100529,1622329,MORTGAGE,65302,999,2021-07-18,137990.42,BR_EDM_013
ACC501082,CUST100530,1969887,MORTGAGE,13905,999,2021-02-26,146907.3,BR_HAL_015
ACC501083,CUST100531,9720433,TFSA,13905,999,2016-07-04,59992.32,BR_HAL_015
ACC501084,CUST100531,6105693,MORTGAGE,13905,999,2019-01-22,110118.11,BR_HAL_015
ACC501085,CUST100531,6774002,CHEQUING,13905,999,2020-05-28,123185.55,BR_HAL_015
ACC501086,CUST100532,3463932,MORTGAGE,81482,999,2020-10-15,57610.4,BR_VIC_010
ACC501087,CUST100532,4441570,CREDIT_CARD,21395,999,2025-08-03,91775.75,BR_SUR_011
ACC501088,CUST100532,8417942,MORTGAGE,81482,999,2023-07-11,48513.85,BR_VIC_010
ACC501089,CUST100533,4310073,TFSA,28289,999,2021-10-05,8063.54,BR_QUE_007
ACC501090,CUST100533,6611860,RRSP,98696,999,2021-11-03,107390.3,BR_VAN_009
ACC501091,CUST100533,3114023,CREDIT_CARD,87397,999,2026-02-19,148748.22,BR_CAL_012
ACC501092,CUST100534,2557253,CREDIT_CARD,46048,999,2019-06-07,80526.81,BR_HAM_004
ACC501093,CUST100534,6716146,LOC,98696,999,2023-07-04,93531.25,BR_VAN_009
ACC501094,CUST100535,5340101,SAVINGS,93810,999,2024-09-18,123995.49,BR_TOR_001
ACC501095,CUST100536,8092498,CREDIT_CARD,87397,999,2020-11-26,12118.5,BR_CAL_012
ACC501096,CUST100536,7257547,TFSA,93810,999,2023-09-01,92183.38,BR_TOR_001
ACC501097,CUST100537,1800824,LOC,24592,999,2017-09-24,95899.18,BR_MIS_002
ACC501098,CUST100537,8528555,TFSA,24592,999,2022-09-11,83727.47,BR_MIS_002
ACC501099,CUST100538,6687145,SAVINGS,23434,999,2019-07-28,119835.07,BR_LAV_008
ACC501100,CUST100539,9947098,LOC,81482,999,2017-02-27,87310.08,BR_VIC_010
ACC501101,CUST100539,6019770,TFSA,39256,999,2024-11-09,98372.97,BR_MON_006
ACC501102,CUST100539,3348331,MORTGAGE,14165,999,2018-08-03,53538.19,BR_WIN_014
ACC501103,CUST100540,2765414,TFSA,46048,999,2025-07-20,75050.03,BR_HAM_004
ACC501104,CUST100540,7061063,RRSP,46048,999,2021-12-29,10188.11,BR_HAM_004
ACC501105,CUST100540,8141928,LOC,87397,999,2022-06-25,58868.21,BR_CAL_012
ACC501106,CUST100541,8128416,SAVINGS,93810,999,2017-06-19,68819.23,BR_TOR_001
ACC501107,CUST100542,7195728,MORTGAGE,24592,999,2024-03-17,76569.62,BR_MIS_002
ACC501108,CUST100542,9706452,LOC,81482,999,2023-07-14,56191.28,BR_VIC_010
ACC501109,CUST100543,9368933,MORTGAGE,81482,999,2020-05-26,60630.44,BR_VIC_010
ACC501110,CUST100543,9213136,MORTGAGE,23434,999,2017-05-23,145857.23,BR_LAV_008
ACC501111,CUST100544,9485679,SAVINGS,13278,999,2022-12-27,70138.48,BR_OTT_003
ACC501112,CUST100545,9609823,LOC,13278,999,2021-03-31,77016.87,BR_OTT_003
ACC501113,CUST100545,4567549,RRSP,87397,999,2019-05-24,68370.11,BR_CAL_012
ACC501114,CUST100546,7196363,CHEQUING,13278,999,2025-06-04,88248.03,BR_OTT_003
ACC501115,CUST100546,2851133,CHEQUING,28289,999,2017-04-05,52285.82,BR_QUE_007
ACC501116,CUST100546,1675822,CREDIT_CARD,42098,999,2024-05-05,18762.2,BR_LON_005
ACC501117,CUST100547,7282392,TFSA,42098,999,2019-01-26,40567.1,BR_LON_005
ACC501118,CUST100547,3396950,SAVINGS,93810,999,2016-06-22,116487.84,BR_TOR_001
ACC501119,CUST100548,6119801,TFSA,93810,999,2024-08-17,28415.13,BR_TOR_001
ACC501120,CUST100548,9200596,CHEQUING,14165,999,2016-08-03,13960.83,BR_WIN_014
ACC501121,CUST100549,1749647,RRSP,24592,999,2020-04-25,69582.35,BR_MIS_002
ACC501122,CUST100549,8589583,TFSA,42098,999,2019-03-19,116109.15,BR_LON_005
ACC501123,CUST100550,3228175,LOC,14165,999,2019-04-20,16470.95,BR_WIN_014
ACC501124,CUST100550,8733225,LOC,21395,999,2017-11-10,64739.06,BR_SUR_011
ACC501125,CUST100551,6456223,CHEQUING,13278,999,2024-04-28,118970.8,BR_OTT_003
ACC501126,CUST100551,7872422,RRSP,21395,999,2022-05-31,31087.45,BR_SUR_011
ACC501127,CUST100552,1768727,MORTGAGE,39256,999,2025-10-02,132956.69,BR_MON_006
ACC501128,CUST100552,5653581,MORTGAGE,87397,999,2019-12-18,8722.13,BR_CAL_012
ACC501129,CUST100553,1416143,CREDIT_CARD,87397,999,2021-01-19,92666.93,BR_CAL_012
ACC501130,CUST100554,3076710,MORTGAGE,42098,999,2019-02-24,81699.69,BR_LON_005
ACC501131,CUST100554,1887084,CREDIT_CARD,46048,999,2018-06-26,75871.84,BR_HAM_004
ACC501132,CUST100554,8983198,CREDIT_CARD,65302,999,2017-02-16,134013.96,BR_EDM_013
ACC501133,CUST100555,9923120,SAVINGS,21395,999,2024-05-24,144168.4,BR_SUR_011
ACC501134,CUST100556,4452834,SAVINGS,65302,999,2024-12-09,123602.04,BR_EDM_013
ACC501135,CUST100556,8452933,CHEQUING,14165,999,2017-05-28,120072.76,BR_WIN_014
ACC501136,CUST100557,7741049,CREDIT_CARD,39256,999,2017-08-30,1972.46,BR_MON_006
ACC501137,CUST100557,1390292,TFSA,14165,999,2024-12-13,62737.7,BR_WIN_014
ACC501138,CUST100557,1403608,LOC,28289,999,2018-09-15,76824.77,BR_QUE_007
ACC501139,CUST100558,2527147,CHEQUING,42098,999,2024-08-16,146866.85,BR_LON_005
ACC501140,CUST100558,3821189,TFSA,98696,999,2025-04-23,17325.31,BR_VAN_009
ACC501141,CUST100559,2503717,SAVINGS,65302,999,2024-04-17,42553.1,BR_EDM_013
ACC501142,CUST100559,3838554,CHEQUING,28289,999,2025-10-07,90243.69,BR_QUE_007
ACC501143,CUST100560,1455856,MORTGAGE,13278,999,2018-01-31,4067.78,BR_OTT_003
ACC501144,CUST100560,2656653,TFSA,28289,999,2020-10-04,17081.39,BR_QUE_007
ACC501145,CUST100561,7300065,LOC,42098,999,2022-08-04,134422.73,BR_LON_005
ACC501146,CUST100561,4398383,SAVINGS,93810,999,2016-09-21,111580.73,BR_TOR_001
ACC501147,CUST100562,9270822,CREDIT_CARD,46048,999,2016-09-08,111620.45,BR_HAM_004
ACC501148,CUST100562,2930745,TFSA,28289,999,2016-11-22,4397.96,BR_QUE_007
ACC501149,CUST100562,7829609,CHEQUING,23434,999,2018-07-01,70046.58,BR_LAV_008
ACC501150,CUST100563,4921514,CHEQUING,21395,999,2022-10-09,36719.76,BR_SUR_011
ACC501151,CUST100563,2703045,SAVINGS,81482,999,2018-09-13,113261.64,BR_VIC_010
ACC501152,CUST100564,3106737,TFSA,65302,999,2019-06-15,83078.07,BR_EDM_013
ACC501153,CUST100564,2407748,LOC,23434,999,2022-06-08,93548.84,BR_LAV_008
ACC501154,CUST100564,3388522,TFSA,46048,999,2020-01-30,78768.16,BR_HAM_004
ACC501155,CUST100565,5113127,CREDIT_CARD,65302,999,2023-07-21,142654.96,BR_EDM_013
ACC501156,CUST100566,1701154,CHEQUING,23434,999,2023-06-13,120959.78,BR_LAV_008
ACC501157,CUST100566,5852800,MORTGAGE,14165,999,2024-07-29,145672.68,BR_WIN_014
ACC501158,CUST100566,2009569,RRSP,93810,999,2023-08-10,37361.96,BR_TOR_001
ACC501159,CUST100567,7377917,TFSA,14165,999,2022-09-16,125577.99,BR_WIN_014
ACC501160,CUST100567,9561890,TFSA,46048,999,2023-10-11,2050.13,BR_HAM_004
ACC501161,CUST100568,2173318,TFSA,98696,999,2021-09-03,8905.84,BR_VAN_009
ACC501162,CUST100568,3063211,LOC,87397,999,2017-05-12,16645.79,BR_CAL_012
ACC501163,CUST100568,5688532,RRSP,98696,999,2025-10-06,27681.78,BR_VAN_009
ACC501164,CUST100569,6340253,MORTGAGE,65302,999,2021-07-22,141538.31,BR_EDM_013
ACC501165,CUST100569,5384902,LOC,21395,999,2016-12-22,104701.88,BR_SUR_011
ACC501166,CUST100569,5125991,MORTGAGE,42098,999,2023-07-18,147368.4,BR_LON_005
ACC501167,CUST100570,8714152,CREDIT_CARD,46048,999,2025-09-28,45910.87,BR_HAM_004
ACC501168,CUST100570,3243545,MORTGAGE,13905,999,2025-04-07,137949.96,BR_HAL_015
ACC501169,CUST100571,1071793,CHEQUING,23434,999,2017-08-05,99269.49,BR_LAV_008
ACC501170,CUST100571,9203667,LOC,28289,999,2022-03-02,55882.62,BR_QUE_007
ACC501171,CUST100571,2300622,CREDIT_CARD,24592,999,2017-12-21,-203.13,BR_MIS_002
ACC501172,CUST100572,3070570,TFSA,23434,999,2022-07-05,145666.05,BR_LAV_008
ACC501173,CUST100572,7005668,RRSP,28289,999,2018-08-11,22463.93,BR_QUE_007
ACC501174,CUST100572,1141455,CHEQUING,65302,999,2020-10-22,66717.34,BR_EDM_013
ACC501175,CUST100573,1157090,SAVINGS,23434,999,2025-08-15,110187.39,BR_LAV_008
ACC501176,CUST100574,7003240,SAVINGS,21395,999,2021-08-03,8944.81,BR_SUR_011
ACC501177,CUST100574,6086491,LOC,81482,999,2021-05-07,106260.48,BR_VIC_010
ACC501178,CUST100575,7090115,CHEQUING,23434,999,2019-04-28,38517.24,BR_LAV_008
ACC501179,CUST100576,4507886,CHEQUING,87397,999,2025-02-10,25393.45,BR_CAL_012
ACC501180,CUST100576,7645223,CHEQUING,14165,999,2025-12-18,129837.02,BR_WIN_014
ACC501181,CUST100576,9394071,RRSP,81482,999,2018-07-18,21423.95,BR_VIC_010
ACC501182,CUST100577,3944885,CHEQUING,21395,999,2017-08-12,86165.51,BR_SUR_011
ACC501183,CUST100578,3137935,TFSA,24592,999,2018-02-10,139702.33,BR_MIS_002
ACC501184,CUST100578,4824620,CREDIT_CARD,14165,999,2018-09-23,107979.32,BR_WIN_014
ACC501185,CUST100578,4218734,LOC,42098,999,2022-06-17,100086.7,BR_LON_005
ACC501186,CUST100579,9941274,CREDIT_CARD,21395,999,2019-01-29,34202.77,BR_SUR_011
ACC501187,CUST100579,8615616,CHEQUING,98696,999,2016-11-05,140373.01,BR_VAN_009
ACC501188,CUST100579,1870113,LOC,21395,999,2025-03-28,140507.7,BR_SUR_011
ACC501189,CUST100580,7826244,TFSA,14165,999,2016-07-29,13866.24,BR_WIN_014
ACC501190,CUST100580,8828026,RRSP,98696,999,2020-12-10,51028.14,BR_VAN_009
ACC501191,CUST100581,4767293,CHEQUING,13905,999,2023-04-19,38079.62,BR_HAL_015
ACC501192,CUST100582,8530646,TFSA,98696,999,2026-03-30,-4200.31,BR_VAN_009
ACC501193,CUST100582,6615431,CHEQUING,46048,999,2023-10-04,131415.26,BR_HAM_004
ACC501194,CUST100583,4785409,MORTGAGE,87397,999,2025-03-22,60692.14,BR_CAL_012
ACC501195,CUST100584,5194038,SAVINGS,13905,999,2025-03-20,20494.64,BR_HAL_015
ACC501196,CUST100585,2622794,CHEQUING,24592,999,2021-09-10,69394.8,BR_MIS_002
ACC501197,CUST100585,1403047,CREDIT_CARD,65302,999,2024-05-31,118569.24,BR_EDM_013
ACC501198,CUST100586,5201173,SAVINGS,14165,999,2021-12-29,11715.3,BR_WIN_014
ACC501199,CUST100586,6717708,LOC,46048,999,2019-07-15,3437.09,BR_HAM_004
ACC501200,CUST100587,4971899,CHEQUING,98696,999,2021-02-25,115241.17,BR_VAN_009
ACC501201,CUST100587,8357303,LOC,81482,999,2025-01-09,9828.97,BR_VIC_010
ACC501202,CUST100588,3094239,CHEQUING,81482,999,2018-12-30,146051.46,BR_VIC_010
ACC501203,CUST100588,1559414,RRSP,13905,999,2021-01-10,43558.31,BR_HAL_015
ACC501204,CUST100589,3139695,CHEQUING,24592,999,2018-08-25,137462.95,BR_MIS_002
ACC501205,CUST100589,1919204,TFSA,23434,999,2020-04-15,89664.49,BR_LAV_008
ACC501206,CUST100589,2103777,CHEQUING,28289,999,2025-01-13,100022.49,BR_QUE_007
ACC501207,CUST100590,5947882,LOC,93810,999,2026-04-05,54125.6,BR_TOR_001
ACC501208,CUST100590,7897247,SAVINGS,24592,999,2019-12-21,129010.33,BR_MIS_002
ACC501209,CUST100590,1177948,RRSP,65302,999,2016-07-24,54507.6,BR_EDM_013
ACC501210,CUST100591,2699161,TFSA,13905,999,2023-02-28,95892.82,BR_HAL_015
ACC501211,CUST100591,1435739,RRSP,21395,999,2020-12-06,75168.0,BR_SUR_011
ACC501212,CUST100592,2812049,CHEQUING,46048,999,2026-01-23,-3095.27,BR_HAM_004
ACC501213,CUST100592,2133208,CREDIT_CARD,87397,999,2017-10-30,117359.55,BR_CAL_012
ACC501214,CUST100592,3113620,MORTGAGE,46048,999,2024-12-26,73879.19,BR_HAM_004
ACC501215,CUST100593,9076540,MORTGAGE,28289,999,2021-12-07,91231.89,BR_QUE_007
ACC501216,CUST100593,5079421,SAVINGS,13278,999,2017-12-25,118538.97,BR_OTT_003
ACC501217,CUST100594,6228902,CREDIT_CARD,13278,999,2025-02-03,62556.46,BR_OTT_003
ACC501218,CUST100595,7001942,TFSA,65302,999,2018-04-01,85468.22,BR_EDM_013
ACC501219,CUST100595,3443176,SAVINGS,98696,999,2023-04-25,67776.18,BR_VAN_009
ACC501220,CUST100595,6752912,TFSA,81482,999,2021-10-29,52168.65,BR_VIC_010
ACC501221,CUST100596,3425991,CHEQUING,98696,999,2017-08-24,31795.04,BR_VAN_009
ACC501222,CUST100597,1916158,RRSP,14165,999,2024-09-23,48291.5,BR_WIN_014
ACC501223,CUST100597,4376603,LOC,46048,999,2018-07-25,5602.59,BR_HAM_004
ACC501224,CUST100597,8981342,MORTGAGE,46048,999,2025-01-01,102235.36,BR_HAM_004
ACC501225,CUST100598,6555698,LOC,81482,999,2020-08-04,84653.67,BR_VIC_010
ACC501226,CUST100598,6026983,RRSP,39256,999,2026-01-08,45935.95,BR_MON_006
ACC501227,CUST100599,1707866,RRSP,23434,999,2018-02-01,29007.91,BR_LAV_008
ACC501228,CUST100600,4741740,MORTGAGE,21395,999,2021-12-29,30692.47,BR_SUR_011
ACC501229,CUST100601,5010074,RRSP,46048,999,2019-01-20,108860.86,BR_HAM_004
ACC501230,CUST100601,6561900,LOC,14165,999,2020-11-03,109712.62,BR_WIN_014
ACC501231,CUST100601,7716130,SAVINGS,46048,999,2020-09-14,123043.07,BR_HAM_004
ACC501232,CUST100602,1165961,CHEQUING,39256,999,2023-07-10,50472.43,BR_MON_006
ACC501233,CUST100603,3389108,TFSA,24592,999,2018-08-05,63263.26,BR_MIS_002
ACC501234,CUST100603,7038275,CHEQUING,21395,999,2018-07-01,146172.94,BR_SUR_011
ACC501235,CUST100603,4318952,TFSA,46048,999,2024-12-10,21992.72,BR_HAM_004
ACC501236,CUST100604,3924009,TFSA,87397,999,2025-07-02,126367.8,BR_CAL_012
ACC501237,CUST100604,3995428,SAVINGS,46048,999,2023-08-29,-1668.74,BR_HAM_004
ACC501238,CUST100605,2697690,CHEQUING,13905,999,2020-01-15,123874.09,BR_HAL_015
ACC501239,CUST100605,7357268,MORTGAGE,13278,999,2022-04-20,117049.18,BR_OTT_003
ACC501240,CUST100606,4527197,TFSA,39256,999,2024-10-28,65711.57,BR_MON_006
ACC501241,CUST100607,7247000,MORTGAGE,65302,999,2022-02-19,21560.77,BR_EDM_013
ACC501242,CUST100607,8276581,MORTGAGE,98696,999,2023-01-23,5133.52,BR_VAN_009
ACC501243,CUST100608,3194370,LOC,13905,999,2016-10-21,24394.37,BR_HAL_015
ACC501244,CUST100609,7278962,TFSA,28289,999,2020-06-17,87930.12,BR_QUE_007
ACC501245,CUST100609,5102862,CHEQUING,21395,999,2023-01-15,113277.77,BR_SUR_011
ACC501246,CUST100609,4172607,LOC,81482,999,2020-05-29,77997.59,BR_VIC_010
ACC501247,CUST100610,5146852,CHEQUING,39256,999,2025-04-24,92566.17,BR_MON_006
ACC501248,CUST100611,3121622,LOC,14165,999,2021-11-13,73781.77,BR_WIN_014
ACC501249,CUST100611,9203901,SAVINGS,81482,999,2026-04-29,107731.27,BR_VIC_010
ACC501250,CUST100612,2088389,SAVINGS,65302,999,2017-05-20,73835.14,BR_EDM_013
ACC501251,CUST100612,9542262,TFSA,65302,999,2018-06-18,72281.11,BR_EDM_013
ACC501252,CUST100613,6399296,MORTGAGE,13278,999,2022-12-21,52951.2,BR_OTT_003
ACC501253,CUST100613,9108379,MORTGAGE,87397,999,2019-01-31,143141.54,BR_CAL_012
ACC501254,CUST100614,7726758,MORTGAGE,42098,999,2026-06-04,137783.71,BR_LON_005
ACC501255,CUST100614,1614121,SAVINGS,81482,999,2021-08-25,29026.57,BR_VIC_010
ACC501256,CUST100615,4932320,RRSP,23434,999,2023-09-16,28882.03,BR_LAV_008
ACC501257,CUST100616,7326402,CREDIT_CARD,13905,999,2022-03-22,19367.45,BR_HAL_015
ACC501258,CUST100616,7276479,TFSA,14165,999,2026-06-08,80335.56,BR_WIN_014
ACC501259,CUST100617,2409758,TFSA,65302,999,2017-05-09,63898.32,BR_EDM_013
ACC501260,CUST100618,1690263,RRSP,46048,999,2026-02-07,74400.62,BR_HAM_004
ACC501261,CUST100618,8148811,RRSP,39256,999,2023-01-07,67470.4,BR_MON_006
ACC501262,CUST100619,9347387,TFSA,39256,999,2026-04-03,37318.02,BR_MON_006
ACC501263,CUST100619,4012613,RRSP,93810,999,2024-06-03,31237.51,BR_TOR_001
ACC501264,CUST100620,7024579,CHEQUING,24592,999,2019-12-14,40650.26,BR_MIS_002
ACC501265,CUST100620,9603205,CREDIT_CARD,98696,999,2017-12-23,94766.43,BR_VAN_009
ACC501266,CUST100620,5637641,SAVINGS,65302,999,2019-01-19,10253.41,BR_EDM_013
ACC501267,CUST100621,1642255,CREDIT_CARD,39256,999,2017-08-15,26047.52,BR_MON_006
ACC501268,CUST100622,6523752,TFSA,21395,999,2025-03-02,41920.92,BR_SUR_011
ACC501269,CUST100623,5604751,SAVINGS,14165,999,2023-12-07,104374.61,BR_WIN_014
ACC501270,CUST100623,5381125,CHEQUING,13278,999,2021-02-11,114361.79,BR_OTT_003
ACC501271,CUST100623,6815525,LOC,42098,999,2023-04-06,149510.56,BR_LON_005
ACC501272,CUST100624,1199493,RRSP,14165,999,2021-03-05,96384.11,BR_WIN_014
ACC501273,CUST100624,3504521,LOC,65302,999,2023-07-07,56613.32,BR_EDM_013
ACC501274,CUST100625,4521118,RRSP,87397,999,2019-07-05,31227.09,BR_CAL_012
ACC501275,CUST100626,8864124,MORTGAGE,65302,999,2023-07-17,121231.65,BR_EDM_013
ACC501276,CUST100626,2440757,TFSA,39256,999,2025-10-26,126099.26,BR_MON_006
ACC501277,CUST100626,8007639,SAVINGS,28289,999,2024-05-01,62995.52,BR_QUE_007
ACC501278,CUST100627,7286425,SAVINGS,93810,999,2018-12-18,84513.81,BR_TOR_001
ACC501279,CUST100627,6126646,MORTGAGE,13278,999,2025-12-08,-3499.42,BR_OTT_003
ACC501280,CUST100627,6950248,TFSA,65302,999,2017-05-21,29951.05,BR_EDM_013
ACC501281,CUST100628,7767404,LOC,21395,999,2023-05-02,115689.73,BR_SUR_011
ACC501282,CUST100628,6027078,TFSA,98696,999,2023-09-15,85978.04,BR_VAN_009
ACC501283,CUST100629,1540377,SAVINGS,65302,999,2022-03-26,18822.14,BR_EDM_013
ACC501284,CUST100629,7557976,RRSP,39256,999,2025-09-11,26651.72,BR_MON_006
ACC501285,CUST100629,2068863,CREDIT_CARD,28289,999,2023-10-27,54897.25,BR_QUE_007
ACC501286,CUST100630,6517042,CREDIT_CARD,24592,999,2024-08-22,144100.41,BR_MIS_002
ACC501287,CUST100630,6111102,CHEQUING,21395,999,2024-07-03,21570.67,BR_SUR_011
ACC501288,CUST100631,3980239,CHEQUING,98696,999,2023-07-15,123103.6,BR_VAN_009
ACC501289,CUST100631,9197571,CHEQUING,81482,999,2022-03-02,23937.28,BR_VIC_010
ACC501290,CUST100631,7474228,TFSA,24592,999,2019-01-07,26913.31,BR_MIS_002
ACC501291,CUST100632,9797899,CHEQUING,21395,999,2017-03-03,65472.87,BR_SUR_011
ACC501292,CUST100632,9699518,CHEQUING,39256,999,2018-11-27,21632.99,BR_MON_006
ACC501293,CUST100633,3634617,CHEQUING,28289,999,2022-03-06,15016.34,BR_QUE_007
ACC501294,CUST100633,9023722,MORTGAGE,28289,999,2018-05-30,5658.26,BR_QUE_007
ACC501295,CUST100634,4450687,TFSA,13278,999,2017-06-25,61991.1,BR_OTT_003
ACC501296,CUST100635,8965487,SAVINGS,21395,999,2024-01-26,88574.96,BR_SUR_011
ACC501297,CUST100635,4405319,CREDIT_CARD,42098,999,2020-07-16,106099.67,BR_LON_005
ACC501298,CUST100635,5621132,SAVINGS,23434,999,2025-07-14,-3846.29,BR_LAV_008
ACC501299,CUST100636,2073239,LOC,23434,999,2020-05-17,56881.72,BR_LAV_008
ACC501300,CUST100637,6517883,CREDIT_CARD,98696,999,2022-03-14,131282.11,BR_VAN_009
ACC501301,CUST100638,1655733,MORTGAGE,23434,999,2018-03-18,9120.91,BR_LAV_008
ACC501302,CUST100638,8655554,TFSA,21395,999,2020-06-08,103549.06,BR_SUR_011
ACC501303,CUST100639,5990361,RRSP,65302,999,2020-09-18,90019.26,BR_EDM_013
ACC501304,CUST100639,3938131,RRSP,65302,999,2021-05-12,33615.9,BR_EDM_013
ACC501305,CUST100639,8249042,RRSP,13905,999,2021-04-27,54623.07,BR_HAL_015
ACC501306,CUST100640,2602797,RRSP,13278,999,2022-02-12,103289.94,BR_OTT_003
ACC501307,CUST100640,5021419,LOC,93810,999,2020-01-18,19479.49,BR_TOR_001
ACC501308,CUST100640,5897094,MORTGAGE,13905,999,2022-01-11,137025.93,BR_HAL_015
ACC501309,CUST100641,4644931,RRSP,87397,999,2017-02-26,58748.11,BR_CAL_012
ACC501310,CUST100641,3033912,TFSA,65302,999,2024-10-09,6862.71,BR_EDM_013
ACC501311,CUST100641,9462341,LOC,24592,999,2019-07-11,115824.15,BR_MIS_002
ACC501312,CUST100642,3765541,TFSA,23434,999,2021-04-17,27142.67,BR_LAV_008
ACC501313,CUST100642,8753883,CHEQUING,93810,999,2026-06-04,6345.3,BR_TOR_001
ACC501314,CUST100643,8749462,RRSP,21395,999,2017-03-02,48266.95,BR_SUR_011
ACC501315,CUST100643,4261550,RRSP,28289,999,2019-11-25,855.07,BR_QUE_007
ACC501316,CUST100643,2924056,MORTGAGE,42098,999,2024-03-07,137156.23,BR_LON_005
ACC501317,CUST100644,8788747,RRSP,21395,999,2026-05-25,66510.33,BR_SUR_011
ACC501318,CUST100644,5065012,MORTGAGE,24592,999,2016-09-02,142252.86,BR_MIS_002
ACC501319,CUST100645,5683223,LOC,23434,999,2021-11-30,20011.81,BR_LAV_008
ACC501320,CUST100646,2686363,SAVINGS,81482,999,2021-11-18,40592.42,BR_VIC_010
ACC501321,CUST100647,7557366,SAVINGS,87397,999,2019-06-01,7025.72,BR_CAL_012
ACC501322,CUST100647,1188082,MORTGAGE,65302,999,2020-10-05,37354.1,BR_EDM_013
ACC501323,CUST100647,7007702,SAVINGS,23434,999,2021-05-09,28584.23,BR_LAV_008
ACC501324,CUST100648,9930492,SAVINGS,13905,999,2017-09-27,63519.01,BR_HAL_015
ACC501325,CUST100649,9772377,MORTGAGE,14165,999,2018-06-11,97693.69,BR_WIN_014
ACC501326,CUST100650,2724585,RRSP,13905,999,2022-07-05,102003.74,BR_HAL_015
ACC501327,CUST100650,1879382,CREDIT_CARD,23434,999,2023-03-27,-4276.81,BR_LAV_008
ACC501328,CUST100650,7331646,LOC,65302,999,2021-05-04,26269.4,BR_EDM_013
ACC501329,CUST100651,5002042,SAVINGS,39256,999,2020-07-01,9164.9,BR_MON_006
ACC501330,CUST100652,1244275,TFSA,93810,999,2020-01-27,122181.62,BR_TOR_001
ACC501331,CUST100652,2059841,SAVINGS,21395,999,2016-09-17,143605.51,BR_SUR_011
ACC501332,CUST100653,3816607,MORTGAGE,65302,999,2017-05-18,20892.32,BR_EDM_013
ACC501333,CUST100654,2806634,LOC,98696,999,2017-04-04,45706.93,BR_VAN_009
ACC501334,CUST100654,4180079,CREDIT_CARD,98696,999,2022-07-15,27103.49,BR_VAN_009
ACC501335,CUST100655,8178640,CHEQUING,28289,999,2019-10-13,31023.26,BR_QUE_007
ACC501336,CUST100655,6982358,TFSA,24592,999,2021-09-11,21911.34,BR_MIS_002
ACC501337,CUST100655,6305630,CHEQUING,28289,999,2016-06-09,55323.93,BR_QUE_007
ACC501338,CUST100656,2107569,MORTGAGE,46048,999,2019-04-09,121338.16,BR_HAM_004
ACC501339,CUST100656,7190456,CHEQUING,21395,999,2023-12-07,5436.35,BR_SUR_011
ACC501340,CUST100657,6058905,LOC,28289,999,2020-07-25,87824.71,BR_QUE_007
ACC501341,CUST100658,9995633,LOC,87397,999,2018-12-13,148532.35,BR_CAL_012
ACC501342,CUST100659,5226854,CHEQUING,13278,999,2022-08-16,87979.41,BR_OTT_003
ACC501343,CUST100659,7519046,MORTGAGE,21395,999,2024-01-08,138305.78,BR_SUR_011
ACC501344,CUST100659,3230219,TFSA,65302,999,2019-01-20,22176.31,BR_EDM_013
ACC501345,CUST100660,9088805,CHEQUING,39256,999,2022-04-16,46941.31,BR_MON_006
ACC501346,CUST100660,8531486,RRSP,81482,999,2016-07-25,74209.05,BR_VIC_010
ACC501347,CUST100660,4899452,CREDIT_CARD,87397,999,2016-06-18,86057.62,BR_CAL_012
ACC501348,CUST100661,1355901,CREDIT_CARD,46048,999,2023-09-13,112635.86,BR_HAM_004
ACC501349,CUST100662,4966072,MORTGAGE,42098,999,2025-12-12,61417.17,BR_LON_005
ACC501350,CUST100663,2331937,CHEQUING,81482,999,2017-05-30,16321.1,BR_VIC_010
ACC501351,CUST100664,4389195,SAVINGS,42098,999,2025-10-11,53240.93,BR_LON_005
ACC501352,CUST100664,1635969,SAVINGS,21395,999,2024-03-18,138128.42,BR_SUR_011
ACC501353,CUST100665,6514500,SAVINGS,23434,999,2025-07-06,38109.6,BR_LAV_008
ACC501354,CUST100665,1664503,CREDIT_CARD,21395,999,2018-12-09,117725.86,BR_SUR_011
ACC501355,CUST100665,5839473,LOC,28289,999,2021-01-15,-1327.53,BR_QUE_007
ACC501356,CUST100666,6750028,SAVINGS,39256,999,2022-06-30,26901.7,BR_MON_006
ACC501357,CUST100666,5166421,LOC,93810,999,2019-07-23,101539.23,BR_TOR_001
ACC501358,CUST100666,4731991,CREDIT_CARD,87397,999,2022-09-23,130269.4,BR_CAL_012
ACC501359,CUST100667,4079382,RRSP,39256,999,2024-06-12,92616.29,BR_MON_006
ACC501360,CUST100667,9248388,CHEQUING,24592,999,2022-06-19,142817.48,BR_MIS_002
ACC501361,CUST100667,3374513,SAVINGS,93810,999,2025-12-30,14461.95,BR_TOR_001
ACC501362,CUST100668,4428815,SAVINGS,81482,999,2019-11-12,73650.81,BR_VIC_010
ACC501363,CUST100669,8836205,TFSA,87397,999,2025-06-30,20444.62,BR_CAL_012
ACC501364,CUST100669,5109158,RRSP,46048,999,2018-09-05,22347.5,BR_HAM_004
ACC501365,CUST100670,5787427,CREDIT_CARD,42098,999,2023-01-20,64482.03,BR_LON_005
ACC501366,CUST100671,5561067,LOC,46048,999,2016-09-14,116099.78,BR_HAM_004
ACC501367,CUST100671,7032783,RRSP,24592,999,2020-12-24,53546.21,BR_MIS_002
ACC501368,CUST100671,8405061,RRSP,23434,999,2025-10-28,73320.35,BR_LAV_008
ACC501369,CUST100672,3615206,LOC,28289,999,2020-03-31,142832.42,BR_QUE_007
ACC501370,CUST100672,1332374,LOC,23434,999,2023-02-07,54119.99,BR_LAV_008
ACC501371,CUST100672,2396415,LOC,14165,999,2020-04-23,135500.84,BR_WIN_014
ACC501372,CUST100673,3563536,CREDIT_CARD,81482,999,2018-04-03,107630.48,BR_VIC_010
ACC501373,CUST100673,7382895,RRSP,42098,999,2016-10-20,42406.33,BR_LON_005
ACC501374,CUST100674,9067229,CHEQUING,28289,999,2023-03-12,46651.29,BR_QUE_007
ACC501375,CUST100674,8872850,SAVINGS,87397,999,2017-08-14,18982.29,BR_CAL_012
ACC501376,CUST100675,1215323,LOC,93810,999,2024-06-12,72608.47,BR_TOR_001
ACC501377,CUST100676,9245225,RRSP,39256,999,2024-01-21,138482.12,BR_MON_006
ACC501378,CUST100676,7260332,RRSP,28289,999,2021-01-07,70880.42,BR_QUE_007
ACC501379,CUST100676,2195114,RRSP,21395,999,2020-10-05,132174.94,BR_SUR_011
ACC501380,CUST100677,3723988,SAVINGS,28289,999,2018-09-04,113257.38,BR_QUE_007
ACC501381,CUST100678,6848179,CREDIT_CARD,65302,999,2018-03-04,104914.91,BR_EDM_013
ACC501382,CUST100678,7177044,MORTGAGE,21395,999,2020-01-29,3944.22,BR_SUR_011
ACC501383,CUST100679,8114216,MORTGAGE,13905,999,2024-06-03,33252.73,BR_HAL_015
ACC501384,CUST100679,1578940,LOC,23434,999,2022-02-11,51019.21,BR_LAV_008
ACC501385,CUST100680,1474058,MORTGAGE,21395,999,2020-10-29,98179.72,BR_SUR_011
ACC501386,CUST100680,5384401,CREDIT_CARD,13278,999,2018-01-08,65597.97,BR_OTT_003
ACC501387,CUST100680,3472414,TFSA,21395,999,2019-02-09,33349.29,BR_SUR_011
ACC501388,CUST100681,3708302,CHEQUING,21395,999,2020-01-26,13093.25,BR_SUR_011
ACC501389,CUST100681,7448284,RRSP,24592,999,2026-04-13,104440.81,BR_MIS_002
ACC501390,CUST100681,2348021,CREDIT_CARD,13905,999,2017-06-22,136042.12,BR_HAL_015
ACC501391,CUST100682,8161714,TFSA,13278,999,2024-11-18,102234.7,BR_OTT_003
ACC501392,CUST100682,9945633,MORTGAGE,98696,999,2022-11-23,132430.89,BR_VAN_009
ACC501393,CUST100683,7905652,LOC,42098,999,2020-01-22,130842.07,BR_LON_005
ACC501394,CUST100683,2491048,CHEQUING,87397,999,2023-04-05,93607.94,BR_CAL_012
ACC501395,CUST100683,6777952,LOC,65302,999,2022-08-14,17120.59,BR_EDM_013
ACC501396,CUST100684,7676832,MORTGAGE,46048,999,2018-01-03,42755.55,BR_HAM_004
ACC501397,CUST100684,9249747,CHEQUING,13278,999,2025-03-15,10014.95,BR_OTT_003
ACC501398,CUST100684,8010185,CREDIT_CARD,65302,999,2021-02-08,59610.56,BR_EDM_013
ACC501399,CUST100685,8230134,SAVINGS,87397,999,2017-08-16,22342.2,BR_CAL_012
ACC501400,CUST100685,3253718,SAVINGS,13278,999,2023-04-02,70403.05,BR_OTT_003
ACC501401,CUST100686,8560833,CREDIT_CARD,24592,999,2019-07-10,121227.42,BR_MIS_002
ACC501402,CUST100686,4371228,CHEQUING,13278,999,2022-08-16,111236.94,BR_OTT_003
ACC501403,CUST100686,4219293,TFSA,65302,999,2024-10-09,147356.8,BR_EDM_013
ACC501404,CUST100687,2831995,LOC,23434,999,2021-02-07,93647.21,BR_LAV_008
ACC501405,CUST100687,5917831,CHEQUING,24592,999,2021-06-06,53547.92,BR_MIS_002
ACC501406,CUST100688,6740356,CHEQUING,24592,999,2022-09-10,85775.19,BR_MIS_002
ACC501407,CUST100688,9140210,MORTGAGE,23434,999,2018-04-08,112882.71,BR_LAV_008
ACC501408,CUST100689,5464094,LOC,93810,999,2024-10-21,143058.13,BR_TOR_001
ACC501409,CUST100690,1702283,CHEQUING,81482,999,2020-07-29,27715.6,BR_VIC_010
ACC501410,CUST100690,1121835,RRSP,65302,999,2024-08-11,88462.66,BR_EDM_013
ACC501411,CUST100690,5459984,RRSP,65302,999,2022-04-20,68350.93,BR_EDM_013
ACC501412,CUST100691,8205036,TFSA,81482,999,2021-07-08,52471.69,BR_VIC_010
ACC501413,CUST100691,6755884,TFSA,13905,999,2020-07-02,121611.31,BR_HAL_015
ACC501414,CUST100692,7685239,RRSP,21395,999,2021-12-15,89675.4,BR_SUR_011
ACC501415,CUST100692,6540763,LOC,39256,999,2021-10-19,10527.49,BR_MON_006
ACC501416,CUST100693,7741225,MORTGAGE,14165,999,2022-11-06,124490.28,BR_WIN_014
ACC501417,CUST100693,3329735,CHEQUING,13905,999,2021-12-10,88295.92,BR_HAL_015
ACC501418,CUST100694,5169769,TFSA,42098,999,2023-12-25,65047.3,BR_LON_005
ACC501419,CUST100694,8972523,CREDIT_CARD,21395,999,2016-10-14,59034.62,BR_SUR_011
ACC501420,CUST100694,1052497,MORTGAGE,46048,999,2024-01-01,143419.81,BR_HAM_004
ACC501421,CUST100695,7043247,LOC,93810,999,2019-11-14,2091.91,BR_TOR_001
ACC501422,CUST100695,6461406,MORTGAGE,65302,999,2022-06-27,63867.45,BR_EDM_013
ACC501423,CUST100696,7713657,MORTGAGE,23434,999,2018-06-11,89951.81,BR_LAV_008
ACC501424,CUST100696,6844074,RRSP,24592,999,2019-11-27,140558.14,BR_MIS_002
ACC501425,CUST100696,8988000,MORTGAGE,13905,999,2020-03-22,127850.5,BR_HAL_015
ACC501426,CUST100697,7456854,TFSA,87397,999,2026-02-13,89111.94,BR_CAL_012
ACC501427,CUST100698,9725065,CREDIT_CARD,13278,999,2025-01-21,116653.6,BR_OTT_003
ACC501428,CUST100698,9466397,CHEQUING,87397,999,2024-08-13,14818.51,BR_CAL_012
ACC501429,CUST100698,2461125,TFSA,65302,999,2024-09-29,124014.89,BR_EDM_013
ACC501430,CUST100699,8831655,SAVINGS,14165,999,2019-05-16,133943.33,BR_WIN_014
ACC501431,CUST100699,9089445,MORTGAGE,24592,999,2018-07-25,78803.53,BR_MIS_002
ACC501432,CUST100699,4550743,SAVINGS,46048,999,2023-05-29,111754.14,BR_HAM_004
ACC501433,CUST100700,2500416,CHEQUING,87397,999,2018-05-20,62408.48,BR_CAL_012
ACC501434,CUST100700,1490260,SAVINGS,87397,999,2024-12-28,138995.54,BR_CAL_012
ACC501435,CUST100700,7433891,LOC,39256,999,2019-03-06,38455.47,BR_MON_006
ACC501436,CUST100701,8991026,MORTGAGE,42098,999,2025-04-11,14080.21,BR_LON_005
ACC501437,CUST100701,9968148,MORTGAGE,13278,999,2016-12-12,107439.23,BR_OTT_003
ACC501438,CUST100701,6583476,LOC,24592,999,2020-04-06,29689.96,BR_MIS_002
ACC501439,CUST100702,2084932,MORTGAGE,65302,999,2017-12-10,48200.0,BR_EDM_013
ACC501440,CUST100702,7403032,MORTGAGE,13905,999,2020-05-24,94525.84,BR_HAL_015
ACC501441,CUST100702,8331010,LOC,98696,999,2021-05-14,31171.95,BR_VAN_009
ACC501442,CUST100703,5881775,CHEQUING,24592,999,2020-09-05,12264.29,BR_MIS_002
ACC501443,CUST100703,4156740,MORTGAGE,39256,999,2024-06-16,141011.19,BR_MON_006
ACC501444,CUST100704,3137710,LOC,39256,999,2025-03-08,43572.71,BR_MON_006
ACC501445,CUST100704,1028160,TFSA,28289,999,2022-05-20,4592.17,BR_QUE_007
ACC501446,CUST100704,4185283,LOC,98696,999,2024-07-10,55162.56,BR_VAN_009
ACC501447,CUST100705,7124083,LOC,39256,999,2024-06-03,100291.84,BR_MON_006
ACC501448,CUST100705,3119085,CREDIT_CARD,65302,999,2023-10-17,97880.13,BR_EDM_013
ACC501449,CUST100706,2788215,RRSP,46048,999,2021-08-15,-3575.78,BR_HAM_004
ACC501450,CUST100706,8727632,TFSA,14165,999,2022-12-30,17428.62,BR_WIN_014
ACC501451,CUST100706,4672603,RRSP,42098,999,2020-04-23,100397.04,BR_LON_005
ACC501452,CUST100707,5754542,SAVINGS,81482,999,2022-08-18,110794.29,BR_VIC_010
ACC501453,CUST100708,6371047,TFSA,93810,999,2024-08-18,72868.59,BR_TOR_001
ACC501454,CUST100708,3071382,TFSA,87397,999,2022-10-08,149511.53,BR_CAL_012
ACC501455,CUST100708,9024252,MORTGAGE,87397,999,2026-03-01,123446.53,BR_CAL_012
ACC501456,CUST100709,7320122,CHEQUING,42098,999,2023-11-19,147077.13,BR_LON_005
ACC501457,CUST100709,3561918,LOC,39256,999,2019-12-05,106098.78,BR_MON_006
ACC501458,CUST100710,4776077,MORTGAGE,13905,999,2024-11-09,109037.46,BR_HAL_015
ACC501459,CUST100710,4003461,LOC,13905,999,2024-07-12,70563.22,BR_HAL_015
ACC501460,CUST100710,6018095,LOC,28289,999,2018-10-28,97183.8,BR_QUE_007
ACC501461,CUST100711,7581459,TFSA,93810,999,2024-12-22,60477.81,BR_TOR_001
ACC501462,CUST100712,7565976,RRSP,39256,999,2025-07-05,6132.6,BR_MON_006
ACC501463,CUST100712,5748621,TFSA,87397,999,2025-01-27,102938.33,BR_CAL_012
ACC501464,CUST100713,7606405,CHEQUING,87397,999,2022-12-01,15289.61,BR_CAL_012
ACC501465,CUST100714,1908038,LOC,14165,999,2023-08-10,139859.19,BR_WIN_014
ACC501466,CUST100714,8676121,MORTGAGE,42098,999,2017-09-25,20372.64,BR_LON_005
ACC501467,CUST100714,8413578,MORTGAGE,13278,999,2016-09-02,69778.47,BR_OTT_003
ACC501468,CUST100715,4659722,LOC,46048,999,2020-01-31,110999.29,BR_HAM_004
ACC501469,CUST100716,1153218,TFSA,21395,999,2020-11-12,107523.41,BR_SUR_011
ACC501470,CUST100716,2710400,MORTGAGE,81482,999,2018-02-18,116752.38,BR_VIC_010
ACC501471,CUST100716,3476408,RRSP,14165,999,2022-11-30,142311.71,BR_WIN_014
ACC501472,CUST100717,3822312,CHEQUING,21395,999,2022-01-11,9887.4,BR_SUR_011
ACC501473,CUST100717,4013739,CHEQUING,23434,999,2019-03-02,13188.76,BR_LAV_008
ACC501474,CUST100718,6678849,CREDIT_CARD,21395,999,2024-10-03,62242.32,BR_SUR_011
ACC501475,CUST100718,7777894,SAVINGS,13278,999,2021-09-05,268.89,BR_OTT_003
ACC501476,CUST100718,7654595,RRSP,46048,999,2020-06-03,41916.89,BR_HAM_004
ACC501477,CUST100719,7297691,LOC,13278,999,2025-03-23,102228.2,BR_OTT_003
ACC501478,CUST100719,2503425,LOC,65302,999,2022-11-09,66869.44,BR_EDM_013
ACC501479,CUST100719,7410589,TFSA,14165,999,2019-01-10,93011.69,BR_WIN_014
ACC501480,CUST100720,1194656,CHEQUING,39256,999,2025-03-19,13077.28,BR_MON_006
ACC501481,CUST100720,9207723,MORTGAGE,24592,999,2018-10-22,98662.79,BR_MIS_002
ACC501482,CUST100721,1386324,CREDIT_CARD,46048,999,2024-06-26,83812.2,BR_HAM_004
ACC501483,CUST100721,9044647,TFSA,81482,999,2019-12-07,102527.51,BR_VIC_010
ACC501484,CUST100721,4038296,RRSP,24592,999,2021-12-23,70049.68,BR_MIS_002
ACC501485,CUST100722,8275548,TFSA,87397,999,2025-11-09,83570.58,BR_CAL_012
ACC501486,CUST100722,6456436,CHEQUING,24592,999,2024-03-02,105634.06,BR_MIS_002
ACC501487,CUST100722,4101936,RRSP,14165,999,2021-04-04,120994.53,BR_WIN_014
ACC501488,CUST100723,9999580,LOC,28289,999,2016-07-05,120890.42,BR_QUE_007
ACC501489,CUST100724,9705716,LOC,24592,999,2018-09-25,85631.84,BR_MIS_002
ACC501490,CUST100724,3081873,LOC,87397,999,2018-08-06,111713.17,BR_CAL_012
ACC501491,CUST100725,2968404,SAVINGS,13905,999,2023-09-25,128610.53,BR_HAL_015
ACC501492,CUST100725,4018851,CHEQUING,87397,999,2020-02-27,80981.87,BR_CAL_012
ACC501493,CUST100725,6273013,CHEQUING,65302,999,2020-06-19,1067.19,BR_EDM_013
ACC501494,CUST100726,3704659,CHEQUING,46048,999,2018-04-28,82186.91,BR_HAM_004
ACC501495,CUST100726,1587291,CHEQUING,14165,999,2023-08-28,146888.91,BR_WIN_014
ACC501496,CUST100726,6009306,TFSA,98696,999,2017-08-24,144772.81,BR_VAN_009
ACC501497,CUST100727,1001435,SAVINGS,28289,999,2020-07-05,41593.0,BR_QUE_007
ACC501498,CUST100728,5922381,MORTGAGE,13905,999,2020-03-27,77785.87,BR_HAL_015
ACC501499,CUST100728,9228265,MORTGAGE,13278,999,2026-03-14,43505.09,BR_OTT_003
ACC501500,CUST100728,6907545,CREDIT_CARD,13905,999,2021-09-08,78422.47,BR_HAL_015
ACC501501,CUST100729,2661097,MORTGAGE,87397,999,2023-05-28,122063.31,BR_CAL_012
ACC501502,CUST100730,4155352,SAVINGS,93810,999,2019-03-16,41454.93,BR_TOR_001
ACC501503,CUST100731,4624549,CREDIT_CARD,13278,999,2024-03-31,50655.1,BR_OTT_003
ACC501504,CUST100732,8080237,CHEQUING,87397,999,2021-03-09,80226.53,BR_CAL_012
ACC501505,CUST100733,3740044,RRSP,28289,999,2021-01-09,65690.5,BR_QUE_007
ACC501506,CUST100733,8136077,MORTGAGE,42098,999,2016-12-28,17202.81,BR_LON_005
ACC501507,CUST100734,5519776,MORTGAGE,24592,999,2024-06-20,103004.45,BR_MIS_002
ACC501508,CUST100735,7243511,CREDIT_CARD,87397,999,2019-03-09,96884.3,BR_CAL_012
ACC501509,CUST100736,3752186,RRSP,81482,999,2019-12-15,122343.01,BR_VIC_010
ACC501510,CUST100736,8275056,RRSP,39256,999,2023-08-28,-983.97,BR_MON_006
ACC501511,CUST100736,5152322,CHEQUING,81482,999,2020-04-20,36869.41,BR_VIC_010
ACC501512,CUST100737,7824657,CHEQUING,24592,999,2018-03-16,46050.41,BR_MIS_002
ACC501513,CUST100737,7087100,TFSA,24592,999,2026-05-02,115601.0,BR_MIS_002
ACC501514,CUST100737,4787716,TFSA,13278,999,2019-01-05,-3471.18,BR_OTT_003
ACC501515,CUST100738,7352396,CHEQUING,46048,999,2016-09-24,116323.71,BR_HAM_004
ACC501516,CUST100738,3948283,CREDIT_CARD,24592,999,2017-06-21,107890.75,BR_MIS_002
ACC501517,CUST100739,9214437,CHEQUING,81482,999,2024-06-17,76988.82,BR_VIC_010
ACC501518,CUST100739,5731119,CREDIT_CARD,87397,999,2025-03-26,37013.36,BR_CAL_012
ACC501519,CUST100740,1804690,SAVINGS,13905,999,2020-07-07,44289.44,BR_HAL_015
ACC501520,CUST100741,6791040,LOC,13278,999,2021-08-08,109901.06,BR_OTT_003
ACC501521,CUST100741,9920146,CREDIT_CARD,65302,999,2025-02-17,87165.63,BR_EDM_013
ACC501522,CUST100742,3140306,TFSA,23434,999,2020-12-15,-3527.89,BR_LAV_008
ACC501523,CUST100742,3608710,MORTGAGE,98696,999,2022-04-02,14587.1,BR_VAN_009
ACC501524,CUST100743,5485722,CHEQUING,81482,999,2018-07-01,137358.45,BR_VIC_010
ACC501525,CUST100743,7210098,MORTGAGE,21395,999,2025-05-07,115516.86,BR_SUR_011
ACC501526,CUST100744,8016965,MORTGAGE,81482,999,2025-09-07,65956.92,BR_VIC_010
ACC501527,CUST100744,6939158,LOC,23434,999,2021-02-09,67643.2,BR_LAV_008
ACC501528,CUST100744,5627541,RRSP,42098,999,2022-12-01,75692.17,BR_LON_005
ACC501529,CUST100745,4838024,TFSA,13905,999,2019-02-07,93523.46,BR_HAL_015
ACC501530,CUST100745,6128149,RRSP,24592,999,2026-04-10,114439.65,BR_MIS_002
ACC501531,CUST100745,2512308,MORTGAGE,14165,999,2024-04-29,7318.6,BR_WIN_014
ACC501532,CUST100746,2570911,SAVINGS,46048,999,2025-06-12,84174.09,BR_HAM_004
ACC501533,CUST100746,5795781,CREDIT_CARD,24592,999,2025-01-28,139086.3,BR_MIS_002
ACC501534,CUST100746,1179426,RRSP,65302,999,2023-11-23,99940.12,BR_EDM_013
ACC501535,CUST100747,9047291,RRSP,13278,999,2018-11-30,74826.78,BR_OTT_003
ACC501536,CUST100747,9932346,MORTGAGE,21395,999,2024-12-11,14327.2,BR_SUR_011
ACC501537,CUST100747,4190758,LOC,93810,999,2025-12-15,110617.18,BR_TOR_001
ACC501538,CUST100748,9964482,MORTGAGE,28289,999,2025-06-22,48484.4,BR_QUE_007
ACC501539,CUST100748,9860239,MORTGAGE,87397,999,2018-05-28,89425.01,BR_CAL_012
ACC501540,CUST100748,8527132,SAVINGS,81482,999,2024-04-11,99550.94,BR_VIC_010
ACC501541,CUST100749,4776024,SAVINGS,13905,999,2022-08-19,6643.97,BR_HAL_015
ACC501542,CUST100749,3236718,CREDIT_CARD,14165,999,2019-01-31,49760.19,BR_WIN_014
ACC501543,CUST100749,8092102,RRSP,93810,999,2019-10-18,53759.69,BR_TOR_001
ACC501544,CUST100750,6670004,MORTGAGE,24592,999,2017-11-26,33713.61,BR_MIS_002
ACC501545,CUST100750,2977453,TFSA,98696,999,2016-12-22,41372.59,BR_VAN_009
ACC501546,CUST100751,4574653,CHEQUING,42098,999,2025-12-27,109393.99,BR_LON_005
ACC501547,CUST100751,7603872,SAVINGS,81482,999,2022-03-12,138073.74,BR_VIC_010
ACC501548,CUST100752,1594402,RRSP,98696,999,2024-08-14,133336.56,BR_VAN_009
ACC501549,CUST100752,9191751,CHEQUING,14165,999,2017-02-19,50140.33,BR_WIN_014
ACC501550,CUST100752,8723456,TFSA,81482,999,2025-03-18,41244.35,BR_VIC_010
ACC501551,CUST100753,6867356,MORTGAGE,93810,999,2016-08-25,23854.44,BR_TOR_001
ACC501552,CUST100754,2700165,RRSP,93810,999,2022-09-21,71267.15,BR_TOR_001
ACC501553,CUST100754,9876767,CREDIT_CARD,24592,999,2020-10-19,134269.04,BR_MIS_002
ACC501554,CUST100755,9177419,CHEQUING,24592,999,2021-04-08,19122.71,BR_MIS_002
ACC501555,CUST100755,5196564,SAVINGS,21395,999,2021-10-09,67958.3,BR_SUR_011
ACC501556,CUST100756,7115223,RRSP,42098,999,2023-04-05,133289.97,BR_LON_005
ACC501557,CUST100756,5521152,CHEQUING,98696,999,2022-05-27,148352.23,BR_VAN_009
ACC501558,CUST100757,8371182,SAVINGS,14165,999,2017-08-03,16680.53,BR_WIN_014
ACC501559,CUST100757,8280643,CHEQUING,87397,999,2019-06-06,50681.7,BR_CAL_012
ACC501560,CUST100757,4329683,CHEQUING,14165,999,2021-08-13,24382.9,BR_WIN_014
ACC501561,CUST100758,7619383,RRSP,13278,999,2022-05-11,110308.22,BR_OTT_003
ACC501562,CUST100759,4338530,RRSP,13278,999,2021-01-19,143753.32,BR_OTT_003
ACC501563,CUST100760,8064807,RRSP,24592,999,2022-02-04,80269.17,BR_MIS_002
ACC501564,CUST100760,3137987,TFSA,65302,999,2021-02-17,111418.94,BR_EDM_013
ACC501565,CUST100761,7523795,SAVINGS,98696,999,2021-08-15,12008.58,BR_VAN_009
ACC501566,CUST100761,1354875,SAVINGS,24592,999,2026-05-25,19109.01,BR_MIS_002
ACC501567,CUST100762,4967894,CHEQUING,93810,999,2025-01-25,100138.1,BR_TOR_001
ACC501568,CUST100762,8208583,CREDIT_CARD,39256,999,2016-08-27,109301.89,BR_MON_006
ACC501569,CUST100762,9056301,TFSA,28289,999,2017-04-23,38744.62,BR_QUE_007
ACC501570,CUST100763,8196619,SAVINGS,65302,999,2018-12-15,90730.04,BR_EDM_013
ACC501571,CUST100764,4134994,SAVINGS,98696,999,2025-05-02,38576.52,BR_VAN_009
ACC501572,CUST100764,5421311,MORTGAGE,24592,999,2020-11-28,33339.93,BR_MIS_002
ACC501573,CUST100764,8200092,SAVINGS,14165,999,2022-12-28,68453.39,BR_WIN_014
ACC501574,CUST100765,9427765,CREDIT_CARD,87397,999,2019-02-18,23084.18,BR_CAL_012
ACC501575,CUST100766,3495209,SAVINGS,21395,999,2025-11-26,13671.48,BR_SUR_011
ACC501576,CUST100766,1643681,TFSA,28289,999,2021-09-20,148511.81,BR_QUE_007
ACC501577,CUST100766,3452982,RRSP,13905,999,2018-07-17,-2262.49,BR_HAL_015
ACC501578,CUST100767,1854889,RRSP,24592,999,2019-11-08,58131.06,BR_MIS_002
ACC501579,CUST100768,4882711,SAVINGS,87397,999,2025-11-24,47107.57,BR_CAL_012
ACC501580,CUST100768,2029277,CREDIT_CARD,23434,999,2025-07-20,61196.29,BR_LAV_008
ACC501581,CUST100769,2846415,TFSA,42098,999,2023-02-15,51354.3,BR_LON_005
ACC501582,CUST100770,8014121,SAVINGS,87397,999,2024-02-15,44575.34,BR_CAL_012
ACC501583,CUST100770,4049286,CHEQUING,93810,999,2023-04-20,-4916.93,BR_TOR_001
ACC501584,CUST100771,6396217,SAVINGS,87397,999,2020-07-15,39224.13,BR_CAL_012
ACC501585,CUST100771,2690500,RRSP,42098,999,2018-04-18,23650.2,BR_LON_005
ACC501586,CUST100771,7099881,TFSA,23434,999,2021-02-10,42175.29,BR_LAV_008
ACC501587,CUST100772,1229203,MORTGAGE,21395,999,2023-09-13,80524.08,BR_SUR_011
ACC501588,CUST100773,7049339,MORTGAGE,39256,999,2025-01-17,120555.46,BR_MON_006
ACC501589,CUST100774,9872833,CREDIT_CARD,65302,999,2021-02-21,52596.8,BR_EDM_013
ACC501590,CUST100774,5629621,SAVINGS,21395,999,2020-10-06,85570.72,BR_SUR_011
ACC501591,CUST100774,2784517,SAVINGS,24592,999,2021-02-21,92581.59,BR_MIS_002
ACC501592,CUST100775,1688519,CREDIT_CARD,24592,999,2021-03-31,145091.18,BR_MIS_002
ACC501593,CUST100775,4194945,SAVINGS,13905,999,2022-10-21,104222.31,BR_HAL_015
ACC501594,CUST100775,2654861,CHEQUING,13905,999,2025-07-31,140981.79,BR_HAL_015
ACC501595,CUST100776,6057934,MORTGAGE,39256,999,2021-11-09,68500.77,BR_MON_006
ACC501596,CUST100776,4388982,CREDIT_CARD,65302,999,2025-11-11,106719.27,BR_EDM_013
ACC501597,CUST100776,3144664,SAVINGS,93810,999,2025-11-08,59822.95,BR_TOR_001
ACC501598,CUST100777,6827390,TFSA,42098,999,2022-06-08,64514.74,BR_LON_005
ACC501599,CUST100777,2970130,RRSP,87397,999,2018-10-30,5494.82,BR_CAL_012
ACC501600,CUST100777,9787280,CREDIT_CARD,28289,999,2023-08-17,117587.2,BR_QUE_007
ACC501601,CUST100778,5599450,MORTGAGE,81482,999,2025-08-30,144960.48,BR_VIC_010
ACC501602,CUST100779,2019943,LOC,93810,999,2025-01-24,145733.47,BR_TOR_001
ACC501603,CUST100779,7668839,RRSP,46048,999,2022-02-20,101127.61,BR_HAM_004
ACC501604,CUST100780,3776934,RRSP,24592,999,2017-09-17,111362.81,BR_MIS_002
ACC501605,CUST100780,7547256,RRSP,28289,999,2021-05-11,89118.85,BR_QUE_007
ACC501606,CUST100780,4088120,CHEQUING,46048,999,2018-12-22,19800.47,BR_HAM_004
ACC501607,CUST100781,1148668,LOC,81482,999,2022-06-03,74483.33,BR_VIC_010
ACC501608,CUST100782,9809266,TFSA,87397,999,2022-04-27,42028.58,BR_CAL_012
ACC501609,CUST100782,5972157,MORTGAGE,46048,999,2026-02-03,36619.77,BR_HAM_004
ACC501610,CUST100782,3870734,SAVINGS,24592,999,2026-01-14,2069.93,BR_MIS_002
ACC501611,CUST100783,1655832,MORTGAGE,42098,999,2017-06-18,17961.62,BR_LON_005
ACC501612,CUST100784,3230889,TFSA,13905,999,2023-10-21,130374.34,BR_HAL_015
ACC501613,CUST100784,5177662,LOC,93810,999,2018-07-05,27545.72,BR_TOR_001
ACC501614,CUST100785,6829443,MORTGAGE,93810,999,2025-07-28,88799.73,BR_TOR_001
ACC501615,CUST100786,2396638,MORTGAGE,39256,999,2021-06-03,132017.89,BR_MON_006
ACC501616,CUST100786,3241630,RRSP,42098,999,2025-10-16,134242.04,BR_LON_005
ACC501617,CUST100787,1960720,MORTGAGE,39256,999,2020-11-23,121467.93,BR_MON_006
ACC501618,CUST100787,6964017,SAVINGS,14165,999,2019-10-13,108223.88,BR_WIN_014
ACC501619,CUST100788,5294752,CHEQUING,13278,999,2023-05-17,78295.25,BR_OTT_003
ACC501620,CUST100788,2785812,MORTGAGE,14165,999,2024-03-22,110594.32,BR_WIN_014
ACC501621,CUST100789,5317535,LOC,21395,999,2016-07-21,92065.59,BR_SUR_011
ACC501622,CUST100789,4458774,LOC,81482,999,2022-03-24,63538.66,BR_VIC_010
ACC501623,CUST100790,4421186,CREDIT_CARD,42098,999,2024-01-09,92619.1,BR_LON_005
ACC501624,CUST100790,7634775,SAVINGS,14165,999,2022-09-19,64138.67,BR_WIN_014
ACC501625,CUST100791,8279693,TFSA,87397,999,2023-12-23,17991.8,BR_CAL_012
ACC501626,CUST100791,2571875,RRSP,23434,999,2024-11-20,23134.6,BR_LAV_008
ACC501627,CUST100791,3954644,SAVINGS,13278,999,2020-01-27,83296.99,BR_OTT_003
ACC501628,CUST100792,5731917,CHEQUING,13278,999,2025-04-21,43074.83,BR_OTT_003
ACC501629,CUST100792,3981886,LOC,13905,999,2024-08-16,56100.59,BR_HAL_015
ACC501630,CUST100792,4151566,CHEQUING,81482,999,2019-02-10,17245.97,BR_VIC_010
ACC501631,CUST100793,8634038,MORTGAGE,46048,999,2021-05-25,145409.75,BR_HAM_004
ACC501632,CUST100793,9837877,SAVINGS,24592,999,2026-02-04,107648.52,BR_MIS_002
ACC501633,CUST100794,2673190,RRSP,81482,999,2021-09-18,54518.54,BR_VIC_010
ACC501634,CUST100795,1227365,LOC,14165,999,2024-01-20,123730.16,BR_WIN_014
ACC501635,CUST100796,5166503,LOC,13278,999,2023-03-31,7957.31,BR_OTT_003
ACC501636,CUST100797,1226440,LOC,21395,999,2019-06-14,144785.92,BR_SUR_011
ACC501637,CUST100798,6677240,LOC,98696,999,2021-09-30,104655.64,BR_VAN_009
ACC501638,CUST100799,9060201,LOC,13278,999,2019-02-16,82241.94,BR_OTT_003
ACC501639,CUST100800,3737109,TFSA,14165,999,2026-02-16,46422.23,BR_WIN_014
ACC501640,CUST100800,5090433,CHEQUING,13278,999,2024-06-29,79246.6,BR_OTT_003
ACC501641,CUST100801,3064864,CHEQUING,21395,999,2018-09-19,122863.36,BR_SUR_011
ACC501642,CUST100801,5978445,CHEQUING,24592,999,2021-08-12,74289.07,BR_MIS_002
ACC501643,CUST100802,1020307,SAVINGS,13278,999,2024-02-16,-1279.87,BR_OTT_003
ACC501644,CUST100802,7465654,SAVINGS,28289,999,2021-01-23,49763.04,BR_QUE_007
ACC501645,CUST100803,7454929,MORTGAGE,46048,999,2020-10-07,132054.71,BR_HAM_004
ACC501646,CUST100803,2885904,RRSP,14165,999,2025-02-05,21281.65,BR_WIN_014
ACC501647,CUST100804,2706851,TFSA,46048,999,2023-01-14,50382.73,BR_HAM_004
ACC501648,CUST100805,2985599,TFSA,39256,999,2023-05-04,138114.54,BR_MON_006
ACC501649,CUST100805,2422780,CHEQUING,13905,999,2016-07-05,88698.49,BR_HAL_015
ACC501650,CUST100805,8191191,CREDIT_CARD,13278,999,2019-05-08,46900.83,BR_OTT_003
ACC501651,CUST100806,8134419,SAVINGS,21395,999,2019-01-23,133433.22,BR_SUR_011
ACC501652,CUST100807,5815154,TFSA,42098,999,2017-09-24,130687.34,BR_LON_005
ACC501653,CUST100807,9376038,MORTGAGE,42098,999,2018-04-14,52212.44,BR_LON_005
ACC501654,CUST100807,2281267,LOC,42098,999,2017-01-05,-4662.29,BR_LON_005
ACC501655,CUST100808,3459356,TFSA,65302,999,2016-07-15,17905.93,BR_EDM_013
ACC501656,CUST100809,9026757,LOC,87397,999,2017-08-12,5433.61,BR_CAL_012
ACC501657,CUST100809,8171473,MORTGAGE,81482,999,2020-12-15,38163.8,BR_VIC_010
ACC501658,CUST100810,3139694,SAVINGS,39256,999,2025-02-16,113967.99,BR_MON_006
ACC501659,CUST100811,9291408,RRSP,39256,999,2021-07-01,69599.73,BR_MON_006
ACC501660,CUST100811,6594616,SAVINGS,28289,999,2024-05-10,119331.84,BR_QUE_007
ACC501661,CUST100812,5125653,RRSP,13905,999,2024-04-18,59892.24,BR_HAL_015
ACC501662,CUST100812,9955185,RRSP,23434,999,2024-06-22,77533.54,BR_LAV_008
ACC501663,CUST100812,4860680,RRSP,14165,999,2019-01-01,7960.75,BR_WIN_014
ACC501664,CUST100813,9840685,CREDIT_CARD,28289,999,2023-10-31,115371.85,BR_QUE_007
ACC501665,CUST100813,4679813,MORTGAGE,65302,999,2017-04-07,8523.78,BR_EDM_013
ACC501666,CUST100813,1048085,SAVINGS,39256,999,2021-05-12,149055.32,BR_MON_006
ACC501667,CUST100814,8951164,SAVINGS,39256,999,2021-08-18,137740.14,BR_MON_006
ACC501668,CUST100815,6861079,TFSA,13905,999,2023-11-25,126556.48,BR_HAL_015
ACC501669,CUST100816,8724035,SAVINGS,42098,999,2021-06-18,124464.11,BR_LON_005
ACC501670,CUST100817,8064499,SAVINGS,13905,999,2019-02-09,27664.29,BR_HAL_015
ACC501671,CUST100817,1937270,MORTGAGE,46048,999,2019-01-18,16359.2,BR_HAM_004
ACC501672,CUST100817,3400426,RRSP,87397,999,2019-02-09,108627.64,BR_CAL_012
ACC501673,CUST100818,7235826,CHEQUING,28289,999,2016-11-08,103717.27,BR_QUE_007
ACC501674,CUST100818,2237660,RRSP,21395,999,2022-01-21,124802.77,BR_SUR_011
ACC501675,CUST100818,3653705,CHEQUING,14165,999,2022-03-01,17767.43,BR_WIN_014
ACC501676,CUST100819,5111186,CHEQUING,24592,999,2019-08-05,-3065.96,BR_MIS_002
ACC501677,CUST100820,4060575,RRSP,13278,999,2023-11-12,110251.48,BR_OTT_003
ACC501678,CUST100820,9849143,MORTGAGE,87397,999,2018-08-05,142058.69,BR_CAL_012
ACC501679,CUST100821,6659575,RRSP,28289,999,2018-06-09,116116.52,BR_QUE_007
ACC501680,CUST100821,1221617,TFSA,87397,999,2018-04-20,12246.33,BR_CAL_012
ACC501681,CUST100822,1538869,CREDIT_CARD,13905,999,2022-09-11,111425.6,BR_HAL_015
ACC501682,CUST100823,1182327,RRSP,13278,999,2021-01-18,124065.41,BR_OTT_003
ACC501683,CUST100823,8621830,CREDIT_CARD,21395,999,2025-04-24,105268.05,BR_SUR_011
ACC501684,CUST100823,9420022,TFSA,42098,999,2020-10-17,104949.69,BR_LON_005
ACC501685,CUST100824,3630678,TFSA,13905,999,2024-11-19,145833.96,BR_HAL_015
ACC501686,CUST100824,7334410,SAVINGS,98696,999,2024-09-08,110185.88,BR_VAN_009
ACC501687,CUST100825,1939470,SAVINGS,81482,999,2017-12-25,55805.1,BR_VIC_010
ACC501688,CUST100825,2295356,LOC,14165,999,2022-08-19,102326.12,BR_WIN_014
ACC501689,CUST100826,7796448,LOC,39256,999,2024-04-01,53972.86,BR_MON_006
ACC501690,CUST100826,7232368,MORTGAGE,93810,999,2017-09-05,60754.39,BR_TOR_001
ACC501691,CUST100827,2751542,CHEQUING,24592,999,2020-01-20,51218.75,BR_MIS_002
ACC501692,CUST100827,6628280,CHEQUING,65302,999,2018-07-04,32127.14,BR_EDM_013
ACC501693,CUST100828,2786178,CHEQUING,98696,999,2025-07-23,27846.04,BR_VAN_009
ACC501694,CUST100829,6186174,SAVINGS,65302,999,2016-10-24,80512.16,BR_EDM_013
ACC501695,CUST100830,1543024,SAVINGS,13905,999,2017-09-28,36721.04,BR_HAL_015
ACC501696,CUST100830,1752869,CREDIT_CARD,81482,999,2025-11-30,147906.57,BR_VIC_010
ACC501697,CUST100830,1766393,CHEQUING,23434,999,2023-01-09,43759.95,BR_LAV_008
ACC501698,CUST100831,6983579,LOC,93810,999,2020-06-17,38772.34,BR_TOR_001
ACC501699,CUST100831,9392233,SAVINGS,28289,999,2018-05-25,43743.23,BR_QUE_007
ACC501700,CUST100832,6969959,SAVINGS,87397,999,2016-08-25,103911.81,BR_CAL_012
ACC501701,CUST100832,6558596,RRSP,24592,999,2022-06-11,133959.23,BR_MIS_002
ACC501702,CUST100833,9425133,LOC,24592,999,2025-05-09,115134.33,BR_MIS_002
ACC501703,CUST100833,7410771,RRSP,93810,999,2025-07-17,85885.52,BR_TOR_001
ACC501704,CUST100833,1627606,TFSA,14165,999,2020-01-08,19989.57,BR_WIN_014
ACC501705,CUST100834,2321253,MORTGAGE,23434,999,2026-01-30,9460.08,BR_LAV_008
ACC501706,CUST100834,4885101,SAVINGS,87397,999,2019-12-19,120158.79,BR_CAL_012
ACC501707,CUST100834,3363282,LOC,21395,999,2026-02-16,106375.95,BR_SUR_011
ACC501708,CUST100835,9779300,LOC,98696,999,2026-03-23,47919.37,BR_VAN_009
ACC501709,CUST100835,3201130,TFSA,65302,999,2016-09-24,40080.45,BR_EDM_013
ACC501710,CUST100835,8229326,CHEQUING,81482,999,2022-05-30,133055.39,BR_VIC_010
ACC501711,CUST100836,5011610,SAVINGS,28289,999,2022-05-15,149536.47,BR_QUE_007
ACC501712,CUST100836,2258262,SAVINGS,81482,999,2024-06-21,82869.63,BR_VIC_010
ACC501713,CUST100836,2634202,LOC,23434,999,2019-03-11,-2684.03,BR_LAV_008
ACC501714,CUST100837,2462431,RRSP,98696,999,2024-05-21,9587.67,BR_VAN_009
ACC501715,CUST100837,3847389,TFSA,39256,999,2017-01-14,20028.24,BR_MON_006
ACC501716,CUST100838,7095636,TFSA,81482,999,2018-03-28,8830.53,BR_VIC_010
ACC501717,CUST100838,8729953,TFSA,13278,999,2021-01-25,147852.21,BR_OTT_003
ACC501718,CUST100839,8416290,MORTGAGE,65302,999,2025-09-06,138244.92,BR_EDM_013
ACC501719,CUST100839,9191626,CHEQUING,24592,999,2016-09-11,51338.18,BR_MIS_002
ACC501720,CUST100840,7862438,LOC,28289,999,2017-11-24,91050.94,BR_QUE_007
ACC501721,CUST100840,3163996,RRSP,21395,999,2026-03-09,51843.5,BR_SUR_011
ACC501722,CUST100841,7269362,CHEQUING,39256,999,2022-07-13,100741.14,BR_MON_006
ACC501723,CUST100841,8551295,TFSA,98696,999,2018-08-03,130998.34,BR_VAN_009
ACC501724,CUST100841,1715977,CREDIT_CARD,21395,999,2022-01-08,146501.9,BR_SUR_011
ACC501725,CUST100842,5107344,MORTGAGE,87397,999,2025-08-26,122291.43,BR_CAL_012
ACC501726,CUST100843,2766607,TFSA,13278,999,2016-06-24,53252.36,BR_OTT_003
ACC501727,CUST100844,2224379,SAVINGS,28289,999,2019-05-12,55174.56,BR_QUE_007
ACC501728,CUST100844,2568722,TFSA,23434,999,2018-06-11,67211.03,BR_LAV_008
ACC501729,CUST100844,9977752,LOC,21395,999,2023-01-30,67052.21,BR_SUR_011
ACC501730,CUST100845,2817783,RRSP,13278,999,2021-10-03,114073.58,BR_OTT_003
ACC501731,CUST100846,6515017,CHEQUING,28289,999,2023-06-09,44179.15,BR_QUE_007
ACC501732,CUST100847,4567426,MORTGAGE,23434,999,2024-01-08,109899.14,BR_LAV_008
ACC501733,CUST100847,5670358,RRSP,24592,999,2023-05-15,933.76,BR_MIS_002
ACC501734,CUST100847,8884747,SAVINGS,13278,999,2020-04-13,94233.54,BR_OTT_003
ACC501735,CUST100848,1525516,CREDIT_CARD,81482,999,2021-08-11,115001.86,BR_VIC_010
ACC501736,CUST100848,7064842,LOC,93810,999,2024-07-07,61667.01,BR_TOR_001
ACC501737,CUST100849,1907270,SAVINGS,46048,999,2016-12-28,129543.19,BR_HAM_004
ACC501738,CUST100849,8095426,TFSA,65302,999,2021-09-21,34071.05,BR_EDM_013
ACC501739,CUST100850,3377967,CHEQUING,24592,999,2017-09-06,37455.32,BR_MIS_002
ACC501740,CUST100851,8573586,LOC,42098,999,2023-05-15,60056.89,BR_LON_005
ACC501741,CUST100852,5352802,SAVINGS,21395,999,2022-02-07,123735.11,BR_SUR_011
ACC501742,CUST100853,8189612,TFSA,13905,999,2025-07-16,144321.69,BR_HAL_015
ACC501743,CUST100854,4332044,TFSA,13278,999,2016-12-30,141000.95,BR_OTT_003
ACC501744,CUST100854,8977556,CREDIT_CARD,23434,999,2026-01-17,101768.73,BR_LAV_008
ACC501745,CUST100855,8328019,TFSA,87397,999,2019-05-31,136452.66,BR_CAL_012
ACC501746,CUST100856,1166623,CREDIT_CARD,28289,999,2019-04-26,116376.22,BR_QUE_007
ACC501747,CUST100856,4331283,CHEQUING,81482,999,2020-12-02,107022.17,BR_VIC_010
ACC501748,CUST100856,3426274,TFSA,81482,999,2025-08-04,97929.76,BR_VIC_010
ACC501749,CUST100857,6310245,CHEQUING,87397,999,2020-01-11,18328.47,BR_CAL_012
ACC501750,CUST100857,3474414,RRSP,23434,999,2024-01-02,128966.71,BR_LAV_008
ACC501751,CUST100857,7818036,TFSA,24592,999,2021-04-17,75707.21,BR_MIS_002
ACC501752,CUST100858,3109184,MORTGAGE,23434,999,2020-11-28,64645.94,BR_LAV_008
ACC501753,CUST100859,1612133,SAVINGS,24592,999,2018-06-26,110584.67,BR_MIS_002
ACC501754,CUST100859,8049385,MORTGAGE,46048,999,2024-07-20,79643.37,BR_HAM_004
ACC501755,CUST100859,7334348,SAVINGS,13278,999,2025-11-07,48953.26,BR_OTT_003
ACC501756,CUST100860,1241105,TFSA,21395,999,2017-12-10,121135.8,BR_SUR_011
ACC501757,CUST100861,6150025,CREDIT_CARD,42098,999,2024-09-30,121952.99,BR_LON_005
ACC501758,CUST100862,9374022,MORTGAGE,87397,999,2019-09-25,149852.47,BR_CAL_012
ACC501759,CUST100863,6901033,TFSA,28289,999,2023-03-28,123368.81,BR_QUE_007
ACC501760,CUST100863,9777333,LOC,28289,999,2018-10-21,47053.13,BR_QUE_007
ACC501761,CUST100864,8187084,TFSA,23434,999,2024-09-26,22418.75,BR_LAV_008
ACC501762,CUST100865,8312788,RRSP,13278,999,2020-03-08,39179.33,BR_OTT_003
ACC501763,CUST100865,8339925,MORTGAGE,21395,999,2017-04-14,38903.5,BR_SUR_011
ACC501764,CUST100865,2664720,CHEQUING,81482,999,2018-01-02,119920.66,BR_VIC_010
ACC501765,CUST100866,1275590,CREDIT_CARD,24592,999,2017-11-21,139537.0,BR_MIS_002
ACC501766,CUST100867,2672723,MORTGAGE,23434,999,2023-03-23,63836.02,BR_LAV_008
ACC501767,CUST100868,1547533,MORTGAGE,65302,999,2024-02-01,39935.19,BR_EDM_013
ACC501768,CUST100868,4554607,SAVINGS,28289,999,2025-02-21,115416.44,BR_QUE_007
ACC501769,CUST100868,7393458,CHEQUING,98696,999,2020-10-20,25311.84,BR_VAN_009
ACC501770,CUST100869,6882321,LOC,24592,999,2019-03-08,136674.54,BR_MIS_002
ACC501771,CUST100869,7640565,CHEQUING,28289,999,2017-10-02,140640.61,BR_QUE_007
ACC501772,CUST100870,5758092,TFSA,98696,999,2019-12-27,131339.11,BR_VAN_009
ACC501773,CUST100871,7957788,MORTGAGE,42098,999,2026-01-02,32440.94,BR_LON_005
ACC501774,CUST100871,7955106,CHEQUING,13905,999,2021-06-25,-2592.84,BR_HAL_015
ACC501775,CUST100872,7281485,LOC,65302,999,2018-04-14,121589.59,BR_EDM_013
ACC501776,CUST100873,6326278,TFSA,81482,999,2020-01-23,21413.67,BR_VIC_010
ACC501777,CUST100873,8214533,SAVINGS,81482,999,2022-11-26,81139.64,BR_VIC_010
ACC501778,CUST100873,4232305,CREDIT_CARD,28289,999,2023-04-18,94887.33,BR_QUE_007
ACC501779,CUST100874,8199144,SAVINGS,65302,999,2024-03-06,140605.72,BR_EDM_013
ACC501780,CUST100875,3914492,RRSP,87397,999,2024-04-09,135146.56,BR_CAL_012
ACC501781,CUST100875,3658243,RRSP,98696,999,2023-01-20,30800.27,BR_VAN_009
ACC501782,CUST100876,3119470,CREDIT_CARD,65302,999,2017-03-25,13347.77,BR_EDM_013
ACC501783,CUST100876,7576872,LOC,81482,999,2025-06-28,113136.64,BR_VIC_010
ACC501784,CUST100876,5365936,LOC,13905,999,2022-05-10,80700.35,BR_HAL_015
ACC501785,CUST100877,2564549,CHEQUING,46048,999,2018-11-16,-1025.76,BR_HAM_004
ACC501786,CUST100877,3567729,CHEQUING,93810,999,2025-10-22,90805.44,BR_TOR_001
ACC501787,CUST100878,2321583,CREDIT_CARD,13905,999,2017-09-04,54272.75,BR_HAL_015
ACC501788,CUST100878,3190232,RRSP,87397,999,2020-09-02,93341.79,BR_CAL_012
ACC501789,CUST100878,7008279,SAVINGS,65302,999,2023-09-15,32156.89,BR_EDM_013
ACC501790,CUST100879,4251909,CREDIT_CARD,42098,999,2024-09-29,125270.8,BR_LON_005
ACC501791,CUST100880,7343582,LOC,65302,999,2019-09-21,35374.36,BR_EDM_013
ACC501792,CUST100880,5613144,CHEQUING,93810,999,2019-06-22,139921.26,BR_TOR_001
ACC501793,CUST100880,1388238,MORTGAGE,21395,999,2023-11-09,147643.67,BR_SUR_011
ACC501794,CUST100881,8702884,CREDIT_CARD,24592,999,2020-12-21,14016.07,BR_MIS_002
ACC501795,CUST100882,5395541,SAVINGS,42098,999,2017-06-21,9380.46,BR_LON_005
ACC501796,CUST100883,7063240,LOC,14165,999,2024-06-06,27235.73,BR_WIN_014
ACC501797,CUST100883,9238233,LOC,24592,999,2016-08-02,-1596.67,BR_MIS_002
ACC501798,CUST100884,2280314,SAVINGS,23434,999,2023-07-11,101537.14,BR_LAV_008
ACC501799,CUST100885,6261082,MORTGAGE,13905,999,2019-05-19,135786.87,BR_HAL_015
ACC501800,CUST100885,3702870,SAVINGS,65302,999,2021-12-25,41307.02,BR_EDM_013
ACC501801,CUST100886,1527651,CHEQUING,21395,999,2022-04-16,146266.96,BR_SUR_011
ACC501802,CUST100887,1084130,SAVINGS,23434,999,2017-08-03,75871.03,BR_LAV_008
ACC501803,CUST100887,3040002,SAVINGS,42098,999,2023-07-27,88947.17,BR_LON_005
ACC501804,CUST100888,9690512,CREDIT_CARD,93810,999,2019-09-10,112948.95,BR_TOR_001
ACC501805,CUST100888,7121849,CHEQUING,46048,999,2016-09-28,134278.72,BR_HAM_004
ACC501806,CUST100888,6495204,SAVINGS,93810,999,2022-02-27,29062.97,BR_TOR_001
ACC501807,CUST100889,3123664,TFSA,87397,999,2022-12-25,37418.3,BR_CAL_012
ACC501808,CUST100889,2542997,TFSA,46048,999,2019-04-27,104752.95,BR_HAM_004
ACC501809,CUST100889,5937884,RRSP,21395,999,2023-07-23,110505.14,BR_SUR_011
ACC501810,CUST100890,9600949,RRSP,28289,999,2016-11-06,137963.96,BR_QUE_007
ACC501811,CUST100890,3901779,SAVINGS,42098,999,2025-08-12,101493.91,BR_LON_005
ACC501812,CUST100891,7590525,CHEQUING,42098,999,2016-09-14,85465.48,BR_LON_005
ACC501813,CUST100891,6227531,SAVINGS,65302,999,2025-10-07,118085.43,BR_EDM_013
ACC501814,CUST100891,9184459,RRSP,87397,999,2020-07-26,131842.89,BR_CAL_012
ACC501815,CUST100892,5557932,LOC,81482,999,2025-09-28,44406.05,BR_VIC_010
ACC501816,CUST100892,7426442,RRSP,24592,999,2019-11-27,25956.72,BR_MIS_002
ACC501817,CUST100893,2078208,RRSP,39256,999,2019-12-17,20923.6,BR_MON_006
ACC501818,CUST100893,9579143,TFSA,93810,999,2023-06-01,85964.73,BR_TOR_001
ACC501819,CUST100894,9900282,TFSA,81482,999,2024-03-04,56737.53,BR_VIC_010
ACC501820,CUST100894,4018292,LOC,24592,999,2018-07-17,45015.58,BR_MIS_002
ACC501821,CUST100895,5115755,CHEQUING,39256,999,2025-01-18,28353.55,BR_MON_006
ACC501822,CUST100896,3433361,LOC,39256,999,2021-07-09,43740.2,BR_MON_006
ACC501823,CUST100896,6345038,MORTGAGE,93810,999,2017-03-20,-3310.34,BR_TOR_001
ACC501824,CUST100897,8807724,CREDIT_CARD,46048,999,2017-01-21,118262.11,BR_HAM_004
ACC501825,CUST100897,4903198,CREDIT_CARD,13905,999,2024-01-02,5266.45,BR_HAL_015
ACC501826,CUST100898,4559708,CREDIT_CARD,81482,999,2017-10-11,28706.83,BR_VIC_010
ACC501827,CUST100898,5664879,MORTGAGE,98696,999,2017-12-18,89225.18,BR_VAN_009
ACC501828,CUST100899,8075793,MORTGAGE,24592,999,2020-10-28,112211.19,BR_MIS_002
ACC501829,CUST100899,6370746,SAVINGS,39256,999,2019-09-26,25554.1,BR_MON_006
ACC501830,CUST100899,9286841,RRSP,65302,999,2020-11-27,2252.74,BR_EDM_013
ACC501831,CUST100900,3000834,CHEQUING,28289,999,2024-10-20,65181.69,BR_QUE_007
ACC501832,CUST100900,6484048,CREDIT_CARD,81482,999,2022-09-18,54342.92,BR_VIC_010
ACC501833,CUST100901,5782125,CHEQUING,93810,999,2025-10-11,94768.32,BR_TOR_001
ACC501834,CUST100901,1077963,RRSP,14165,999,2019-02-25,39076.7,BR_WIN_014
ACC501835,CUST100901,7758043,CHEQUING,14165,999,2022-03-08,133853.58,BR_WIN_014
ACC501836,CUST100902,6660462,MORTGAGE,93810,999,2018-03-28,-2477.79,BR_TOR_001
ACC501837,CUST100902,2595845,LOC,23434,999,2019-04-11,119389.56,BR_LAV_008
ACC501838,CUST100902,6049913,TFSA,87397,999,2023-07-09,44164.4,BR_CAL_012
ACC501839,CUST100903,2338271,CREDIT_CARD,28289,999,2017-09-12,115065.08,BR_QUE_007
ACC501840,CUST100903,1789750,RRSP,23434,999,2021-07-31,41258.79,BR_LAV_008
ACC501841,CUST100904,3036971,LOC,23434,999,2017-12-03,52955.44,BR_LAV_008
ACC501842,CUST100904,2723751,CHEQUING,81482,999,2019-04-28,29722.23,BR_VIC_010
ACC501843,CUST100905,2763884,TFSA,13278,999,2022-04-22,128515.26,BR_OTT_003
ACC501844,CUST100906,4797376,SAVINGS,28289,999,2024-07-21,8642.59,BR_QUE_007
ACC501845,CUST100906,7188771,LOC,87397,999,2021-04-06,134946.49,BR_CAL_012
ACC501846,CUST100906,1880652,TFSA,93810,999,2021-02-19,131914.5,BR_TOR_001
ACC501847,CUST100907,1805363,TFSA,24592,999,2016-10-27,6631.54,BR_MIS_002
ACC501848,CUST100908,7367900,TFSA,87397,999,2021-05-16,103293.05,BR_CAL_012
ACC501849,CUST100908,3311285,CREDIT_CARD,13905,999,2023-07-19,66407.53,BR_HAL_015
ACC501850,CUST100909,3483052,LOC,39256,999,2025-03-07,85540.2,BR_MON_006
ACC501851,CUST100910,8495720,MORTGAGE,21395,999,2025-05-14,13967.86,BR_SUR_011
ACC501852,CUST100910,5035313,CREDIT_CARD,98696,999,2022-06-09,69078.66,BR_VAN_009
ACC501853,CUST100911,6400776,LOC,42098,999,2019-04-13,108284.01,BR_LON_005
ACC501854,CUST100911,2540137,TFSA,46048,999,2024-10-04,113761.31,BR_HAM_004
ACC501855,CUST100912,6922519,CREDIT_CARD,24592,999,2022-02-17,124509.02,BR_MIS_002
ACC501856,CUST100912,4454281,MORTGAGE,46048,999,2023-10-24,7092.59,BR_HAM_004
ACC501857,CUST100912,2011111,SAVINGS,23434,999,2021-01-21,-2965.14,BR_LAV_008
ACC501858,CUST100913,7460238,SAVINGS,23434,999,2019-02-02,70585.06,BR_LAV_008
ACC501859,CUST100914,9852408,CREDIT_CARD,46048,999,2023-08-20,128061.12,BR_HAM_004
ACC501860,CUST100914,6231562,MORTGAGE,65302,999,2025-05-13,65373.4,BR_EDM_013
ACC501861,CUST100915,9464296,CHEQUING,14165,999,2020-10-20,136689.42,BR_WIN_014
ACC501862,CUST100916,7100930,RRSP,13905,999,2017-10-06,146135.03,BR_HAL_015
ACC501863,CUST100917,4406122,LOC,98696,999,2023-03-20,57031.76,BR_VAN_009
ACC501864,CUST100917,5661355,RRSP,24592,999,2019-11-06,20450.43,BR_MIS_002
ACC501865,CUST100917,2712355,SAVINGS,42098,999,2020-08-27,66447.89,BR_LON_005
ACC501866,CUST100918,2848835,SAVINGS,87397,999,2024-11-22,-2428.87,BR_CAL_012
ACC501867,CUST100919,5475434,CHEQUING,13278,999,2017-08-11,68817.27,BR_OTT_003
ACC501868,CUST100919,8594054,TFSA,98696,999,2019-09-27,36164.7,BR_VAN_009
ACC501869,CUST100920,6946295,RRSP,24592,999,2022-04-20,27870.23,BR_MIS_002
ACC501870,CUST100920,9425356,RRSP,28289,999,2019-11-15,73728.66,BR_QUE_007
ACC501871,CUST100920,8404466,TFSA,93810,999,2016-09-26,52316.0,BR_TOR_001
ACC501872,CUST100921,7417663,MORTGAGE,21395,999,2018-02-15,138843.09,BR_SUR_011
ACC501873,CUST100922,4178437,RRSP,42098,999,2020-12-10,22379.99,BR_LON_005
ACC501874,CUST100923,9281506,CREDIT_CARD,98696,999,2020-11-26,62202.63,BR_VAN_009
ACC501875,CUST100923,1836704,MORTGAGE,21395,999,2022-09-05,33586.36,BR_SUR_011
ACC501876,CUST100924,2932532,CHEQUING,46048,999,2024-05-08,133734.06,BR_HAM_004
ACC501877,CUST100925,5005847,CHEQUING,42098,999,2020-03-12,77480.42,BR_LON_005
ACC501878,CUST100925,4799452,CREDIT_CARD,42098,999,2017-09-04,103424.4,BR_LON_005
ACC501879,CUST100925,7575126,RRSP,28289,999,2017-12-26,10702.16,BR_QUE_007
ACC501880,CUST100926,5500772,RRSP,14165,999,2024-03-13,26884.33,BR_WIN_014
ACC501881,CUST100926,4415429,TFSA,65302,999,2017-12-20,93719.38,BR_EDM_013
ACC501882,CUST100926,5831479,MORTGAGE,87397,999,2017-11-29,-4518.44,BR_CAL_012
ACC501883,CUST100927,8998677,MORTGAGE,98696,999,2021-04-07,42325.25,BR_VAN_009
ACC501884,CUST100928,3856028,TFSA,46048,999,2020-01-16,100623.59,BR_HAM_004
ACC501885,CUST100928,4143117,TFSA,13278,999,2024-06-28,134479.73,BR_OTT_003
ACC501886,CUST100928,1213654,MORTGAGE,13278,999,2025-11-09,68563.11,BR_OTT_003
ACC501887,CUST100929,3978208,TFSA,93810,999,2024-08-10,131594.92,BR_TOR_001
ACC501888,CUST100929,1163307,CREDIT_CARD,13278,999,2025-12-03,49582.26,BR_OTT_003
ACC501889,CUST100930,1016885,RRSP,81482,999,2023-05-17,130348.87,BR_VIC_010
ACC501890,CUST100930,2835192,CHEQUING,23434,999,2018-06-16,121933.6,BR_LAV_008
ACC501891,CUST100931,5876441,LOC,21395,999,2017-06-21,30384.59,BR_SUR_011
ACC501892,CUST100931,3806907,LOC,98696,999,2025-07-03,17720.36,BR_VAN_009
ACC501893,CUST100931,2677595,TFSA,24592,999,2022-10-22,119603.36,BR_MIS_002
ACC501894,CUST100932,9231939,MORTGAGE,23434,999,2016-12-06,49371.06,BR_LAV_008
ACC501895,CUST100932,5317440,MORTGAGE,98696,999,2019-10-30,70406.46,BR_VAN_009
ACC501896,CUST100933,1227516,LOC,23434,999,2026-01-16,49657.09,BR_LAV_008
ACC501897,CUST100933,6599209,CREDIT_CARD,87397,999,2019-10-20,115051.58,BR_CAL_012
ACC501898,CUST100934,2891816,TFSA,23434,999,2018-11-05,101296.54,BR_LAV_008
ACC501899,CUST100934,1347746,SAVINGS,87397,999,2019-05-03,146688.8,BR_CAL_012
ACC501900,CUST100934,4695275,MORTGAGE,14165,999,2019-12-30,149083.49,BR_WIN_014
ACC501901,CUST100935,1518494,SAVINGS,23434,999,2026-01-27,84525.55,BR_LAV_008
ACC501902,CUST100935,8226291,TFSA,87397,999,2025-04-25,26977.67,BR_CAL_012
ACC501903,CUST100936,7338067,MORTGAGE,46048,999,2020-01-27,11729.41,BR_HAM_004
ACC501904,CUST100937,8537488,CREDIT_CARD,13905,999,2020-10-15,22117.6,BR_HAL_015
ACC501905,CUST100937,6852648,TFSA,13905,999,2018-04-24,55609.06,BR_HAL_015
ACC501906,CUST100938,6189583,SAVINGS,42098,999,2017-09-01,1370.5,BR_LON_005
ACC501907,CUST100938,6759189,LOC,98696,999,2026-05-12,89916.95,BR_VAN_009
ACC501908,CUST100939,8634097,CREDIT_CARD,65302,999,2026-01-01,145063.72,BR_EDM_013
ACC501909,CUST100939,6821657,TFSA,65302,999,2023-01-27,12079.54,BR_EDM_013
ACC501910,CUST100940,3468450,RRSP,23434,999,2018-06-22,100543.08,BR_LAV_008
ACC501911,CUST100941,3728089,TFSA,42098,999,2024-05-19,70457.84,BR_LON_005
ACC501912,CUST100941,5944694,CHEQUING,24592,999,2025-09-19,65348.02,BR_MIS_002
ACC501913,CUST100941,5748242,LOC,46048,999,2021-04-10,86926.1,BR_HAM_004
ACC501914,CUST100942,6130833,CHEQUING,23434,999,2026-02-22,61700.04,BR_LAV_008
ACC501915,CUST100943,1010766,CHEQUING,14165,999,2024-01-30,33972.19,BR_WIN_014
ACC501916,CUST100943,5752407,LOC,39256,999,2020-08-02,128146.63,BR_MON_006
ACC501917,CUST100943,3601089,CHEQUING,21395,999,2016-12-23,105545.55,BR_SUR_011
ACC501918,CUST100944,4300538,RRSP,87397,999,2024-08-22,85709.85,BR_CAL_012
ACC501919,CUST100945,4671824,CHEQUING,42098,999,2022-07-26,68342.55,BR_LON_005
ACC501920,CUST100946,7480045,RRSP,46048,999,2024-01-10,56862.61,BR_HAM_004
ACC501921,CUST100946,2646494,TFSA,13905,999,2019-06-15,137630.09,BR_HAL_015
ACC501922,CUST100947,3907524,CREDIT_CARD,42098,999,2024-06-22,62551.52,BR_LON_005
ACC501923,CUST100947,6410314,LOC,13905,999,2022-03-30,84615.95,BR_HAL_015
ACC501924,CUST100947,4347166,TFSA,21395,999,2016-09-26,16032.07,BR_SUR_011
ACC501925,CUST100948,6050986,TFSA,46048,999,2020-08-11,8267.68,BR_HAM_004
ACC501926,CUST100948,8736886,CREDIT_CARD,81482,999,2023-08-13,23422.69,BR_VIC_010
ACC501927,CUST100948,8329845,CHEQUING,65302,999,2019-05-17,16484.53,BR_EDM_013
ACC501928,CUST100949,6255638,CREDIT_CARD,87397,999,2017-03-26,139906.37,BR_CAL_012
ACC501929,CUST100949,6998844,RRSP,87397,999,2017-04-29,49900.05,BR_CAL_012
ACC501930,CUST100950,7882997,RRSP,28289,999,2025-07-18,-710.69,BR_QUE_007
ACC501931,CUST100950,1443289,LOC,98696,999,2023-03-30,60242.39,BR_VAN_009
ACC501932,CUST100951,6073262,LOC,81482,999,2022-01-11,32610.08,BR_VIC_010
ACC501933,CUST100952,3135317,CREDIT_CARD,39256,999,2024-02-06,79206.78,BR_MON_006
ACC501934,CUST100952,5921482,CHEQUING,81482,999,2017-05-16,112076.95,BR_VIC_010
ACC501935,CUST100952,3112852,RRSP,28289,999,2023-08-15,98862.28,BR_QUE_007
ACC501936,CUST100953,9690736,RRSP,65302,999,2021-01-02,125075.7,BR_EDM_013
ACC501937,CUST100953,1917592,TFSA,24592,999,2018-10-02,123633.61,BR_MIS_002
ACC501938,CUST100954,6594923,CREDIT_CARD,24592,999,2020-05-07,10096.85,BR_MIS_002
ACC501939,CUST100954,9077690,MORTGAGE,42098,999,2020-04-10,46352.68,BR_LON_005
ACC501940,CUST100954,3037470,MORTGAGE,93810,999,2016-11-24,85615.71,BR_TOR_001
ACC501941,CUST100955,1889532,MORTGAGE,87397,999,2025-10-26,26784.99,BR_CAL_012
ACC501942,CUST100955,9309833,SAVINGS,13278,999,2023-04-04,29649.26,BR_OTT_003
ACC501943,CUST100955,3596701,TFSA,21395,999,2018-11-12,92377.12,BR_SUR_011
ACC501944,CUST100956,1108226,LOC,13905,999,2017-02-14,70168.05,BR_HAL_015
ACC501945,CUST100956,4367185,CHEQUING,87397,999,2023-03-28,5407.02,BR_CAL_012
ACC501946,CUST100956,3030620,CREDIT_CARD,13278,999,2016-10-18,10013.86,BR_OTT_003
ACC501947,CUST100957,8948078,CHEQUING,24592,999,2022-03-13,124072.6,BR_MIS_002
ACC501948,CUST100958,1933705,CHEQUING,28289,999,2026-01-27,41488.18,BR_QUE_007
ACC501949,CUST100958,4087744,LOC,23434,999,2021-08-12,31413.82,BR_LAV_008
ACC501950,CUST100959,8367376,LOC,42098,999,2021-07-02,97014.69,BR_LON_005
ACC501951,CUST100959,8253691,SAVINGS,24592,999,2019-12-10,93610.56,BR_MIS_002
ACC501952,CUST100959,3377099,LOC,13278,999,2023-03-26,110412.77,BR_OTT_003
ACC501953,CUST100960,9581797,MORTGAGE,13278,999,2026-03-27,103442.44,BR_OTT_003
ACC501954,CUST100961,9060889,TFSA,23434,999,2016-10-09,39864.6,BR_LAV_008
ACC501955,CUST100962,9270565,TFSA,81482,999,2020-02-27,98493.45,BR_VIC_010
ACC501956,CUST100963,2800796,RRSP,28289,999,2024-01-24,59618.95,BR_QUE_007
ACC501957,CUST100963,3485821,CHEQUING,28289,999,2018-05-29,38930.44,BR_QUE_007
ACC501958,CUST100964,7533541,CHEQUING,81482,999,2017-03-21,84983.4,BR_VIC_010
ACC501959,CUST100965,8457126,CHEQUING,21395,999,2017-07-08,135756.79,BR_SUR_011
ACC501960,CUST100966,8850178,MORTGAGE,13278,999,2024-11-06,66044.28,BR_OTT_003
ACC501961,CUST100966,3656077,TFSA,93810,999,2018-03-03,72598.95,BR_TOR_001
ACC501962,CUST100967,6852464,MORTGAGE,46048,999,2018-01-20,76383.63,BR_HAM_004
ACC501963,CUST100967,2053034,SAVINGS,98696,999,2019-04-16,96667.48,BR_VAN_009
ACC501964,CUST100967,6692359,RRSP,39256,999,2016-10-07,105853.26,BR_MON_006
ACC501965,CUST100968,6082320,RRSP,42098,999,2023-07-09,5572.57,BR_LON_005
ACC501966,CUST100969,7317003,RRSP,23434,999,2023-04-19,88905.48,BR_LAV_008
ACC501967,CUST100969,9505716,LOC,13278,999,2023-10-10,97130.29,BR_OTT_003
ACC501968,CUST100969,3171340,MORTGAGE,42098,999,2023-07-07,45231.87,BR_LON_005
ACC501969,CUST100970,7774201,CHEQUING,39256,999,2025-11-04,1964.02,BR_MON_006
ACC501970,CUST100970,3670591,SAVINGS,14165,999,2020-10-09,9963.77,BR_WIN_014
ACC501971,CUST100970,9379110,MORTGAGE,24592,999,2021-06-08,68844.02,BR_MIS_002
ACC501972,CUST100971,4969777,CHEQUING,65302,999,2016-11-11,134468.12,BR_EDM_013
ACC501973,CUST100972,7443851,LOC,87397,999,2025-07-14,145864.56,BR_CAL_012
ACC501974,CUST100973,5202421,CHEQUING,93810,999,2023-02-04,799.83,BR_TOR_001
ACC501975,CUST100974,8407618,LOC,24592,999,2025-05-02,53019.93,BR_MIS_002
ACC501976,CUST100974,1494247,SAVINGS,21395,999,2021-11-14,44779.68,BR_SUR_011
ACC501977,CUST100974,8541520,RRSP,87397,999,2022-10-20,15648.58,BR_CAL_012
ACC501978,CUST100975,4350987,SAVINGS,81482,999,2021-08-17,34136.72,BR_VIC_010
ACC501979,CUST100975,5799782,SAVINGS,23434,999,2025-11-16,26184.88,BR_LAV_008
ACC501980,CUST100975,8282368,LOC,13278,999,2026-05-20,76922.06,BR_OTT_003
ACC501981,CUST100976,1406730,MORTGAGE,24592,999,2017-01-24,143774.01,BR_MIS_002
ACC501982,CUST100977,1557661,LOC,46048,999,2021-10-05,16787.2,BR_HAM_004
ACC501983,CUST100978,7845563,CREDIT_CARD,39256,999,2018-07-20,79720.03,BR_MON_006
ACC501984,CUST100979,4108891,MORTGAGE,39256,999,2019-05-30,108146.45,BR_MON_006
ACC501985,CUST100980,9860962,RRSP,21395,999,2025-12-18,24471.22,BR_SUR_011
ACC501986,CUST100980,8947918,CREDIT_CARD,46048,999,2020-12-08,49576.44,BR_HAM_004
ACC501987,CUST100980,3313134,LOC,81482,999,2017-06-06,5408.98,BR_VIC_010
ACC501988,CUST100981,7310216,LOC,21395,999,2023-12-31,5984.48,BR_SUR_011
ACC501989,CUST100981,3133934,LOC,24592,999,2024-03-02,75173.26,BR_MIS_002
ACC501990,CUST100982,9367003,SAVINGS,24592,999,2020-10-05,2979.25,BR_MIS_002
ACC501991,CUST100983,1378200,SAVINGS,39256,999,2018-12-03,122305.81,BR_MON_006
ACC501992,CUST100983,5217487,RRSP,42098,999,2025-04-04,104007.36,BR_LON_005
ACC501993,CUST100983,3648501,TFSA,24592,999,2025-03-31,6590.45,BR_MIS_002
ACC501994,CUST100984,9686567,CREDIT_CARD,46048,999,2024-06-25,72507.29,BR_HAM_004
ACC501995,CUST100984,1950399,CREDIT_CARD,28289,999,2023-10-31,103115.28,BR_QUE_007
ACC501996,CUST100984,8901711,TFSA,24592,999,2021-11-16,96250.96,BR_MIS_002
ACC501997,CUST100985,8070014,TFSA,39256,999,2019-06-06,26079.24,BR_MON_006
ACC501998,CUST100986,4426466,CREDIT_CARD,13278,999,2023-06-07,121598.17,BR_OTT_003
ACC501999,CUST100987,2045698,SAVINGS,13905,999,2018-04-17,71501.04,BR_HAL_015
ACC502000,CUST100987,1593277,TFSA,65302,999,2018-04-20,147063.69,BR_EDM_013
ACC502001,CUST100988,2352134,CREDIT_CARD,81482,999,2024-02-05,69209.58,BR_VIC_010
ACC502002,CUST100988,5538377,MORTGAGE,13278,999,2020-10-14,1469.85,BR_OTT_003
ACC502003,CUST100989,9516186,SAVINGS,23434,999,2021-03-31,95802.23,BR_LAV_008
ACC502004,CUST100990,6090515,LOC,23434,999,2017-12-04,126724.19,BR_LAV_008
ACC502005,CUST100990,1359758,CHEQUING,46048,999,2024-08-07,-915.16,BR_HAM_004
ACC502006,CUST100991,7365080,MORTGAGE,98696,999,2019-07-05,100957.24,BR_VAN_009
ACC502007,CUST100992,9089526,CHEQUING,98696,999,2024-12-02,55004.34,BR_VAN_009
ACC502008,CUST100993,3101134,RRSP,87397,999,2019-01-06,103707.36,BR_CAL_012
ACC502009,CUST100993,3311404,CHEQUING,98696,999,2022-12-03,62882.69,BR_VAN_009
ACC502010,CUST100994,7169127,TFSA,13905,999,2018-05-19,25015.07,BR_HAL_015
ACC502011,CUST100994,1971778,SAVINGS,28289,999,2023-04-13,30965.18,BR_QUE_007
ACC502012,CUST100994,1168605,SAVINGS,81482,999,2018-02-07,59025.15,BR_VIC_010
ACC502013,CUST100995,1768056,LOC,81482,999,2021-05-21,-2690.72,BR_VIC_010
ACC502014,CUST100995,5193002,LOC,87397,999,2024-08-23,3816.97,BR_CAL_012
ACC502015,CUST100995,3125939,RRSP,93810,999,2020-07-02,22991.99,BR_TOR_001
ACC502016,CUST100996,6866446,CREDIT_CARD,39256,999,2020-11-10,96557.39,BR_MON_006
ACC502017,CUST100997,3176277,CREDIT_CARD,42098,999,2024-04-15,56661.89,BR_LON_005
ACC502018,CUST100998,2288554,CHEQUING,24592,999,2019-09-17,33780.82,BR_MIS_002
ACC502019,CUST100998,4453773,RRSP,98696,999,2017-05-14,104314.55,BR_VAN_009
ACC502020,CUST100998,6988766,LOC,14165,999,2023-05-15,29144.53,BR_WIN_014
ACC502021,CUST100999,7156124,LOC,42098,999,2021-03-07,80467.91,BR_LON_005
ACC502022,CUST100999,5097093,CREDIT_CARD,14165,999,2024-09-07,133411.66,BR_WIN_014
ACC502023,CUST100999,9446412,CHEQUING,39256,999,2019-06-18,3369.62,BR_MON_006
ACC502024,CUST101000,9157211,TFSA,87397,999,2022-07-14,7159.14,BR_CAL_012
ACC502025,CUST101000,3300684,LOC,13905,999,2018-02-15,146270.45,BR_HAL_015
