customer_id,first_name,last_name,sin,date_of_birth,email,phone,street_address,city,province,postal_code,customer_since
CUST100001,Danielle,Johnson,338-617-716,1959-02-21,danielle.johnson1@example.ca,(421) 819-6001,908 Jennifer Squares,Mississauga,ON,K1T3L7,2016-07-17
CUST100002,Eric,Bernard,303-833-765,1963-04-30,eric.bernard2@example.ca,261.559.4078,84959 Janet Cape Apt. 413,London,ON,R6L 3T6,2016-10-07
CUST100003,Elizabeth,Miles,325-559-703,1986-12-03,elizabeth.miles3@example.ca,492.832.7648,30564 Jason Port Suite 376,Halifax,NS,G4L9G9,2015-05-19
CUST100004,Brenda,Hurst,877-925-263,1967-08-07,brenda.hurst4@example.ca,(228) 710-1226,9784 Erin Crescent Suite 514,Vancouver,BC,H5T9A3,2019-01-20
CUST100005,Daniel,Garrett,448-384-259,1997-09-03,daniel.garrett5@example.ca,(293) 252-8809 x570,3039 Christopher Oval Apt. 822,Halifax,NS,Y9H7L4,2025-05-16
CUST100006,Karina,Vaughn,204-194-489,1988-12-02,karina.vaughn6@example.ca,+1 (157) 871-3315,301 Jeremy Bypass,Quebec City,QC,C5X8K4,2019-07-12
CUST100007,Jennifer,Khan,452-718-370,1979-08-16,jennifer.khan7@example.ca,(876) 311-6566,106 Mcbride Coves,Ottawa,ON,J8J 3Y7,2014-03-11
CUST100008,Steven,Baxter,649-227-487,1945-07-26,steven.baxter8@example.ca,(110) 801-3267 x736,0647 Henderson Street,Hamilton,ON,G4J1M9,2012-05-08
CUST100009,Lee,Williams,400-949-743,1972-11-10,lee.williams9@example.ca,(420) 812-1913 x619,169 Donovan Ford,London,ON,K3L5R8,2016-03-07
CUST100010,Karen,Jones,691-296-821,1971-08-09,karen.jones10@example.ca,618.384.2513,78498 Elizabeth Plaza Suite 124,Winnipeg,MB,E5Y 5G4,2022-03-15
CUST100011,James,Walters,777-333-891,1958-05-23,james.walters11@example.ca,940-164-0052 x427,011 Amy Village Suite 982,Toronto,ON,G6B1M6,2014-08-04
CUST100012,John,Garcia,338-987-203,1993-06-27,john.garcia12@example.ca,+1 (792) 322-6025,2160 Walker Viaduct,Vancouver,BC,P4M1K4,2017-06-01
CUST100013,Joshua,Jones,564-750-954,1993-01-10,joshua.jones13@example.ca,1 (586) 850-1429,96556 Paul Ports,Edmonton,AB,L1B 9S9,2021-09-28
CUST100014,Shelby,Mclaughlin,479-463-314,1953-11-02,shelby.mclaughlin14@example.ca,+1 (615) 951-4846,482 Robert Light Apt. 994,Vancouver,BC,Y5A4M7,2023-03-24
CUST100015,Catherine,Morris,818-799-763,1970-06-25,catherine.morris15@example.ca,(487) 214-8951,32003 Carr Trafficway Apt. 769,Halifax,NS,R4V 3R1,2024-10-29
CUST100016,Michelle,Mcclure,750-275-646,1993-05-16,michelle.mcclure16@example.ca,(828) 708-3172,9868 Merritt Summit Suite 743,London,ON,X5V8K2,2022-02-21
CUST100017,Jimmy,Rogers,267-573-488,2001-03-02,jimmy.rogers17@example.ca,622.362.3166,0366 Melissa Track Suite 705,Halifax,NS,R9S4Y8,2014-09-24
CUST100018,Ryan,Johnson,804-670-324,1963-04-19,ryan.johnson18@example.ca,+1 (127) 298-0699,627 Brent Light,Surrey,BC,J6T7N5,2022-09-20
CUST100019,Marie,King,886-894-157,1946-01-04,marie.king19@example.ca,180-531-0033,27193 Lyons Trafficway,Halifax,NS,H5E2H1,2025-05-16
CUST100020,Barbara,Odonnell,423-510-374,1965-12-17,barbara.odonnell20@example.ca,(619) 314-9190,518 Smith Manor Suite 165,Montreal,QC,G9S5H9,2023-01-22
CUST100021,Steven,Petersen,680-997-835,1980-09-23,steven.petersen21@example.ca,1 (631) 473-7996,5273 Salinas Junctions,Mississauga,ON,L9Y4A2,2015-01-22
CUST100022,Richard,Peters,771-611-505,1956-10-12,richard.peters22@example.ca,977-014-3634 x957,8557 Parker Fort Apt. 351,Vancouver,BC,J5J 9V5,2026-02-23
CUST100023,Marissa,Phillips,246-371-242,1964-12-24,marissa.phillips23@example.ca,1-808-240-0842,94777 Lopez Center,Halifax,NS,V7E8C2,2020-02-04
CUST100024,Glenda,Hernandez,674-651-369,1995-08-07,glenda.hernandez24@example.ca,1-913-186-9993,7496 Carroll Circle Apt. 334,Laval,QC,H9K 2H3,2011-06-24
CUST100025,Shannon,Wheeler,697-508-470,1960-03-31,shannon.wheeler25@example.ca,(244) 713-4936,242 Brian Turnpike,Halifax,NS,M8T5E7,2025-07-30
CUST100026,Vincent,Snyder,621-605-193,1945-11-28,vincent.snyder26@example.ca,165-940-1399,027 Moon Falls Suite 717,Montreal,QC,S2N3N6,2017-08-12
CUST100027,Tyler,Bates,256-742-263,1967-09-03,tyler.bates27@example.ca,(707) 154-5168 x087,85977 James Plaza,Toronto,ON,M2T 1V4,2022-01-31
CUST100028,Lance,Smith,710-165-494,1968-03-08,lance.smith28@example.ca,(817) 127-4846,78263 Michelle Harbor Suite 584,Halifax,NS,M3M 8V9,2018-09-14
CUST100029,Martin,Hines,641-357-666,1966-02-02,martin.hines29@example.ca,1 (733) 963-6057,270 Wayne Ramp Suite 171,Edmonton,AB,A3G2S8,2023-02-28
CUST100030,Joseph,Hanson,798-649-868,1967-06-21,joseph.hanson30@example.ca,458.657.8091,16117 Heather Burgs Apt. 504,Toronto,ON,P4S9G7,2019-12-05
CUST100031,Laura,Jackson,448-214-400,1945-10-23,laura.jackson31@example.ca,+1 (593) 792-3747,4821 Landry Radial,Surrey,BC,S5L4T7,2024-03-28
CUST100032,Daniel,James,564-103-839,1964-11-06,daniel.james32@example.ca,1-540-640-9097,533 Byrd Stravenue,Calgary,AB,E8B 1M6,2022-06-04
CUST100033,Christopher,Phillips,612-880-282,1991-04-09,christopher.phillips33@example.ca,832 858 8424,517 Donald Fork Suite 851,Halifax,NS,A2L8Y6,2021-07-13
CUST100034,Emily,Richards,740-405-961,1996-05-13,emily.richards34@example.ca,1 (213) 709-8593,461 Brandon Camp Suite 711,Winnipeg,MB,Y8G 6R9,2017-09-22
CUST100035,Julia,Moore,256-482-880,1968-08-26,julia.moore35@example.ca,479.640.5377,58506 Lopez Crossing Suite 139,Halifax,NS,B3N 4K2,2023-11-20
CUST100036,Angela,Willis,897-643-100,1995-09-23,angela.willis36@example.ca,(352) 904-2284,020 Tyler Freeway,Laval,QC,A1H3L7,2019-05-01
CUST100037,Julie,Alvarez,600-119-214,1993-05-06,julie.alvarez37@example.ca,(891) 783-9084 x700,1771 Marc Drive Apt. 249,Winnipeg,MB,R8X9M7,2012-12-04
CUST100038,Jacqueline,Farrell,345-159-346,1984-09-13,jacqueline.farrell38@example.ca,(636) 736-5766 x156,2711 Christopher Court Suite 280,Victoria,BC,E7S1P5,2020-06-11
CUST100039,Michael,Lane,187-849-597,1954-11-27,michael.lane39@example.ca,931-585-1493 x689,402 Park Inlet,Winnipeg,MB,P3A7H2,2013-07-26
CUST100040,Cynthia,Johnson,884-228-231,1991-03-06,cynthia.johnson40@example.ca,(266) 752-5459,29014 Stanley Oval,London,ON,S9L2J6,2017-11-20
CUST100041,Justin,Gregory,662-269-371,1973-07-13,justin.gregory41@example.ca,1-303-690-0343,5107 Thompson Light Apt. 885,Halifax,NS,R1B 8S2,2024-05-15
CUST100042,Barbara,Berry,316-652-873,1988-09-07,barbara.berry42@example.ca,+1 (241) 605-2975,36968 Randy Inlet Suite 352,Winnipeg,MB,X9E 4X6,2016-09-14
CUST100043,Susan,Brewer,830-419-508,1950-06-26,susan.brewer43@example.ca,824.329.2127,995 Hernandez Cliff Suite 744,Halifax,NS,P5X 8C8,2012-01-02
CUST100044,Miguel,Mitchell,548-629-562,1984-04-11,miguel.mitchell44@example.ca,499.867.9807,782 Shannon Valleys Suite 182,Halifax,NS,K9T 9T3,2016-11-23
CUST100045,Samantha,Hughes,330-165-446,1993-02-07,samantha.hughes45@example.ca,351-518-6449,92546 Brooke Corner Suite 865,Mississauga,ON,X9C 6S1,2016-11-16
CUST100046,Henry,Lewis,667-335-702,2004-11-18,henry.lewis46@example.ca,333-221-4188 x805,22927 Robert Springs Apt. 794,London,ON,K5Y8K4,2016-12-15
CUST100047,Stacey,Joyce,172-824-746,1971-11-01,stacey.joyce47@example.ca,1-168-862-3924,8181 Miller Estates Suite 782,Montreal,QC,C6K1T7,2012-03-27
CUST100048,Wayne,Young,169-132-980,2008-01-26,wayne.young48@example.ca,1 (830) 515-2204,779 Rebecca Brook,Mississauga,ON,J9G7Y2,2023-01-30
CUST100049,John,Martinez,626-343-385,1956-08-27,john.martinez49@example.ca,111-798-0893 x246,96218 Jones Pine Apt. 670,Vancouver,BC,P6L2A6,2015-01-21
CUST100050,Diane,Garcia,319-652-235,1980-01-04,diane.garcia50@example.ca,1 (320) 585-2772,704 Bradley Flats,Halifax,NS,N7M 9X8,2015-03-28
CUST100051,Karen,Lee,348-903-584,1964-09-18,karen.lee51@example.ca,354-156-6765,758 Owen Stream Suite 169,Halifax,NS,Y2M 2N6,2021-05-09
CUST100052,Kirk,Morrison,196-199-774,1969-06-01,kirk.morrison52@example.ca,357-059-6401 x658,97021 Kimberly Lakes,Calgary,AB,R8B6G6,2018-02-05
CUST100053,Chase,Taylor,533-520-578,1965-05-23,chase.taylor53@example.ca,1 (243) 102-7868,7394 Gonzalez Dale Apt. 727,Edmonton,AB,N9P 9C5,2024-10-22
CUST100054,Melissa,Joseph,789-769-761,2003-07-01,melissa.joseph54@example.ca,658 313 2370,8291 Kyle Stravenue Suite 866,Halifax,NS,G8N 8C9,2016-08-09
CUST100055,Natalie,Deleon,512-845-447,1983-12-12,natalie.deleon55@example.ca,326 801 8242,358 Singleton Glen Apt. 842,Toronto,ON,Y3C3X3,2021-04-27
CUST100056,Jennifer,Jacobs,296-294-649,1997-09-24,jennifer.jacobs56@example.ca,101-094-3969,844 Sanchez Valley Suite 471,Mississauga,ON,H8T 8S4,2016-07-16
CUST100057,Douglas,Hensley,532-287-385,1962-02-25,douglas.hensley57@example.ca,1 (262) 588-1537,3210 Dougherty Way Suite 325,Calgary,AB,J9H8V8,2024-08-16
CUST100058,Tyler,Davis,177-553-927,1967-03-07,tyler.davis58@example.ca,133-950-0479 x748,2456 Williams Center,Calgary,AB,P2Y 7M9,2018-03-12
CUST100059,Andrea,Bryan,151-767-653,1982-10-27,andrea.bryan59@example.ca,921.655.8523,000 Jennifer Unions Suite 872,Winnipeg,MB,N7N 5H6,2019-01-18
CUST100060,William,Burns,871-969-342,1978-09-20,william.burns60@example.ca,405-516-9409 x749,728 Hernandez Springs,Toronto,ON,B1E 8J6,2017-09-20
CUST100061,Robert,Harris,597-592-318,1974-07-25,robert.harris61@example.ca,902-838-5786 x527,549 Lee Gateway Suite 843,Quebec City,QC,M6J8V6,2019-11-05
CUST100062,Sarah,Griffith,268-488-102,1960-01-04,sarah.griffith62@example.ca,(466) 524-0415 x747,484 Daniel Streets,Calgary,AB,K4B 4X1,2012-12-09
CUST100063,Mark,Kennedy,565-392-533,1986-10-05,mark.kennedy63@example.ca,508 267 7345,93802 Khan Fall,Edmonton,AB,R5V 1H1,2015-11-30
CUST100064,Carrie,Hebert,258-294-403,1963-03-23,carrie.hebert64@example.ca,588-728-7431 x527,54932 Wilcox Passage,Halifax,NS,C3R3E8,2016-04-17
CUST100065,John,Green,693-853-655,1956-06-15,john.green65@example.ca,1-254-990-4530,2684 Danielle Hill Suite 933,Montreal,QC,V6G 7T9,2025-02-17
CUST100066,Katherine,Pham,158-151-698,1996-07-31,katherine.pham66@example.ca,(191) 878-5191,822 Bond Mills,Ottawa,ON,J9V 8C1,2018-03-29
CUST100067,William,Bryant,158-620-182,1944-05-14,william.bryant67@example.ca,940-640-3910 x651,70462 Katie Stream,Calgary,AB,P7R7T2,2021-09-05
CUST100068,Dorothy,Ryan,709-169-791,1984-11-17,dorothy.ryan68@example.ca,1 (512) 868-2300,868 Morrow Gateway Suite 524,Montreal,QC,E1B 4S4,2012-06-12
CUST100069,Brittney,Griffin,222-683-352,1986-02-20,brittney.griffin69@example.ca,930-673-8302,95995 Kevin Divide Apt. 644,Quebec City,QC,Y9H 8S1,2026-01-09
CUST100070,Shelly,Powers,734-183-529,1993-11-16,shelly.powers70@example.ca,1 (466) 246-2873,270 Faulkner Point Apt. 634,Winnipeg,MB,N6C 2T9,2022-04-22
CUST100071,James,Adams,367-309-785,1986-04-01,james.adams71@example.ca,113-983-7354,17393 Herman Plaza,Halifax,NS,M9R6T5,2015-05-13
CUST100072,William,Crawford,344-371-505,1947-02-23,william.crawford72@example.ca,753-556-0932 x048,35369 Victor Shoal Suite 477,Halifax,NS,H3P9H8,2014-03-14
CUST100073,Pamela,Mooney,760-407-568,2005-07-13,pamela.mooney73@example.ca,(801) 006-2312 x038,99770 Amanda Loop Apt. 084,Laval,QC,A3X2S2,2019-04-22
CUST100074,John,Harvey,109-569-736,1957-08-09,john.harvey74@example.ca,1 (546) 156-7933,016 Bennett Mountains,Vancouver,BC,A8H 7C6,2019-12-05
CUST100075,Michaela,Davis,175-650-318,1976-05-09,michaela.davis75@example.ca,133-974-0148,0392 Hickman Hills,Winnipeg,MB,K6R 7Y3,2023-04-19
CUST100076,Hannah,Miller,235-457-170,1991-02-17,hannah.miller76@example.ca,1 (701) 631-5999,47735 Reynolds Springs Suite 194,Winnipeg,MB,C3C 7L3,2022-07-14
CUST100077,Levi,Rodriguez,391-261-548,1940-10-17,levi.rodriguez77@example.ca,1-975-412-1267,01581 Shields Bridge Suite 661,Quebec City,QC,X3H 3R5,2015-12-15
CUST100078,Trevor,Brown,726-926-769,1969-12-31,trevor.brown78@example.ca,+1 (447) 154-3799,24065 Brock Isle Suite 569,Winnipeg,MB,M8N 6J3,2025-11-27
CUST100079,Tanya,Carter,783-936-667,1987-09-12,tanya.carter79@example.ca,393-564-6519 x398,737 Guerra Cliff,Winnipeg,MB,V4G5M3,2022-03-02
CUST100080,Kristina,Jones,206-999-237,2007-10-23,kristina.jones80@example.ca,496-886-8058 x911,90965 Rodriguez Courts Suite 388,Surrey,BC,T8P 9R3,2016-08-12
CUST100081,Angel,Garcia,209-860-666,1968-09-22,angel.garcia81@example.ca,612.545.7387,77514 Lisa Crescent Apt. 512,Vancouver,BC,X3H 6Y9,2017-11-01
CUST100082,Steven,Salinas,388-719-315,1983-04-07,steven.salinas82@example.ca,166 093 7966,41918 Michael Flat,Quebec City,QC,E9L6V7,2020-08-10
CUST100083,Brenda,Bailey,308-803-749,1997-12-08,brenda.bailey83@example.ca,249 912 5134,2866 Bailey Manors,Halifax,NS,V9Y 3H8,2015-10-09
CUST100084,Jacob,Wilkinson,600-357-966,1982-07-24,jacob.wilkinson84@example.ca,1 (807) 236-8876,772 Ariana Underpass Apt. 404,Surrey,BC,Y8M 8H9,2019-02-06
CUST100085,Ashley,Adams,749-533-949,1977-05-16,ashley.adams85@example.ca,1 (180) 783-6134,5171 Jason Street Suite 962,Toronto,ON,J6J 9B5,2020-05-23
CUST100086,Gary,Werner,103-441-889,1960-05-04,gary.werner86@example.ca,1-381-260-4223,67294 Brooks Club Apt. 684,Vancouver,BC,T1V2N8,2020-12-17
CUST100087,Heidi,Horn,368-265-859,1994-07-19,heidi.horn87@example.ca,+1 (336) 374-5458,0017 David Walks Apt. 770,Laval,QC,J3G5M2,2021-04-04
CUST100088,John,Watson,674-109-214,2001-11-24,john.watson88@example.ca,806 436 1103,93870 Heather Viaduct,Edmonton,AB,S2G 4V7,2012-10-11
CUST100089,Linda,Garcia,658-136-954,1965-06-08,linda.garcia89@example.ca,1-326-221-8909,3269 Heath Corners Apt. 219,Mississauga,ON,P3S4N5,2021-02-08
CUST100090,John,Burke,665-251-540,1989-06-24,john.burke90@example.ca,1-104-389-8364,6137 Allison Bridge,Surrey,BC,N7G6R9,2021-09-06
CUST100091,Kathryn,Best,415-473-915,1992-10-28,kathryn.best91@example.ca,591-043-0068,6188 Joshua Inlet Apt. 832,Montreal,QC,R7C4M1,2015-02-08
CUST100092,Sandy,Wilson,315-798-355,1982-01-28,sandy.wilson92@example.ca,942-102-0275,52410 Roman Groves Apt. 491,Ottawa,ON,T1X8P3,2016-12-14
CUST100093,Jonathan,Garcia,462-898-673,1979-06-20,jonathan.garcia93@example.ca,738.000.3075,08635 Robert Stravenue,Halifax,NS,L2C9P1,2014-02-16
CUST100094,Linda,Jarvis,342-985-266,2005-04-26,linda.jarvis94@example.ca,474.451.8705,493 Richardson Park Apt. 832,Calgary,AB,S9A 6K1,2025-09-14
CUST100095,Aaron,Sandoval,125-283-854,1998-03-04,aaron.sandoval95@example.ca,1-213-836-7024,86571 William Route,Quebec City,QC,C3B4S5,2015-05-09
CUST100096,Leslie,Owen,785-984-852,1988-02-02,leslie.owen96@example.ca,1 (357) 431-3291,77561 Oconnell Fords,Victoria,BC,M2T2L3,2023-07-21
CUST100097,Kevin,Bush,263-906-818,1981-06-19,kevin.bush97@example.ca,(552) 135-6804,67883 Steven Unions,Quebec City,QC,E4A 3B4,2023-10-17
CUST100098,Nathan,Mccoy,139-979-581,1984-04-12,nathan.mccoy98@example.ca,1-110-137-2151,29667 Patrick Meadow Apt. 532,Hamilton,ON,L1T4G5,2018-12-03
CUST100099,Nicole,Mendoza,571-458-412,1946-05-28,nicole.mendoza99@example.ca,+1 (826) 383-8065,9856 White Island Apt. 040,Montreal,QC,X3P2K4,2021-04-16
CUST100100,Joseph,Velasquez,124-775-297,2002-10-24,joseph.velasquez100@example.ca,639-652-2395,599 Anna Field,Montreal,QC,Y8M1H2,2012-04-12
CUST100101,Carolyn,Smith,385-985-171,1972-12-10,carolyn.smith101@example.ca,1 (393) 252-5002,515 Willis Junction,Edmonton,AB,N7G8H6,2014-01-19
CUST100102,Tanya,Steele,756-621-509,2003-08-08,tanya.steele102@example.ca,1 (739) 264-4220,95939 Sharon Divide,Victoria,BC,C6K3P2,2023-10-06
CUST100103,Elizabeth,Daniel,128-218-998,1963-04-10,elizabeth.daniel103@example.ca,743-315-4100,626 Macias Keys Suite 179,Halifax,NS,H1T 5C1,2016-03-21
CUST100104,Stephanie,Jones,694-371-139,1952-01-03,stephanie.jones104@example.ca,+1 (721) 815-9970,620 Mark Field,Vancouver,BC,Y5Y5L4,2012-11-16
CUST100105,Philip,Dunn,544-453-846,1973-10-28,philip.dunn105@example.ca,150-614-9731,41714 Ruiz Shore,London,ON,C3Y6R7,2016-12-23
CUST100106,Sean,Baker,720-623-218,1972-01-24,sean.baker106@example.ca,(449) 021-1586,8687 Thomas Common,Victoria,BC,B3X2X8,2014-01-12
CUST100107,Tracey,Stanton,360-145-825,1995-06-01,tracey.stanton107@example.ca,206 163 2945,8685 Stone Well,Calgary,AB,X7S 3E3,2019-12-09
CUST100108,Brandi,Hanna,632-925-651,1947-04-03,brandi.hanna108@example.ca,891.485.6467,46299 Williams Isle,Calgary,AB,B6V 1L6,2023-09-13
CUST100109,Kevin,Ramirez,472-541-171,1973-11-14,kevin.ramirez109@example.ca,432.475.4691,67850 Cameron Station Suite 289,Halifax,NS,H1J 4J1,2018-04-14
CUST100110,Samantha,Bush,738-421-779,1959-01-26,samantha.bush110@example.ca,986-103-5797 x279,2414 Paul Estates Apt. 333,Halifax,NS,S1X8A3,2021-02-23
CUST100111,Carolyn,Smith,619-416-782,1957-08-08,carolyn.smith111@example.ca,1-946-657-4374,108 Hoffman Ranch Suite 417,Ottawa,ON,N5L 5N5,2014-04-07
CUST100112,Zachary,Allen,512-813-402,1944-04-20,zachary.allen112@example.ca,+1 (152) 074-4666,3875 Bruce Ville,Edmonton,AB,M3E 5V9,2022-11-19
CUST100113,Isaac,Frazier,296-530-780,1963-04-07,isaac.frazier113@example.ca,535.346.5549,70999 Thomas Fields Apt. 684,Winnipeg,MB,B4G6G7,2026-03-31
CUST100114,Patricia,Hatfield,730-682-408,1950-03-07,patricia.hatfield114@example.ca,417 525 0074,271 Christina Roads,Calgary,AB,R7S1V1,2019-06-12
CUST100115,Jessica,Dodson,411-393-315,2001-02-04,jessica.dodson115@example.ca,(530) 033-5421 x689,04478 Hamilton Spur,Calgary,AB,N4V 3P7,2011-09-22
CUST100116,Jeffrey,Mercer,576-552-552,1954-10-20,jeffrey.mercer116@example.ca,198-215-0648,100 Robert Light,Edmonton,AB,Y3L 4V1,2015-12-15
CUST100117,Dorothy,Bates,623-584-912,1958-10-19,dorothy.bates117@example.ca,461 891 4117,8356 Martin Plaza,Halifax,NS,J4V1N1,2021-07-06
CUST100118,Rebecca,Conley,774-186-390,1985-12-07,rebecca.conley118@example.ca,818 114 3744,20455 Rodgers Court,Halifax,NS,A6G 6H8,2025-10-06
CUST100119,Joseph,Quinn,195-938-869,1965-10-11,joseph.quinn119@example.ca,1 (321) 667-4676,02169 Pham Springs,Winnipeg,MB,H1R3P8,2025-03-30
CUST100120,Daniel,Jenkins,417-330-925,1943-07-26,daniel.jenkins120@example.ca,1-250-899-3588,375 Hernandez Views Apt. 028,Laval,QC,V8H6C4,2016-05-26
CUST100121,Joshua,Hunter,125-147-350,1977-11-15,joshua.hunter121@example.ca,+1 (863) 177-9717,70166 Angela Alley Apt. 994,Montreal,QC,T1N 4P8,2016-06-01
CUST100122,Katrina,Greene,566-524-744,1989-03-04,katrina.greene122@example.ca,1 (971) 130-5548,102 Taylor Stravenue Suite 149,Calgary,AB,J4E 8R4,2022-03-11
CUST100123,Daniel,Perry,835-813-493,2003-06-14,daniel.perry123@example.ca,977.982.7080,782 Jessica Crossroad Apt. 699,Winnipeg,MB,X4R5S7,2025-11-22
CUST100124,Tara,Chavez,349-251-771,1949-07-05,tara.chavez124@example.ca,+1 (598) 485-8333,228 Page Trace Suite 879,Edmonton,AB,Y1M9S2,2011-10-26
CUST100125,Dustin,Santiago,868-981-888,1954-01-12,dustin.santiago125@example.ca,844 204 3805,838 Young Tunnel,Halifax,NS,B7R6R9,2012-03-30
CUST100126,Julia,Harris,324-280-923,1999-07-10,julia.harris126@example.ca,335-989-3347 x212,0648 Anderson Prairie,Hamilton,ON,A3N1T3,2025-05-14
CUST100127,Candice,Ayala,151-670-355,1982-12-19,candice.ayala127@example.ca,1-979-851-5832,268 Davis Forges,Halifax,NS,N5N 4P9,2018-07-24
CUST100128,Anna,Goodwin,236-920-575,1984-08-04,anna.goodwin128@example.ca,257.399.3056,8408 Robertson Pass Suite 704,Hamilton,ON,N2X 3C9,2019-06-09
CUST100129,Courtney,Clark,873-553-727,1983-04-01,courtney.clark129@example.ca,(661) 386-1207,10248 Bailey Forks,Halifax,NS,S7R7T6,2011-09-10
CUST100130,Emily,Nichols,661-556-262,1984-01-22,emily.nichols130@example.ca,290.158.1449,6607 Amanda Dale Suite 842,Halifax,NS,P9A3Y2,2012-01-24
CUST100131,Ashley,Long,560-365-869,1977-09-02,ashley.long131@example.ca,443.536.8222,12908 Newman Cliffs Suite 141,Halifax,NS,V3N 4P2,2015-09-19
CUST100132,Chad,Lee,383-884-896,1973-06-24,chad.lee132@example.ca,1 (394) 929-9556,3364 Taylor Street,Laval,QC,V6T5T8,2019-09-18
CUST100133,Gregory,Obrien,741-344-381,1997-09-06,gregory.obrien133@example.ca,783 411 0809,84887 Michael Fork,Winnipeg,MB,G9T2X7,2016-11-23
CUST100134,Alex,Allen,830-392-340,2005-12-28,alex.allen134@example.ca,682 722 9927,73145 Brad Ford,Calgary,AB,R1V1T6,2012-12-26
CUST100135,Tanya,Schultz,427-653-182,1959-01-14,tanya.schultz135@example.ca,1-998-926-6591,3865 Tucker Orchard Apt. 827,Victoria,BC,K5C 4X3,2014-03-30
CUST100136,Michael,Love,336-492-810,1948-06-26,michael.love136@example.ca,(765) 177-7392,02992 Crystal Canyon,Montreal,QC,B3H 9L7,2020-06-05
CUST100137,Anne,Smith,319-165-524,1989-05-15,anne.smith137@example.ca,1-313-797-7236,842 Nielsen Ranch,Laval,QC,K3R 2R1,2014-06-22
CUST100138,Michele,Gordon,655-577-525,1968-12-26,michele.gordon138@example.ca,291 279 9088,2980 Boyd Land,Edmonton,AB,X8S 7K6,2020-04-10
CUST100139,Judith,Juarez,530-498-888,1987-10-26,judith.juarez139@example.ca,762.473.1498,00981 Nicholas Ford Suite 651,Mississauga,ON,S9L 7L6,2020-08-13
CUST100140,Victoria,Sanders,883-689-489,1954-04-17,victoria.sanders140@example.ca,(387) 258-8744 x956,372 Jason Locks,Winnipeg,MB,Y7B1H2,2023-10-15
CUST100141,Thomas,Burke,460-405-871,1946-06-08,thomas.burke141@example.ca,1-535-190-6698,77038 Lee Tunnel,Calgary,AB,H4B 1P3,2012-09-27
CUST100142,Joshua,Ross,651-865-852,1985-12-23,joshua.ross142@example.ca,+1 (693) 801-1848,3937 Andrews Green Apt. 681,Edmonton,AB,X2M 9N5,2024-07-31
CUST100143,Lisa,Andrews,599-324-379,1987-08-24,lisa.andrews143@example.ca,+1 (297) 357-7907,63356 Black Branch Suite 341,Winnipeg,MB,N3C8Y6,2016-09-28
CUST100144,Patricia,Adams,129-498-444,2004-11-04,patricia.adams144@example.ca,(673) 334-3333,11790 Melanie Landing,Edmonton,AB,V3L9V5,2017-05-28
CUST100145,Karen,Anderson,841-269-960,1976-03-10,karen.anderson145@example.ca,+1 (978) 085-6271,0036 Mark Ridge Suite 284,Halifax,NS,L6V 3N8,2017-10-18
CUST100146,Robert,Goodwin,737-646-127,1965-04-07,robert.goodwin146@example.ca,+1 (447) 292-9314,3227 Gregory Parks Apt. 885,Calgary,AB,M1L7Y2,2021-10-18
CUST100147,Brian,Cervantes,185-758-538,1972-11-04,brian.cervantes147@example.ca,175.455.8845,59399 Tiffany Haven Suite 587,Calgary,AB,C8R3M3,2021-01-17
CUST100148,Sarah,Fisher,286-151-366,1982-01-28,sarah.fisher148@example.ca,+1 (711) 253-5544,5987 Jackson Walk Apt. 234,Quebec City,QC,J2H 2R2,2025-06-28
CUST100149,Thomas,Brown,316-565-434,1992-11-11,thomas.brown149@example.ca,(311) 492-1643 x347,200 Dalton Islands,Edmonton,AB,T9Y8L3,2025-12-25
CUST100150,Heidi,Thompson,384-870-951,1981-01-28,heidi.thompson150@example.ca,+1 (588) 457-8317,4240 Alexandra Trace Apt. 547,Victoria,BC,V1V 7M5,2020-05-23
CUST100151,Laura,Kelley,183-581-119,1953-04-06,laura.kelley151@example.ca,(566) 326-6341 x638,846 Melissa Falls Apt. 417,Edmonton,AB,L6V1J3,2012-03-07
CUST100152,Amanda,Lopez,458-329-765,1947-05-25,amanda.lopez152@example.ca,1-627-031-2073,7570 Miller Terrace Apt. 046,Halifax,NS,Y4V 5H7,2023-11-11
CUST100153,David,Tate,872-131-353,1957-05-15,david.tate153@example.ca,130-371-8376 x452,7435 Michelle Forge,Toronto,ON,K1S 3N5,2020-03-17
CUST100154,Randy,Sanchez,736-256-344,2006-04-27,randy.sanchez154@example.ca,692-513-2719 x500,812 Hall Point,Montreal,QC,T7J6A3,2015-03-14
CUST100155,Benjamin,Mann,785-217-677,1978-06-15,benjamin.mann155@example.ca,(273) 928-5574 x982,4485 Smith Route,Quebec City,QC,H4A6P2,2021-04-24
CUST100156,Amber,Hughes,816-362-885,1976-01-29,amber.hughes156@example.ca,382-945-6511 x810,31731 Ashley Villages,Quebec City,QC,V1X6L4,2020-07-12
CUST100157,Chad,Conrad,720-721-865,1954-08-20,chad.conrad157@example.ca,217-058-6509 x480,38113 Lopez Pine Apt. 928,Vancouver,BC,E7P2T3,2023-04-29
CUST100158,Andrea,Wagner,896-938-267,1985-02-25,andrea.wagner158@example.ca,(997) 558-5566 x593,8457 Moyer Alley,Halifax,NS,M3A 5X1,2015-12-11
CUST100159,Jeffrey,Foley,692-126-419,1941-11-30,jeffrey.foley159@example.ca,1-688-899-2107,45933 Shepherd Course,Vancouver,BC,J8C3N8,2023-10-29
CUST100160,Hannah,Johnston,506-832-303,2002-02-28,hannah.johnston160@example.ca,1-209-610-5566,906 Kevin Canyon,Winnipeg,MB,Y9G4N3,2012-03-12
CUST100161,Jessica,Long,807-950-742,1970-09-28,jessica.long161@example.ca,(913) 646-2251 x790,1686 Kathleen Orchard Apt. 769,London,ON,Y4X 2K5,2023-02-02
CUST100162,Marcus,Glass,813-891-408,1946-07-14,marcus.glass162@example.ca,+1 (365) 535-5904,792 Williams Viaduct Apt. 352,Montreal,QC,E3B 5K1,2016-08-02
CUST100163,Linda,Torres,679-901-142,1972-06-24,linda.torres163@example.ca,1 (338) 338-8487,9804 Brian Flats,Halifax,NS,B2T7A5,2021-05-20
CUST100164,Roberta,Ward,538-777-479,1947-10-11,roberta.ward164@example.ca,1-263-681-5798,87800 Sandra Inlet,Surrey,BC,V1R6H6,2016-10-08
CUST100165,Kevin,Ferrell,763-449-112,2006-12-26,kevin.ferrell165@example.ca,1-704-608-4325,68936 Ashley Meadow,London,ON,N3T4Y3,2020-02-26
CUST100166,Gabriella,Harris,208-543-470,1949-10-31,gabriella.harris166@example.ca,(326) 292-5188 x125,6647 Hernandez Field,Edmonton,AB,G5H 4A4,2014-11-26
CUST100167,Anthony,Miller,824-256-545,1993-06-20,anthony.miller167@example.ca,389 752 6772,06046 Julia Flats,Halifax,NS,C8H 6T8,2024-10-02
CUST100168,Ronald,Parsons,634-766-376,1981-10-12,ronald.parsons168@example.ca,+1 (256) 999-8808,0388 Terrell Canyon Suite 803,Laval,QC,T5R8M3,2017-10-10
CUST100169,Christie,Brown,576-546-945,1975-08-05,christie.brown169@example.ca,777 181 2982,7027 Nicole Course Suite 521,Winnipeg,MB,E2T 9P7,2022-05-05
CUST100170,Theresa,Salazar,430-972-351,1951-04-25,theresa.salazar170@example.ca,(560) 259-2222 x064,2123 Cindy Glen Apt. 777,Halifax,NS,V8K 8J7,2018-01-25
CUST100171,Carolyn,Smith,561-349-868,2000-06-05,carolyn.smith171@example.ca,1-398-302-2050,994 Knapp Causeway,Ottawa,ON,S5H 9H3,2025-12-07
CUST100172,Kara,Ward,444-129-606,1942-11-17,kara.ward172@example.ca,1-355-616-8147,458 Warren Square,Edmonton,AB,B2E 8X5,2017-11-04
CUST100173,Melanie,Green,599-317-463,1979-07-20,melanie.green173@example.ca,1 (429) 978-7729,01071 Lauren Mall Suite 055,Vancouver,BC,A5J 2M5,2015-12-11
CUST100174,Andrea,Wang,386-710-818,1948-03-07,andrea.wang174@example.ca,1 (856) 990-2355,27278 Ford Via Suite 084,Victoria,BC,Y4Y6A6,2012-06-06
CUST100175,Edward,Pittman,110-629-295,1963-07-03,edward.pittman175@example.ca,+1 (682) 996-2914,6173 Hayes Hollow,Surrey,BC,X2M 6H1,2023-02-08
CUST100176,Robin,Wallace,837-516-600,1942-02-19,robin.wallace176@example.ca,482-357-8452 x182,6810 Randolph Spur,Mississauga,ON,N2T 9B5,2011-10-11
CUST100177,Katherine,Fowler,807-587-761,1954-09-16,katherine.fowler177@example.ca,(334) 485-7142,09881 Amy Plaza Suite 424,Winnipeg,MB,H6C 9M8,2012-03-13
CUST100178,Anthony,Berger,558-911-117,1943-11-15,anthony.berger178@example.ca,+1 (601) 662-9979,3817 Christopher Unions Suite 174,Halifax,NS,V3K5K6,2017-04-27
CUST100179,Holly,Ortega,326-514-808,1994-01-28,holly.ortega179@example.ca,1 (377) 017-1577,9928 Richard Station Apt. 581,Ottawa,ON,Y7T4R4,2019-08-29
CUST100180,Terri,Reyes,779-695-477,1963-08-11,terri.reyes180@example.ca,+1 (269) 583-2197,8172 Blanchard Cliff Apt. 965,Quebec City,QC,B3C1J3,2021-05-08
CUST100181,Shawn,Carter,535-863-663,1982-04-19,shawn.carter181@example.ca,933-549-4651 x909,40580 Jacqueline View Suite 140,Edmonton,AB,S7R 7N7,2017-12-19
CUST100182,Jason,Thompson,819-564-377,1949-11-24,jason.thompson182@example.ca,(765) 624-2201 x027,26796 Shawn Manors,Victoria,BC,R3P7K1,2020-02-09
CUST100183,Melanie,Young,336-223-838,1974-07-23,melanie.young183@example.ca,+1 (889) 500-9751,84781 John Roads,Victoria,BC,Y6M 9B1,2018-06-21
CUST100184,William,Harrison,222-860-648,1990-05-04,william.harrison184@example.ca,+1 (154) 420-9494,290 Lamb Road Apt. 471,Quebec City,QC,X5C 3L5,2015-07-26
CUST100185,Jonathan,Figueroa,296-321-856,1981-07-02,jonathan.figueroa185@example.ca,675 243 7280,92766 Donna Stream,Halifax,NS,J5P 2B1,2013-12-14
CUST100186,Raymond,Turner,841-703-878,1991-03-07,raymond.turner186@example.ca,(636) 674-2860 x476,85694 Nelson Unions,Edmonton,AB,L4R 4T9,2016-07-01
CUST100187,Hannah,White,202-952-298,1977-09-05,hannah.white187@example.ca,510-618-1753,00910 Stephanie Route Apt. 119,Winnipeg,MB,R3H 5E5,2018-06-11
CUST100188,Sharon,Fowler,469-283-409,2003-03-08,sharon.fowler188@example.ca,1-665-421-4066,4271 Krause Flats,Vancouver,BC,H3V9E7,2014-09-18
CUST100189,Dawn,Gaines,229-380-146,1989-02-01,dawn.gaines189@example.ca,101.194.7072,642 Conway Ports,London,ON,X7V 7V2,2019-07-17
CUST100190,Aaron,Finley,399-814-229,1996-01-24,aaron.finley190@example.ca,219-855-4601 x585,3280 Guerrero Hills Suite 157,London,ON,T1J 4G1,2022-03-27
CUST100191,Brittany,Burns,205-993-112,1944-09-21,brittany.burns191@example.ca,(447) 870-0505 x061,829 Sandy Camp Apt. 707,Halifax,NS,K3G 1A5,2023-10-01
CUST100192,Colton,Carr,580-590-551,1997-03-30,colton.carr192@example.ca,611.799.3136,1982 Copeland Underpass Apt. 092,Winnipeg,MB,C3E7L3,2021-11-19
CUST100193,Angela,Gonzales,152-358-982,2003-05-22,angela.gonzales193@example.ca,121-962-0710,94672 Douglas Groves,Vancouver,BC,S1K3H8,2020-08-14
CUST100194,Christopher,Serrano,166-510-603,1960-12-02,christopher.serrano194@example.ca,+1 (908) 331-8195,3403 Laura Spur,Calgary,AB,V1H1H6,2015-09-18
CUST100195,Ryan,Cook,744-802-154,1995-03-11,ryan.cook195@example.ca,801-082-2078 x113,3531 Perez Freeway Suite 363,London,ON,V7V 3B4,2025-05-10
CUST100196,Spencer,Hughes,676-411-187,1949-09-18,spencer.hughes196@example.ca,(354) 352-0904,7625 Olivia Rapids,Montreal,QC,H2Y 7K9,2018-10-11
CUST100197,Wendy,Vargas,671-882-526,1997-05-10,wendy.vargas197@example.ca,1-306-335-6939,0078 Ronald Lock,Montreal,QC,E4T2V9,2022-09-26
CUST100198,Heather,Russell,894-635-489,1955-04-07,heather.russell198@example.ca,1 (143) 107-4279,2625 Padilla Alley Apt. 658,Winnipeg,MB,M9S 4L2,2020-09-29
CUST100199,Matthew,Randolph,404-980-702,1975-06-11,matthew.randolph199@example.ca,1 (301) 657-9055,325 Amber Run,Edmonton,AB,J6K5N9,2021-08-22
CUST100200,Joshua,Brown,682-735-161,1963-12-01,joshua.brown200@example.ca,888-178-8479 x513,62411 Joshua Square,Edmonton,AB,V9G 1J5,2017-09-08
CUST100201,Faith,Huynh,881-312-740,1972-08-31,faith.huynh201@example.ca,+1 (770) 431-0385,579 Ellis Port Apt. 424,Winnipeg,MB,V1P 3M6,2015-09-15
CUST100202,Stephanie,Montgomery,776-183-260,1951-05-17,stephanie.montgomery202@example.ca,(542) 222-3105 x927,38055 Nathan Plains Apt. 841,Quebec City,QC,R8V 6G3,2011-07-03
CUST100203,Joanna,Cantrell,665-176-260,1962-12-20,joanna.cantrell203@example.ca,1-174-929-7517,814 Richard Ville,Montreal,QC,T6P 1C4,2020-03-10
CUST100204,Jeffrey,Walls,561-805-708,1959-05-04,jeffrey.walls204@example.ca,918-718-6375,562 Wood Landing,Hamilton,ON,M5P 8P9,2012-10-01
CUST100205,Jessica,Wallace,133-337-395,2007-12-09,jessica.wallace205@example.ca,942-662-9912 x347,96106 Perry Point Suite 923,Edmonton,AB,R8M 1Y5,2023-12-16
CUST100206,Kevin,Hansen,819-980-564,1971-12-15,kevin.hansen206@example.ca,802-447-1462,14719 Perkins Port,Halifax,NS,L6V9E1,2024-02-13
CUST100207,Francisco,Brown,370-906-910,1962-03-06,francisco.brown207@example.ca,552 045 6504,321 Amy Well,Mississauga,ON,M2L9P6,2023-10-15
CUST100208,Alexander,Holmes,535-217-657,1965-10-21,alexander.holmes208@example.ca,965-213-2833 x898,7112 Timothy Inlet,Halifax,NS,G6T3X5,2011-11-14
CUST100209,Lisa,Walker,252-372-946,1998-09-14,lisa.walker209@example.ca,134 232 1611,0310 Taylor Glen Apt. 140,Laval,QC,E3J 6J1,2012-10-19
CUST100210,Meghan,Mcmahon,161-269-911,2004-12-16,meghan.mcmahon210@example.ca,1 (152) 893-8911,342 Teresa Courts,Montreal,QC,X3V 8P2,2014-02-24
CUST100211,Michael,Gray,866-944-682,1955-01-04,michael.gray211@example.ca,(661) 517-1827,015 Wilson Haven Suite 947,Surrey,BC,Y7S 4M2,2024-11-10
CUST100212,Leah,Crosby,227-579-805,1965-06-05,leah.crosby212@example.ca,771-678-1126,215 Matthew Ranch,Victoria,BC,E8K5S5,2022-10-13
CUST100213,Laurie,Harding,512-378-612,1964-08-27,laurie.harding213@example.ca,+1 (878) 427-1147,201 Maria Parks,Surrey,BC,H3R 5N2,2022-11-03
CUST100214,Donna,Meyer,548-182-712,1973-11-28,donna.meyer214@example.ca,734-778-4858 x800,7567 Johnson Fall,Winnipeg,MB,H3V5S7,2018-10-01
CUST100215,Daniel,Leonard,852-430-718,1985-04-29,daniel.leonard215@example.ca,(697) 782-8064 x796,0090 Mary Keys Apt. 561,Hamilton,ON,P6P1S4,2015-02-25
CUST100216,Deborah,Watkins,193-334-790,2002-05-07,deborah.watkins216@example.ca,741.520.8507,0790 Gray Loaf Suite 917,Vancouver,BC,J9N 6V3,2020-08-29
CUST100217,Michael,Graham,883-788-941,1974-03-26,michael.graham217@example.ca,283.440.4963,541 Simmons Key,Winnipeg,MB,M7X 9M6,2014-06-10
CUST100218,Richard,Weber,141-881-874,1971-04-05,richard.weber218@example.ca,(120) 829-7374 x896,7232 Richard Loop,Surrey,BC,C5J5S3,2015-04-15
CUST100219,Carolyn,Sullivan,631-767-552,1948-02-29,carolyn.sullivan219@example.ca,(403) 477-8660,2044 Dawn Canyon,Quebec City,QC,A6B5C2,2024-12-12
CUST100220,Richard,Cox,699-546-750,1985-02-22,richard.cox220@example.ca,962.319.8189,1391 Murphy Prairie Suite 363,Vancouver,BC,E5H 8J7,2015-04-03
CUST100221,Bridget,Henry,581-456-518,1965-12-02,bridget.henry221@example.ca,658.673.4257,90034 Parker Squares Suite 183,Calgary,AB,R5A5R2,2025-06-26
CUST100222,Katherine,Evans,786-207-978,1998-11-18,katherine.evans222@example.ca,675 604 1776,24815 Guzman Via Suite 700,Victoria,BC,T7G 4A5,2016-02-22
CUST100223,Christopher,Moore,521-810-607,1975-07-21,christopher.moore223@example.ca,696 577 2429,16526 Duffy Ports Apt. 008,Quebec City,QC,C5T 3J1,2017-06-15
CUST100224,Roy,Green,510-933-878,1946-07-01,roy.green224@example.ca,1 (429) 108-6771,44762 Gates Rapid,Surrey,BC,M3J 7S3,2011-11-14
CUST100225,Theresa,Young,565-190-422,1971-02-08,theresa.young225@example.ca,(459) 710-7256,694 Cody Circle Apt. 537,Winnipeg,MB,B9A7L5,2026-02-06
CUST100226,Emily,Anderson,218-891-513,2001-02-10,emily.anderson226@example.ca,292-428-7572,862 Wilson Cape Apt. 745,Victoria,BC,M9L6L7,2024-10-29
CUST100227,Leslie,Vang,773-990-655,1992-05-15,leslie.vang227@example.ca,887 032 0320,76170 Kelly Station Suite 771,Winnipeg,MB,E4P 5C3,2023-12-18
CUST100228,Karen,Carson,155-292-630,1978-09-28,karen.carson228@example.ca,(290) 892-6137,41659 Mary Drives Apt. 177,Edmonton,AB,L1A8N6,2025-08-25
CUST100229,Zoe,Meadows,874-610-740,1994-08-21,zoe.meadows229@example.ca,230 450 1896,2361 Melissa Estates Suite 642,Surrey,BC,M5V 3S6,2021-06-03
CUST100230,Marilyn,Hunt,308-373-662,1973-09-25,marilyn.hunt230@example.ca,+1 (374) 996-1659,610 Mcpherson Springs Apt. 278,Calgary,AB,M2T 8S5,2013-09-01
CUST100231,David,Leach,548-815-596,1997-08-31,david.leach231@example.ca,(264) 908-1081 x866,945 Richards Trafficway Apt. 172,Quebec City,QC,R7B 5C6,2020-03-31
CUST100232,Spencer,Santiago,745-723-918,1982-11-10,spencer.santiago232@example.ca,1-952-321-9416,61027 Holt Ways,Toronto,ON,M5P2R3,2013-06-19
CUST100233,James,Cabrera,262-418-664,1987-10-09,james.cabrera233@example.ca,(503) 723-6831,76012 Joanne Mills Suite 707,Laval,QC,J1M 6R1,2012-12-23
CUST100234,Melanie,Reynolds,517-195-330,1968-09-15,melanie.reynolds234@example.ca,499-840-7678 x997,069 Tran Grove,London,ON,V6E8V7,2011-10-02
CUST100235,Keith,Lee,220-763-952,1963-10-28,keith.lee235@example.ca,(783) 959-7246,2934 Elizabeth Curve Apt. 329,Hamilton,ON,E5S4V4,2019-10-16
CUST100236,Yvette,Howard,833-398-621,1958-03-05,yvette.howard236@example.ca,228 015 6193,4550 Kemp Walk,Quebec City,QC,B2T 2T2,2023-10-17
CUST100237,Bobby,Garcia,525-954-594,1983-04-11,bobby.garcia237@example.ca,(652) 478-7125,37603 Peterson Parkways,Halifax,NS,C7L 6P4,2013-09-17
CUST100238,Karen,Fisher,567-664-248,1955-12-16,karen.fisher238@example.ca,+1 (966) 785-0720,55626 Phillip Camp,Calgary,AB,B7X 7M9,2024-07-17
CUST100239,Jennifer,Edwards,713-620-864,1963-11-04,jennifer.edwards239@example.ca,1-889-267-3899,634 Benjamin Isle Suite 288,Calgary,AB,J9C5X9,2016-07-19
CUST100240,Cynthia,Johnson,382-891-908,2000-12-24,cynthia.johnson240@example.ca,(294) 346-8105 x485,174 Shawn Freeway,Montreal,QC,P3M 7M9,2022-07-02
CUST100241,Daniel,Black,619-373-940,1953-07-14,daniel.black241@example.ca,1 (371) 266-1106,71586 Wiggins Prairie Suite 677,Edmonton,AB,H3G8X8,2013-05-18
CUST100242,Janet,Boyer,843-405-957,1948-06-20,janet.boyer242@example.ca,(277) 028-5196,9408 David Inlet,Ottawa,ON,M1M3V3,2023-03-13
CUST100243,Robert,Zuniga,252-557-651,1961-03-11,robert.zuniga243@example.ca,1-732-701-8510,497 Harrington Mountains Apt. 287,Winnipeg,MB,T2G7N7,2014-12-06
CUST100244,Randall,Weaver,440-665-881,2005-08-03,randall.weaver244@example.ca,941-209-4818 x139,837 David Place,Edmonton,AB,A4L 8J2,2023-07-18
CUST100245,Catherine,Morales,566-429-990,1943-07-02,catherine.morales245@example.ca,256-260-8564,82422 Tate Drives,Winnipeg,MB,S6H3B1,2022-02-20
CUST100246,Kenneth,Garcia,344-685-492,1950-02-16,kenneth.garcia246@example.ca,1 (846) 103-3993,40578 Jones Burgs Suite 304,Laval,QC,K5Y 7G8,2012-09-11
CUST100247,Cynthia,Harris,144-425-862,2006-04-05,cynthia.harris247@example.ca,1 (882) 386-8700,200 Nelson Glen Suite 539,Quebec City,QC,B2H5Y2,2017-05-14
CUST100248,David,Taylor,495-779-911,1978-04-13,david.taylor248@example.ca,1-463-985-5474,3795 Robin Dale Apt. 970,Edmonton,AB,H8S 7Y9,2012-08-27
CUST100249,Nancy,Curtis,607-137-229,1977-01-25,nancy.curtis249@example.ca,815-695-6201 x753,04531 Stokes Forges,Halifax,NS,V5P 8B4,2011-07-19
CUST100250,Tracey,Little,202-995-965,1947-12-26,tracey.little250@example.ca,1-398-728-3999,212 Mahoney Walks,Winnipeg,MB,X1L 9J5,2021-08-25
CUST100251,Nicole,Smith,638-567-115,1969-06-26,nicole.smith251@example.ca,956-641-8775,304 Patel Island,Calgary,AB,R2J 1N4,2026-02-09
CUST100252,Rodney,Jones,519-991-770,1957-06-09,rodney.jones252@example.ca,654 110 7609,17350 Stone Freeway Apt. 997,Halifax,NS,T1E 1C7,2016-02-20
CUST100253,Melanie,Brown,580-900-371,1949-02-10,melanie.brown253@example.ca,204-961-1080 x466,99076 Pope River Apt. 507,Montreal,QC,J1E2E4,2025-01-02
CUST100254,David,Hicks,809-507-765,1964-08-09,david.hicks254@example.ca,697-232-0024 x968,822 Parker Junctions Suite 508,Surrey,BC,B9K 1X7,2016-08-05
CUST100255,Tiffany,Davidson,790-979-646,1954-02-15,tiffany.davidson255@example.ca,553.779.5995,2170 Robinson Alley Apt. 379,Ottawa,ON,K7V 4N7,2014-03-15
CUST100256,Veronica,Cox,741-835-877,1945-06-15,veronica.cox256@example.ca,181-247-3950,42342 Abbott Gardens,Edmonton,AB,J5A 2H1,2023-11-29
CUST100257,Derrick,Pena,732-170-340,2000-08-15,derrick.pena257@example.ca,1 (734) 735-5289,22338 Benson Island,Calgary,AB,K9B5J3,2016-05-09
CUST100258,Brian,Flynn,332-864-192,1999-10-18,brian.flynn258@example.ca,(897) 317-9128 x685,55877 Adams Locks Apt. 333,Halifax,NS,K5R7J7,2020-01-04
CUST100259,Selena,Brooks,878-748-820,1977-11-17,selena.brooks259@example.ca,914 785 3907,7766 Ballard Island Suite 602,Calgary,AB,K6L2C5,2024-01-29
CUST100260,William,Schneider,270-810-406,1993-11-17,william.schneider260@example.ca,(611) 150-8353,4392 Smith Hills Suite 566,Hamilton,ON,V7X 4G4,2022-04-16
CUST100261,Jason,Hall,432-915-157,1980-05-10,jason.hall261@example.ca,(177) 515-3663 x778,92407 Morgan Manor Suite 684,Toronto,ON,A3B6G7,2026-02-21
CUST100262,James,Myers,483-541-249,1976-10-14,james.myers262@example.ca,(971) 597-4121,97023 Rhonda Lights,Victoria,BC,J9K2M8,2012-04-19
CUST100263,April,Jackson,521-679-798,1998-11-25,april.jackson263@example.ca,+1 (462) 128-6716,46729 Matthews Parkway,Laval,QC,L3J8A2,2023-10-22
CUST100264,Cassidy,Wright,279-180-724,1962-10-21,cassidy.wright264@example.ca,777-901-4754 x692,96762 Phillip Cape,Montreal,QC,H5L 2Y4,2025-01-25
CUST100265,Robert,Gill,609-697-246,1948-09-07,robert.gill265@example.ca,1 (911) 856-7243,0176 Reese Walks,Calgary,AB,R5B 2A3,2016-05-06
CUST100266,Kaitlyn,Washington,753-360-570,1945-01-29,kaitlyn.washington266@example.ca,(237) 274-2209 x124,10427 Thompson Station Apt. 837,Quebec City,QC,X5E 8R1,2020-05-30
CUST100267,Brandon,Bennett,109-923-576,1954-02-27,brandon.bennett267@example.ca,(453) 310-6005,12206 Lisa Islands,Surrey,BC,J7Y 2R4,2014-08-24
CUST100268,Michael,Thompson,659-261-175,1967-10-14,michael.thompson268@example.ca,1 (106) 373-1495,64971 Johnathan Court,Surrey,BC,R3G6N8,2012-06-13
CUST100269,Andres,Barr,701-406-754,1970-12-19,andres.barr269@example.ca,(238) 903-0914 x363,57432 Harris Camp,Edmonton,AB,T5N 6G1,2019-04-02
CUST100270,Tiffany,Wong,567-965-409,1960-01-21,tiffany.wong270@example.ca,735-533-8033,70171 Brett Divide Apt. 212,Edmonton,AB,K7X 8C5,2013-11-25
CUST100271,James,Coleman,594-209-342,1981-08-21,james.coleman271@example.ca,1-749-734-7156,7689 Wolf Viaduct,Quebec City,QC,A2R5S9,2013-09-24
CUST100272,Jessica,Scott,688-402-816,1971-12-20,jessica.scott272@example.ca,146-897-1527 x323,576 Bentley Summit,Edmonton,AB,R2V7M1,2026-04-29
CUST100273,David,Frederick,774-505-381,1951-06-25,david.frederick273@example.ca,+1 (445) 875-0663,50249 Blackburn Drive Suite 399,Vancouver,BC,A7E 7C2,2019-03-21
CUST100274,Jacob,Henderson,802-896-862,1996-11-11,jacob.henderson274@example.ca,1-648-869-4611,3640 Lisa Alley,London,ON,C7S 5X7,2013-12-30
CUST100275,Nicholas,Padilla,863-608-952,1953-11-27,nicholas.padilla275@example.ca,481 793 2302,7912 Kelly Lane Apt. 415,London,ON,K2V 1V1,2015-06-06
CUST100276,Stephanie,Ortega,721-921-460,1994-02-08,stephanie.ortega276@example.ca,813-806-9847,655 Key Viaduct Apt. 566,Vancouver,BC,P1N 8E7,2022-04-26
CUST100277,Pamela,Taylor,294-735-356,1981-05-15,pamela.taylor277@example.ca,(643) 579-7863 x050,573 Ross Ridge,Laval,QC,P2S 7V5,2020-07-18
CUST100278,Jennifer,Kane,743-199-742,2000-01-10,jennifer.kane278@example.ca,(402) 714-8727 x178,21160 Sarah Islands,Halifax,NS,L8K2L3,2025-04-12
CUST100279,Cynthia,Vasquez,416-907-551,1994-07-15,cynthia.vasquez279@example.ca,1 (439) 915-6686,1411 Matthew Ramp,Halifax,NS,E6P 7G1,2016-02-06
CUST100280,Brittany,Lee,473-849-234,1966-11-01,brittany.lee280@example.ca,+1 (155) 289-9316,2437 Hernandez Haven Apt. 095,London,ON,X8E4L8,2015-10-24
CUST100281,Tammy,Brown,434-865-525,1995-07-15,tammy.brown281@example.ca,933 027 6420,6756 Jones Stream Suite 438,Ottawa,ON,E1G5N8,2021-04-04
CUST100282,Barbara,Ramos,235-905-652,1973-03-31,barbara.ramos282@example.ca,733 305 9126,15720 Tina Run,Montreal,QC,S4G1R2,2015-01-19
CUST100283,Tracy,Watts,613-379-950,2005-05-08,tracy.watts283@example.ca,+1 (217) 647-5011,8309 Hill Summit,Surrey,BC,H7R 5V3,2012-12-05
CUST100284,Bryan,Stout,593-925-402,1994-07-07,bryan.stout284@example.ca,960 688 8718,12920 Mcbride Crossing,Quebec City,QC,G2J 9H5,2024-03-18
CUST100285,Austin,Whitney,217-579-177,1974-11-10,austin.whitney285@example.ca,1 (982) 603-4084,97585 Hailey Shore Apt. 303,Halifax,NS,M9J 4G6,2015-08-07
CUST100286,Jessica,Henderson,792-841-790,1977-10-30,jessica.henderson286@example.ca,1-462-671-4628,435 Robert Drives,Montreal,QC,S4R2A5,2013-04-22
CUST100287,Daniel,Kelley,192-909-504,1944-12-04,daniel.kelley287@example.ca,455.423.4016,12849 Davis Keys Suite 849,Edmonton,AB,B7H 3N6,2023-07-13
CUST100288,Erica,Kramer,649-226-565,1977-12-14,erica.kramer288@example.ca,+1 (779) 240-8222,53967 Scott Knoll Suite 844,Ottawa,ON,X2K5M7,2022-12-30
CUST100289,Megan,Walters,866-788-368,1945-08-27,megan.walters289@example.ca,(712) 901-4870,7881 Smith Field,Surrey,BC,S4Y 9P1,2020-07-19
CUST100290,Tami,Craig,753-480-210,2000-05-30,tami.craig290@example.ca,(632) 152-8506 x762,3814 Webb Greens,Winnipeg,MB,A5R 9J1,2025-06-21
CUST100291,Patricia,Charles,582-125-734,1944-05-08,patricia.charles291@example.ca,797-545-1052,16731 Robert Oval Apt. 243,Halifax,NS,R6P7M3,2019-06-27
CUST100292,Joseph,Mayo,724-326-763,1985-01-25,joseph.mayo292@example.ca,722-560-5313 x402,502 Stacy Shores Suite 167,Winnipeg,MB,G9N7R3,2013-01-31
CUST100293,Daniel,Smith,817-409-764,1951-01-07,daniel.smith293@example.ca,(203) 056-9067 x447,92823 Wang Way Suite 363,Hamilton,ON,E4X3H4,2013-03-31
CUST100294,Richard,Hill,243-146-138,1953-07-05,richard.hill294@example.ca,560 931 0668,56708 Schneider Hollow,Calgary,AB,L6P 7L4,2016-03-27
CUST100295,Brandon,Williams,218-199-340,1943-12-26,brandon.williams295@example.ca,1 (834) 749-1624,4110 Mark Streets Suite 989,Victoria,BC,K7L2J2,2013-05-24
CUST100296,Julia,Martinez,497-564-479,1980-04-29,julia.martinez296@example.ca,(437) 118-9547,23684 Jacobson Mission,Winnipeg,MB,S7C 9V9,2023-04-21
CUST100297,Gary,Hill,701-860-844,2006-03-25,gary.hill297@example.ca,1-309-036-7881,686 Lawson Ford Apt. 029,Halifax,NS,A9X 9T5,2015-12-28
CUST100298,Jeffrey,Erickson,770-201-953,1977-12-26,jeffrey.erickson298@example.ca,530 834 0242,338 Aaron Key,Quebec City,QC,N5C3Y7,2024-11-29
CUST100299,Kenneth,Galloway,386-133-806,1983-01-02,kenneth.galloway299@example.ca,753-424-0891,983 Walker Grove Apt. 962,Edmonton,AB,K3S8P2,2018-11-17
CUST100300,Stephen,Ochoa,554-555-341,1952-06-01,stephen.ochoa300@example.ca,724-042-2693 x121,6182 Carrie Lane,Vancouver,BC,A1E3A4,2022-12-28
CUST100301,Joseph,Mays,802-476-657,1981-03-20,joseph.mays301@example.ca,318-513-2797,7230 Burton Crossing Apt. 018,Vancouver,BC,E3X1S4,2011-10-19
CUST100302,Ronald,Hernandez,162-507-382,1985-01-02,ronald.hernandez302@example.ca,(261) 721-3145,51092 Roy Isle Apt. 624,Halifax,NS,P8E6L5,2023-08-07
CUST100303,Jennifer,Jones,565-193-778,1940-08-03,jennifer.jones303@example.ca,725 267 7119,15226 Flores Manors Suite 695,Montreal,QC,K9R 8S9,2019-06-12
CUST100304,Amanda,Underwood,754-711-121,1966-08-05,amanda.underwood304@example.ca,+1 (689) 313-5030,10552 Stevens Village Suite 333,Laval,QC,G7E 1G7,2017-01-05
CUST100305,Jacqueline,Bates,349-228-905,1945-06-16,jacqueline.bates305@example.ca,702 521 3109,72847 Sharp Mills,Ottawa,ON,M1E 1G3,2018-12-27
CUST100306,Alex,Wall,170-949-883,1986-09-03,alex.wall306@example.ca,384-984-3624 x186,9036 Lynn Points,Winnipeg,MB,T7V 7N3,2012-04-04
CUST100307,Nathan,Coleman,700-321-932,1958-10-17,nathan.coleman307@example.ca,215.950.3428,90438 Danielle Bypass,Winnipeg,MB,L8C 1B1,2016-02-27
CUST100308,Sherry,Smith,892-251-907,1964-09-10,sherry.smith308@example.ca,1-768-356-5215,209 Woods Ways,Quebec City,QC,M8H 2G2,2025-09-24
CUST100309,Jesse,Lewis,383-979-248,1986-10-12,jesse.lewis309@example.ca,528 898 5725,606 Jason Ridge Apt. 297,Winnipeg,MB,A9G 2M8,2012-11-06
CUST100310,Lee,Villa,356-917-278,1951-06-03,lee.villa310@example.ca,1-595-511-2747,219 Williams Walks Suite 669,Laval,QC,T6P 6X2,2021-09-02
CUST100311,William,Baker,234-115-466,1999-12-23,william.baker311@example.ca,390-380-2146,36715 Mcdonald Place Suite 112,Toronto,ON,R7S 6J2,2016-03-13
CUST100312,Wendy,Tucker,431-116-278,1988-03-12,wendy.tucker312@example.ca,714-708-2723 x590,6730 Miranda Trace,Laval,QC,L2L3H2,2015-07-19
CUST100313,Christopher,Russo,229-859-531,1971-02-19,christopher.russo313@example.ca,+1 (383) 420-1654,6778 Tammy Mews,Vancouver,BC,R4A2Y3,2016-04-17
CUST100314,Valerie,Mcmillan,863-165-587,1990-12-14,valerie.mcmillan314@example.ca,1 (902) 727-5164,2791 Jeffery Field,Winnipeg,MB,Y4H6R4,2025-09-22
CUST100315,Teresa,Ray,625-707-211,1941-06-01,teresa.ray315@example.ca,1 (604) 481-7766,685 Sara Mount Suite 528,Edmonton,AB,Y5S 7R5,2021-12-20
CUST100316,Sharon,Bullock,729-144-844,1947-03-10,sharon.bullock316@example.ca,211.096.1798,904 Lewis Trail Suite 861,Calgary,AB,V8E 7P7,2011-07-21
CUST100317,Nicholas,Walker,569-758-131,1959-09-22,nicholas.walker317@example.ca,1-646-306-0002,2963 Lee Row Suite 096,Halifax,NS,R6H 9R3,2017-12-31
CUST100318,Cory,Owen,511-536-802,1974-09-24,cory.owen318@example.ca,+1 (148) 253-1106,98196 Julia Curve,Hamilton,ON,P4H5K4,2019-06-21
CUST100319,John,Deleon,829-554-175,1993-11-22,john.deleon319@example.ca,1-204-120-9117,44211 Kirk Villages,Hamilton,ON,R1E 7V2,2018-09-26
CUST100320,Connie,Clark,722-251-167,1968-12-29,connie.clark320@example.ca,1 (272) 240-2990,7998 Eric Streets Suite 139,Ottawa,ON,Y9A 3X4,2024-06-10
CUST100321,Danny,Robinson,739-748-699,1962-09-18,danny.robinson321@example.ca,(512) 447-3158,768 Nielsen Glen Apt. 346,Quebec City,QC,M8H 7J8,2017-10-17
CUST100322,Julie,Cabrera,490-711-643,1982-10-19,julie.cabrera322@example.ca,+1 (963) 955-1720,649 Sanders Crescent Apt. 562,Winnipeg,MB,K6C6J3,2023-02-17
CUST100323,David,Flores,617-719-540,1941-03-07,david.flores323@example.ca,1 (437) 953-8164,84919 Fleming Mews,Victoria,BC,N1J8J8,2012-02-21
CUST100324,Joshua,Wilson,770-766-998,1971-03-25,joshua.wilson324@example.ca,1 (896) 390-4090,60880 Newman Cliff Suite 164,Toronto,ON,N2P9R6,2018-11-05
CUST100325,Brandon,Evans,540-562-333,2007-05-08,brandon.evans325@example.ca,415-910-3002 x156,35800 Ware Cape,Winnipeg,MB,B5M 6C7,2015-06-27
CUST100326,George,Taylor,564-508-525,1971-10-08,george.taylor326@example.ca,852 967 1883,5731 Miranda Station Apt. 583,Edmonton,AB,C1C 4V1,2021-06-30
CUST100327,Taylor,Cruz,420-537-420,1973-08-07,taylor.cruz327@example.ca,1 (239) 885-4728,56798 Kimberly Field,Halifax,NS,L5S 2H3,2018-05-09
CUST100328,Daniel,Rodriguez,483-256-803,1941-07-26,daniel.rodriguez328@example.ca,724-078-7541 x815,68685 Scott Land,Halifax,NS,B4R 5S4,2017-06-24
CUST100329,Brooke,Moreno,193-951-187,1974-01-02,brooke.moreno329@example.ca,+1 (510) 313-1009,81439 Myers Courts,Calgary,AB,L3V 4J6,2020-12-28
CUST100330,Janice,Roberts,198-862-856,1940-08-26,janice.roberts330@example.ca,389 743 2512,2076 Smith Greens Apt. 209,Hamilton,ON,V4A8V2,2012-02-12
CUST100331,Andre,Frazier,669-161-700,1960-03-16,andre.frazier331@example.ca,(888) 221-1457,474 Ellis Views Suite 458,Vancouver,BC,E1L3X7,2024-04-13
CUST100332,Donna,Thomas,786-225-520,1974-04-17,donna.thomas332@example.ca,(996) 531-3614,245 Myers Mall Suite 430,Winnipeg,MB,E6S5T2,2025-12-24
CUST100333,Victor,Jennings,868-533-988,1972-02-24,victor.jennings333@example.ca,584 982 4741,0349 Brian Inlet,Surrey,BC,S1P 5A3,2016-09-09
CUST100334,Justin,Trevino,394-714-419,1985-09-06,justin.trevino334@example.ca,(621) 423-6914 x307,666 Patricia Hollow,Halifax,NS,H3S4N5,2013-06-22
CUST100335,Angela,Turner,691-619-317,1946-04-05,angela.turner335@example.ca,682-661-2875 x857,6670 Susan Manor Apt. 294,Vancouver,BC,X9P 5G1,2022-10-08
CUST100336,Philip,Powell,593-329-967,1940-11-04,philip.powell336@example.ca,(670) 104-1591 x497,98038 Anna Park,Laval,QC,K5G 1M8,2020-10-17
CUST100337,James,Jones,669-476-217,1950-11-05,james.jones337@example.ca,781.331.7087,46723 Underwood Springs,Ottawa,ON,E1S3G3,2023-09-19
CUST100338,Diane,Jackson,331-926-539,1990-11-15,diane.jackson338@example.ca,(237) 744-1975 x466,6204 Wilson Loaf Apt. 940,Surrey,BC,B8P8G5,2011-07-29
CUST100339,Eric,Mason,723-773-949,1998-12-28,eric.mason339@example.ca,(658) 681-2259,244 Jones Villages Suite 679,Winnipeg,MB,X3X 6L6,2020-03-16
CUST100340,Maria,Jones,129-284-379,1942-06-13,maria.jones340@example.ca,331 177 5331,1094 Benjamin Summit Apt. 759,Halifax,NS,H8N 7E3,2026-04-10
CUST100341,Audrey,Gonzalez,447-459-106,1957-08-11,audrey.gonzalez341@example.ca,143-326-8319 x013,56981 Lopez Stream,Halifax,NS,J9J6V6,2020-09-18
CUST100342,Angelica,Taylor,679-773-510,1945-01-02,angelica.taylor342@example.ca,+1 (861) 912-8411,98503 Nielsen Glen,Montreal,QC,P5C2H9,2020-01-26
CUST100343,Melissa,Frederick,858-748-131,1974-06-11,melissa.frederick343@example.ca,+1 (690) 819-7400,3502 Amy Street Suite 037,Mississauga,ON,B7P 2C9,2018-08-15
CUST100344,David,Cummings,320-485-529,1947-07-08,david.cummings344@example.ca,783-567-4300 x038,706 Dominguez Meadows,London,ON,Y8G2E6,2016-09-18
CUST100345,Matthew,Hull,261-478-419,1956-08-20,matthew.hull345@example.ca,190.368.9003,27240 Bailey Shoal,Edmonton,AB,M8G 2R2,2012-08-01
CUST100346,Shawna,Harris,895-681-710,1988-05-25,shawna.harris346@example.ca,1 (637) 458-4384,56974 James Dam,Halifax,NS,M2Y 6J3,2011-12-23
CUST100347,Joe,Alexander,259-261-872,1992-05-28,joe.alexander347@example.ca,107.044.9641,670 Cruz Cape Apt. 362,Toronto,ON,Y1B9M6,2025-07-01
CUST100348,Renee,Webster,790-183-378,1963-04-21,renee.webster348@example.ca,1-993-059-6601,487 Armstrong Port Suite 267,Winnipeg,MB,G5A 2L4,2023-01-04
CUST100349,Kenneth,Duncan,597-721-552,1943-01-24,kenneth.duncan349@example.ca,1-554-490-1495,7070 Johnson Knolls,Edmonton,AB,Y1J2S5,2024-11-22
CUST100350,Andrea,Ashley,320-873-624,1970-05-23,andrea.ashley350@example.ca,1-444-723-2290,028 Riley Canyon,Edmonton,AB,B1L 6L9,2022-03-19
CUST100351,Caroline,Bailey,540-213-390,1945-09-16,caroline.bailey351@example.ca,318-133-5956 x164,9556 Ruiz Hill,Ottawa,ON,H5P 3B1,2013-01-12
CUST100352,Jason,Edwards,639-783-415,1989-02-10,jason.edwards352@example.ca,(995) 369-0261 x139,180 Hopkins Pike Suite 543,Halifax,NS,K6N4K8,2016-02-28
CUST100353,Teresa,Steele,504-713-156,1970-09-13,teresa.steele353@example.ca,+1 (451) 588-1579,3928 Kimberly Lodge Apt. 944,Mississauga,ON,N7E7C9,2026-03-10
CUST100354,Barbara,Chen,408-316-885,1992-12-24,barbara.chen354@example.ca,370 216 4871,0212 Strong Knoll,Mississauga,ON,R5Y 2K6,2024-11-24
CUST100355,Rachel,Vargas,396-435-222,1982-05-16,rachel.vargas355@example.ca,315-767-6472,09957 Flores Fall,Quebec City,QC,E8K6M1,2019-11-25
CUST100356,Phyllis,Riley,864-540-279,1997-11-02,phyllis.riley356@example.ca,+1 (945) 652-2036,951 Mitchell Crest Suite 477,Hamilton,ON,H2M 4L5,2013-07-21
CUST100357,Jamie,Roberson,645-820-335,1991-10-09,jamie.roberson357@example.ca,490-883-0705,678 Mariah Hill Apt. 176,Quebec City,QC,L5C2G6,2023-06-30
CUST100358,Julie,Walker,173-506-982,1945-06-30,julie.walker358@example.ca,285 478 1506,80032 Wiggins Forges Apt. 472,Winnipeg,MB,H3V4M2,2025-09-13
CUST100359,Mercedes,Curry,546-119-570,1940-08-28,mercedes.curry359@example.ca,778.932.0649,578 Natalie Ville,Halifax,NS,M7V 6V9,2018-08-27
CUST100360,Colin,Rodriguez,689-539-687,2000-05-04,colin.rodriguez360@example.ca,1-267-536-1275,627 Burke Spur Apt. 044,Ottawa,ON,S6B 5Y6,2017-08-10
CUST100361,Lisa,Coleman,396-217-514,1958-03-02,lisa.coleman361@example.ca,347-350-4763,199 Anderson Plains,Edmonton,AB,A6R 6C9,2012-05-22
CUST100362,Brandon,Clark,275-920-732,1976-11-07,brandon.clark362@example.ca,986 342 5563,00818 Moody Canyon,Ottawa,ON,M4M 4A1,2015-07-11
CUST100363,David,Bowers,190-547-964,1984-12-31,david.bowers363@example.ca,341 118 6008,963 Glover Manors,Edmonton,AB,M4L 2T5,2025-12-23
CUST100364,Barbara,Bennett,546-703-510,1969-08-25,barbara.bennett364@example.ca,(168) 474-8836,658 Shaun Ports Apt. 637,Mississauga,ON,V6E3M2,2012-11-13
CUST100365,Gary,Hancock,505-991-417,1973-09-30,gary.hancock365@example.ca,(812) 697-8930,4520 Barker Rapid Suite 043,Winnipeg,MB,Y4V6N8,2022-01-26
CUST100366,Wyatt,Trevino,326-441-897,2007-12-13,wyatt.trevino366@example.ca,316.162.0281,1067 Connie Pine,Halifax,NS,G7Y1S5,2013-03-15
CUST100367,Wendy,Cortez,622-748-216,2000-04-18,wendy.cortez367@example.ca,1-485-959-2248,947 Clark Isle Apt. 287,Montreal,QC,N3S 8H2,2026-05-04
CUST100368,Adam,Miles,894-457-459,1953-12-28,adam.miles368@example.ca,287.510.9792,835 Sarah Harbor Suite 694,Winnipeg,MB,R9L4Y2,2020-04-30
CUST100369,Dakota,Robinson,341-205-249,1952-07-26,dakota.robinson369@example.ca,828.965.9994,03319 Douglas Mountains,Halifax,NS,N3C 9B8,2017-10-26
CUST100370,Thomas,Turner,277-716-256,1992-02-14,thomas.turner370@example.ca,(986) 667-5485,324 Mary Points,Vancouver,BC,V9L7E6,2014-02-09
CUST100371,Michelle,Wyatt,281-891-743,1992-11-06,michelle.wyatt371@example.ca,1 (463) 983-6520,8309 Murphy Land Suite 809,Halifax,NS,B7L1V5,2015-07-21
CUST100372,Brian,Armstrong,872-677-878,1942-07-05,brian.armstrong372@example.ca,397-727-8105 x092,61070 Davis Plains,Edmonton,AB,J6A3N6,2019-03-09
CUST100373,Shelia,Powell,797-678-758,1997-05-28,shelia.powell373@example.ca,513-824-1270,862 Larry Points,Winnipeg,MB,E2N8T2,2013-03-07
CUST100374,Christopher,Blair,742-423-254,1953-01-24,christopher.blair374@example.ca,320-357-1343,64242 Gutierrez Village Apt. 432,Halifax,NS,L2T8L6,2020-02-13
CUST100375,Michael,May,580-552-746,1971-01-07,michael.may375@example.ca,509 628 9365,8841 Jonathan Mountain,Calgary,AB,B3E8X3,2018-06-13
CUST100376,Marcus,Elliott,705-157-460,1985-03-16,marcus.elliott376@example.ca,251-502-6755,4278 Karen Mill,Victoria,BC,S4R5V6,2020-06-14
CUST100377,Timothy,Morales,417-572-562,1943-03-03,timothy.morales377@example.ca,(381) 664-9690,9839 David Isle,Winnipeg,MB,C6M 8G7,2013-12-01
CUST100378,Aaron,Hernandez,477-951-393,2000-06-24,aaron.hernandez378@example.ca,1-941-233-6132,72517 Hale Mountains Suite 731,Toronto,ON,G7N6G5,2023-09-26
CUST100379,Jessica,Coleman,729-708-619,1967-03-23,jessica.coleman379@example.ca,657.903.9235,099 Melendez Rue Apt. 273,Toronto,ON,J2M 6S7,2021-04-01
CUST100380,Ronald,Mitchell,694-667-910,1966-09-29,ronald.mitchell380@example.ca,704-622-6817 x151,52986 Smith Shoal,Edmonton,AB,S7B5M2,2020-06-29
CUST100381,Leah,Cole,560-929-685,1965-10-16,leah.cole381@example.ca,558-512-6861 x205,976 Steven Canyon,Halifax,NS,V1T 6P5,2017-10-28
CUST100382,Emily,Wang,429-719-587,1942-01-15,emily.wang382@example.ca,1-224-560-7540,086 Gregory Place Apt. 227,Halifax,NS,L4P9T8,2012-01-18
CUST100383,Mark,Johnson,163-561-205,1981-11-16,mark.johnson383@example.ca,568.154.6602,1394 Gilbert Plains,Winnipeg,MB,B4P 7V5,2022-08-23
CUST100384,Kimberly,Hill,186-616-761,1986-02-05,kimberly.hill384@example.ca,+1 (524) 406-3062,9513 Andrew Islands Apt. 194,Surrey,BC,S7N8Y9,2011-08-17
CUST100385,Matthew,Reed,353-824-548,1970-08-29,matthew.reed385@example.ca,673-826-4609 x178,85445 Craig Burgs,Montreal,QC,H7P 1S5,2019-10-14
CUST100386,Travis,Young,472-481-389,2003-01-30,travis.young386@example.ca,569 116 3319,68653 Lester Harbors,Calgary,AB,P9E9N9,2017-04-27
CUST100387,Michele,Simpson,893-446-795,1971-12-27,michele.simpson387@example.ca,722-640-8572 x169,3093 Chelsea Parkway Apt. 996,Edmonton,AB,N8K 2H6,2011-10-12
CUST100388,Carolyn,Clarke,746-762-442,1966-12-01,carolyn.clarke388@example.ca,(132) 753-2735 x241,773 Fritz Underpass,Winnipeg,MB,T6X 3E4,2018-05-16
CUST100389,Sydney,Smith,196-671-794,1942-08-21,sydney.smith389@example.ca,+1 (987) 616-4819,7046 Michael Stravenue,Ottawa,ON,S3E5E2,2022-04-08
CUST100390,Michael,Douglas,358-841-972,1950-02-03,michael.douglas390@example.ca,(573) 415-1773,7574 Wheeler Trace Apt. 284,Edmonton,AB,K5P 5P3,2019-12-15
CUST100391,Kevin,Marquez,441-183-696,1986-03-23,kevin.marquez391@example.ca,522 946 4303,045 Woods Extension,Halifax,NS,G9X6N7,2024-06-02
CUST100392,Todd,Jackson,458-417-771,1976-02-27,todd.jackson392@example.ca,376 015 3433,135 Stevens Route Apt. 833,Halifax,NS,B6R9E2,2015-07-06
CUST100393,Suzanne,Bradford,232-709-825,1977-01-02,suzanne.bradford393@example.ca,407.983.3423,09484 Julia Street Apt. 284,Halifax,NS,J8K 8K2,2019-06-29
CUST100394,Kimberly,Flores,672-485-758,1983-07-19,kimberly.flores394@example.ca,(471) 717-3189,9096 Jennifer Mills Apt. 997,Ottawa,ON,L8S 3L6,2019-01-18
CUST100395,Willie,Bean,786-819-948,1960-10-25,willie.bean395@example.ca,(935) 488-4712 x705,2216 Davis Wall Suite 582,Vancouver,BC,E5K 9J5,2016-03-28
CUST100396,Alyssa,Garcia,761-786-533,1960-11-04,alyssa.garcia396@example.ca,(392) 523-6229,796 Perez Greens Suite 452,Halifax,NS,N8P5N7,2019-11-21
CUST100397,Kathryn,Smith,118-471-416,2004-05-11,kathryn.smith397@example.ca,565-274-0334,56658 Lauren River Suite 411,Winnipeg,MB,H8N 1V7,2021-10-03
CUST100398,Regina,Tucker,449-884-597,1959-06-28,regina.tucker398@example.ca,+1 (201) 054-8574,15622 Andrews Points Apt. 735,Montreal,QC,Y1X3M2,2024-07-01
CUST100399,Holly,Stevenson,240-258-179,2005-07-12,holly.stevenson399@example.ca,1 (473) 257-3755,9021 Simmons Valley Suite 080,Montreal,QC,A9S6B9,2018-10-26
CUST100400,Bailey,Walters,619-889-652,1990-05-20,bailey.walters400@example.ca,481.828.1979,647 Preston Streets,Vancouver,BC,N6C 8H9,2023-02-26
CUST100401,Jodi,Fry,777-444-997,2000-12-01,jodi.fry401@example.ca,+1 (794) 096-0035,3958 Valdez Flats,Halifax,NS,G4J5G3,2012-12-13
CUST100402,Amanda,Blackburn,711-485-257,1943-02-14,amanda.blackburn402@example.ca,385 155 3334,3350 Natalie Mill Apt. 607,Winnipeg,MB,R8B 7T4,2014-07-10
CUST100403,Oscar,Olsen,809-889-739,1946-10-03,oscar.olsen403@example.ca,689 812 3179,3318 Woods Pass Apt. 700,Montreal,QC,S6R6E5,2023-12-27
CUST100404,Ryan,Abbott,548-144-520,1960-11-20,ryan.abbott404@example.ca,167.045.0232,227 Bruce Unions,Laval,QC,M3P 7S3,2014-01-21
CUST100405,April,Hernandez,836-343-554,1995-06-25,april.hernandez405@example.ca,551 207 3465,05070 Robin Cape Suite 982,Surrey,BC,E4A 2P7,2026-04-06
CUST100406,Daniel,Alvarez,870-866-902,2007-04-23,daniel.alvarez406@example.ca,(272) 904-7742 x585,9323 Linda Divide Apt. 116,Winnipeg,MB,E5K3K5,2016-05-14
CUST100407,Terri,Barnett,646-344-416,1975-10-18,terri.barnett407@example.ca,1-425-652-9060,20326 Smith Orchard,Calgary,AB,P8J4R8,2020-10-04
CUST100408,Amy,Wilson,476-794-684,1959-06-08,amy.wilson408@example.ca,(255) 245-7871 x584,0821 Theresa Village Apt. 184,Calgary,AB,P7M 9T2,2025-12-07
CUST100409,Teresa,White,887-388-896,1996-03-15,teresa.white409@example.ca,(132) 303-5892 x988,382 Moore Springs Apt. 932,Edmonton,AB,J7L5B7,2024-12-14
CUST100410,Teresa,English,265-936-304,1972-04-06,teresa.english410@example.ca,240 148 4399,2272 Peter Estate,Edmonton,AB,R6J2K4,2025-11-21
CUST100411,Joshua,Stafford,356-153-756,1948-11-01,joshua.stafford411@example.ca,937 245 0184,973 Evans Crossing,Winnipeg,MB,G5C1N7,2024-01-04
CUST100412,Jonathan,Sims,667-205-828,1969-05-27,jonathan.sims412@example.ca,474 381 1995,660 Michelle Harbors Suite 485,Edmonton,AB,L1P2C8,2015-01-29
CUST100413,Troy,Garza,391-185-881,1985-09-14,troy.garza413@example.ca,278.996.9860,113 Carpenter Station,Winnipeg,MB,R8B8P9,2011-12-31
CUST100414,Raymond,Trujillo,560-625-250,1991-01-22,raymond.trujillo414@example.ca,+1 (103) 920-5146,5553 Griffin Causeway Suite 742,Quebec City,QC,Y7Y 6N3,2024-02-10
CUST100415,Melissa,Cook,327-936-561,1982-05-10,melissa.cook415@example.ca,(754) 116-5972,7557 Fischer Extension,Calgary,AB,A5E9J9,2015-11-18
CUST100416,Ann,Thompson,524-154-505,1982-06-30,ann.thompson416@example.ca,631.196.4258,61499 Mario Fork Suite 038,Vancouver,BC,L4A 4V4,2024-07-25
CUST100417,Scott,Cain,341-495-183,1950-04-29,scott.cain417@example.ca,1-430-977-6889,89696 Mann Lakes Suite 655,Winnipeg,MB,N2Y 3P6,2024-05-03
CUST100418,Valerie,Wright,128-426-201,1977-01-16,valerie.wright418@example.ca,918 785 1935,4907 Crawford Mews,Vancouver,BC,H8A 9Y1,2024-11-16
CUST100419,Thomas,Mccarthy,249-240-139,1944-10-11,thomas.mccarthy419@example.ca,1 (714) 940-9762,748 Rivera Port,Halifax,NS,G1Y1N6,2020-04-01
CUST100420,Kim,Jones,812-951-242,1944-10-07,kim.jones420@example.ca,+1 (623) 392-2071,69666 Taylor Junctions,Victoria,BC,E3M 7P5,2018-12-07
CUST100421,Jack,Morales,559-730-105,1955-11-08,jack.morales421@example.ca,157.184.0908,20800 Cruz Burgs Suite 123,Halifax,NS,H6Y2J3,2020-06-07
CUST100422,Audrey,Vance,362-320-955,1988-06-22,audrey.vance422@example.ca,582 709 0814,2982 Tyler Rapids,Toronto,ON,N7T 8Y2,2021-06-20
CUST100423,Cameron,Sanchez,844-723-640,1950-01-20,cameron.sanchez423@example.ca,936-050-7918 x158,345 Seth Flat Suite 666,Laval,QC,C8V2A6,2019-11-10
CUST100424,Chelsea,Torres,894-395-343,2007-12-01,chelsea.torres424@example.ca,1-308-031-4998,080 Tammy Lights Apt. 580,Calgary,AB,X9X6H1,2025-02-05
CUST100425,Corey,Dodson,148-344-529,2001-02-13,corey.dodson425@example.ca,1 (413) 739-9006,0352 Serrano Landing,Vancouver,BC,B4G5G7,2021-08-23
CUST100426,Jennifer,Barrera,164-213-956,1961-07-02,jennifer.barrera426@example.ca,1-160-666-4374,72311 Erik Turnpike Suite 128,Halifax,NS,H5L9R5,2015-09-16
CUST100427,Ashley,Rodriguez,747-627-688,1948-07-23,ashley.rodriguez427@example.ca,(218) 732-8077,06211 Ryan Land,Calgary,AB,G9T4B4,2022-04-24
CUST100428,Bradley,Smith,247-398-539,1950-10-28,bradley.smith428@example.ca,1-925-730-6624,23570 Jones Gardens,Laval,QC,Y9H6G1,2013-02-09
CUST100429,Cameron,Holmes,461-346-684,1941-08-17,cameron.holmes429@example.ca,155 021 3060,130 Andrew View Suite 964,London,ON,T5K6V8,2018-08-17
CUST100430,Rachel,Gibson,780-784-187,2000-03-29,rachel.gibson430@example.ca,(524) 264-2506,76836 Mary Knoll,Calgary,AB,R8S 8S8,2025-09-22
CUST100431,Steven,Morgan,169-638-657,1985-09-07,steven.morgan431@example.ca,883 333 9395,4362 Rodriguez Run Suite 496,Winnipeg,MB,J9J 3N7,2025-06-30
CUST100432,Ryan,Hahn,499-994-581,1942-01-22,ryan.hahn432@example.ca,(369) 249-2693,7327 Bishop Track Apt. 111,Winnipeg,MB,A2B 6N6,2014-06-26
CUST100433,Edward,Lewis,482-359-865,1997-08-09,edward.lewis433@example.ca,1 (295) 977-5244,26189 Moore Plaza,Hamilton,ON,L3K8E2,2022-10-10
CUST100434,Derek,James,169-453-346,1966-03-28,derek.james434@example.ca,809 579 9270,1512 Claire Springs Suite 213,Ottawa,ON,M8C1P7,2026-04-25
CUST100435,Michael,King,890-695-852,1975-05-09,michael.king435@example.ca,(507) 520-3447 x650,158 David Road Apt. 904,Halifax,NS,J7V1R5,2021-11-22
CUST100436,Matthew,Pratt,145-460-659,1998-06-27,matthew.pratt436@example.ca,+1 (565) 254-8374,1581 Lisa Valley,Vancouver,BC,K6C 2H3,2020-01-07
CUST100437,Joel,Miller,279-950-897,1945-07-26,joel.miller437@example.ca,259-129-7519,231 Christopher Course,Surrey,BC,S1K 2J7,2016-03-30
CUST100438,Alyssa,Alvarez,812-590-746,1953-11-09,alyssa.alvarez438@example.ca,492-749-0728 x012,89311 Jacob Islands Apt. 269,Halifax,NS,S4X7M5,2023-10-22
CUST100439,Jill,Schmidt,164-833-894,1984-12-20,jill.schmidt439@example.ca,1-742-101-7509,701 Chapman Lake,Montreal,QC,L6N 8T6,2018-12-07
CUST100440,Kathryn,Edwards,400-306-144,2008-05-18,kathryn.edwards440@example.ca,(739) 205-6775,7226 Herring Well Apt. 562,Calgary,AB,P3A3S3,2014-09-10
CUST100441,Allen,Kennedy,423-417-627,1958-11-11,allen.kennedy441@example.ca,(807) 624-8433,6270 Ali Cliff Suite 794,Montreal,QC,K4X 7V8,2011-08-20
CUST100442,Kyle,Moore,359-137-871,1983-04-24,kyle.moore442@example.ca,+1 (691) 928-4552,07563 Shirley Spurs Apt. 574,Edmonton,AB,N6J4G4,2023-08-22
CUST100443,John,Elliott,392-465-982,2000-12-30,john.elliott443@example.ca,1 (881) 629-5187,76342 Abbott Circle Suite 330,Halifax,NS,P3V5Y6,2018-09-16
CUST100444,Lee,Ware,379-227-918,1954-01-16,lee.ware444@example.ca,(499) 140-3884,0443 Kenneth Burgs Suite 157,Ottawa,ON,T3R 8Y6,2013-01-20
CUST100445,Joshua,Hill,509-861-550,1988-06-20,joshua.hill445@example.ca,342-925-0105 x875,680 Lucas Locks Apt. 590,Victoria,BC,N1B3X8,2012-05-24
CUST100446,Carlos,Hernandez,291-608-808,1975-12-28,carlos.hernandez446@example.ca,(715) 551-6517,662 Lisa Mission,Edmonton,AB,E4L 1K9,2011-10-20
CUST100447,Dawn,Terry,631-373-920,1972-12-28,dawn.terry447@example.ca,133-228-5566,0681 James Camp Apt. 397,Edmonton,AB,P9C 3P7,2014-08-18
CUST100448,Amanda,Herman,180-540-716,1991-01-19,amanda.herman448@example.ca,1-648-586-2394,4614 Johnson Rapids,Hamilton,ON,J1H7E2,2022-07-31
CUST100449,Morgan,Gonzalez,400-428-205,1979-03-20,morgan.gonzalez449@example.ca,1-439-457-0394,0325 Victor Stravenue,Laval,QC,N3T8R8,2019-11-07
CUST100450,Justin,Hatfield,776-402-413,1998-09-28,justin.hatfield450@example.ca,(119) 100-9004,6921 Micheal Rue Apt. 651,Ottawa,ON,S1A2M5,2013-07-26
CUST100451,Stephen,Randolph,270-806-554,2007-04-21,stephen.randolph451@example.ca,(910) 720-1137,0971 Jason Locks Suite 007,Edmonton,AB,T1S1H2,2025-10-30
CUST100452,Nancy,Mckinney,143-844-990,1989-04-28,nancy.mckinney452@example.ca,(740) 433-7009,04519 Bryant Mountains Apt. 558,Victoria,BC,N3P 7S6,2018-06-14
CUST100453,Michael,Carter,545-381-754,1995-10-22,michael.carter453@example.ca,986-561-9425 x577,58295 Melissa Ports,Surrey,BC,J7R 2C9,2019-08-07
CUST100454,April,Johnston,787-752-515,1957-10-05,april.johnston454@example.ca,(623) 571-5586 x863,137 Mary Terrace Apt. 081,Toronto,ON,G4C7M5,2023-10-26
CUST100455,Amber,Davis,867-795-263,1995-10-29,amber.davis455@example.ca,800-413-2114,5609 Cooper Landing,Surrey,BC,M1S 8V1,2018-12-09
CUST100456,Michael,Scott,722-794-900,1972-08-23,michael.scott456@example.ca,+1 (181) 699-5706,74811 Jennifer Stravenue Apt. 765,Mississauga,ON,V5B 9N8,2014-09-08
CUST100457,Robert,Smith,229-168-341,1949-03-03,robert.smith457@example.ca,987-182-7496,9187 Rachel Hill,Calgary,AB,B7M 2N3,2025-12-19
CUST100458,Chase,Olson,470-492-680,1957-05-17,chase.olson458@example.ca,+1 (426) 042-3597,112 David Rapids Apt. 775,Halifax,NS,A9X2P7,2018-07-18
CUST100459,Joshua,Grant,257-795-560,1969-02-25,joshua.grant459@example.ca,114.576.8321,92378 Grant Neck,London,ON,H9S 1E4,2014-06-23
CUST100460,Kevin,Francis,554-881-178,1967-01-04,kevin.francis460@example.ca,1 (508) 018-4980,3733 Mendoza Forest,Victoria,BC,H9R 2Y3,2021-06-11
CUST100461,Michaela,Thomas,642-475-507,1992-02-26,michaela.thomas461@example.ca,181-923-6534 x606,0356 Obrien Way Apt. 279,Winnipeg,MB,H5K8X2,2017-12-05
CUST100462,Anthony,Jones,385-355-216,1946-03-18,anthony.jones462@example.ca,605 464 7548,8769 Taylor Course Suite 588,Surrey,BC,L5L 9L4,2016-02-19
CUST100463,Rebecca,Solomon,611-630-496,1978-12-06,rebecca.solomon463@example.ca,1 (443) 586-4496,435 Harris Mountain,Mississauga,ON,E4M 6K3,2024-09-30
CUST100464,Lisa,Brooks,368-893-366,1967-01-26,lisa.brooks464@example.ca,1-297-852-4914,601 Lisa Glens Suite 789,Winnipeg,MB,X5S1J7,2020-11-10
CUST100465,Tracy,Rodriguez,319-726-392,1970-03-03,tracy.rodriguez465@example.ca,1 (212) 215-0014,16309 Alejandro Junction Suite 463,Halifax,NS,K6L 4Y3,2011-10-13
CUST100466,Breanna,Farmer,304-225-238,1952-02-16,breanna.farmer466@example.ca,+1 (838) 902-1994,36337 Patricia Forges,Halifax,NS,E5A7K7,2018-02-17
CUST100467,Jesse,Boone,276-830-555,1968-03-21,jesse.boone467@example.ca,672-696-0843 x768,78967 Nathan Squares Apt. 962,Hamilton,ON,J6J7N5,2015-03-03
CUST100468,Kelly,Hall,783-455-826,1981-04-09,kelly.hall468@example.ca,809-317-0695 x560,761 Scott Forks Suite 547,Ottawa,ON,H9K 4X1,2026-02-15
CUST100469,Michael,Hodges,655-397-407,1946-07-23,michael.hodges469@example.ca,319 804 1847,64236 Jackson Cliff Apt. 190,London,ON,M7Y 3V4,2011-09-12
CUST100470,Susan,Morrison,826-817-753,1945-09-05,susan.morrison470@example.ca,942.817.8522,05248 Vincent Centers,Laval,QC,G8H3B3,2015-01-25
CUST100471,Chelsea,Richardson,620-329-224,1993-09-11,chelsea.richardson471@example.ca,537-213-2901 x620,768 Oneal Mountain Suite 996,Quebec City,QC,X9S8H3,2023-07-06
CUST100472,Jamie,Greene,342-909-605,1965-06-06,jamie.greene472@example.ca,1-819-666-4505,36279 Deborah Hollow,Montreal,QC,K4G8A5,2018-09-28
CUST100473,Steven,Marshall,667-686-477,2000-06-10,steven.marshall473@example.ca,726-032-1450 x576,458 Williams Ways,Ottawa,ON,C4P5N9,2013-12-05
CUST100474,Victoria,Thomas,726-188-167,1988-10-17,victoria.thomas474@example.ca,1-600-838-5076,9545 Laurie Prairie Apt. 776,Calgary,AB,Y3X 7C6,2021-05-07
CUST100475,Scott,Sharp,834-836-590,1958-08-09,scott.sharp475@example.ca,531 964 6300,36936 Ronald Port,Victoria,BC,J3A1C5,2022-05-07
CUST100476,Kristin,Robinson,887-519-943,2002-09-02,kristin.robinson476@example.ca,971 175 9574,582 Drake Tunnel Apt. 306,Winnipeg,MB,L5N8X7,2012-03-16
CUST100477,Brittany,Solis,228-424-757,1957-12-17,brittany.solis477@example.ca,683 337 2188,669 Evans Gardens Apt. 971,Winnipeg,MB,B7S3R7,2018-07-15
CUST100478,Anthony,Pace,577-796-629,1948-06-24,anthony.pace478@example.ca,(477) 693-6634,2959 Castaneda Courts,Hamilton,ON,C9A 7G8,2024-11-20
CUST100479,Sarah,Leon,898-664-755,1987-11-11,sarah.leon479@example.ca,200 720 2455,45109 Vanessa Ridges,Vancouver,BC,J8H 2R5,2020-05-04
CUST100480,Christina,Fox,886-232-543,1997-01-01,christina.fox480@example.ca,1-421-794-2817,65277 Lynn Inlet Suite 663,Winnipeg,MB,N8J3K3,2011-12-28
CUST100481,Brian,Golden,227-630-256,1950-06-25,brian.golden481@example.ca,922-145-5937 x661,370 Moore Fields Suite 100,Winnipeg,MB,R8H7V6,2018-03-08
CUST100482,Lisa,Mcgee,265-430-826,1988-07-17,lisa.mcgee482@example.ca,1 (392) 024-6175,38974 Jennifer Mall,Vancouver,BC,A6P 6N1,2013-01-03
CUST100483,Kelsey,Costa,631-390-966,1954-02-26,kelsey.costa483@example.ca,458 486 8999,079 Ryan Throughway Suite 045,Quebec City,QC,S7C 8V4,2025-04-14
CUST100484,Mary,Walker,301-750-664,1958-06-10,mary.walker484@example.ca,439-464-0830,60601 Nichols Plains Suite 084,Ottawa,ON,V9J 5Y2,2024-04-07
CUST100485,Sara,Price,740-410-729,1989-10-15,sara.price485@example.ca,283 061 5370,424 Perry Meadow,Vancouver,BC,H5P 5E9,2021-10-24
CUST100486,Danielle,Jones,614-756-272,1951-01-07,danielle.jones486@example.ca,903.142.1751,179 Floyd Knolls Apt. 526,Winnipeg,MB,Y2L 2A3,2013-08-16
CUST100487,Ethan,Ochoa,275-774-739,1976-10-22,ethan.ochoa487@example.ca,850-566-1863 x239,378 Hughes Row,Winnipeg,MB,J8B4B1,2020-01-02
CUST100488,Andre,Beck,677-142-945,1965-10-09,andre.beck488@example.ca,1 (960) 571-2198,277 Wilson Valleys,Halifax,NS,N9K 7M5,2012-01-09
CUST100489,Daniel,Crosby,146-756-889,1985-08-25,daniel.crosby489@example.ca,246 245 6185,4600 Murphy Station Apt. 289,Toronto,ON,P5E 6E6,2024-10-06
CUST100490,Ian,Lewis,766-315-885,1994-11-12,ian.lewis490@example.ca,(504) 488-1898,60461 Adams Center Apt. 119,Winnipeg,MB,E8V 6B7,2019-07-27
CUST100491,Joseph,Garza,732-754-131,1978-08-08,joseph.garza491@example.ca,(315) 229-1073,836 Erin Wells,Winnipeg,MB,J4V1Y7,2014-08-09
CUST100492,Elizabeth,Lee,757-409-594,1976-04-30,elizabeth.lee492@example.ca,1 (226) 969-4439,9701 Garza Summit Suite 292,Edmonton,AB,K4G 4B1,2022-05-29
CUST100493,Gabriella,Anderson,515-404-564,1955-04-10,gabriella.anderson493@example.ca,890.310.6153,15566 Ramos Flats,Laval,QC,J4R 4P8,2018-10-09
CUST100494,Joshua,Williams,261-550-525,1940-08-24,joshua.williams494@example.ca,520-078-4361 x424,0781 Bailey Row,Toronto,ON,T8J 7L5,2013-11-05
CUST100495,Jeffrey,Conway,308-448-721,1941-08-09,jeffrey.conway495@example.ca,(976) 388-2145,148 Francis Brooks Apt. 913,Edmonton,AB,L9K3Y8,2026-02-06
CUST100496,Aaron,Benjamin,835-426-851,1962-09-14,aaron.benjamin496@example.ca,(469) 507-3214 x644,999 Davis Mountains Apt. 350,Quebec City,QC,P9V6K8,2014-11-07
CUST100497,Susan,Smith,233-878-479,1945-08-17,susan.smith497@example.ca,936 037 6811,233 Nathan Camp Suite 096,Victoria,BC,L2T 6J4,2020-08-12
CUST100498,Clayton,Wright,426-347-577,1981-02-15,clayton.wright498@example.ca,(607) 482-0736,89394 Ronald Keys,Winnipeg,MB,T1Y2H1,2021-06-13
CUST100499,James,Short,560-353-244,1956-05-14,james.short499@example.ca,423-332-4707,13546 Hailey Village,Ottawa,ON,V3R 6A1,2019-06-08
CUST100500,Gabrielle,Orozco,397-493-984,1947-10-27,gabrielle.orozco500@example.ca,931 261 6324,2989 Stephanie Manors Apt. 974,Toronto,ON,L4J7A5,2017-01-26
CUST100501,Amanda,Ho,354-986-263,1999-12-03,amanda.ho501@example.ca,320.381.8769,283 John Causeway,Winnipeg,MB,K2Y 6Y9,2019-07-03
CUST100502,Jordan,Rivera,838-420-294,1949-09-13,jordan.rivera502@example.ca,806 732 3182,8157 Erin Vista,Surrey,BC,A1B1A1,2012-09-10
CUST100503,Frederick,Harmon,627-578-610,1983-10-05,frederick.harmon503@example.ca,113.717.8509,5618 Goodwin Green,Quebec City,QC,C9Y 8G5,2018-10-21
CUST100504,Renee,Jones,123-192-502,1952-05-22,renee.jones504@example.ca,1-889-056-7086,90043 Reed Junctions,Victoria,BC,P9X 3L7,2017-02-07
CUST100505,David,Gutierrez,346-320-697,1994-09-07,david.gutierrez505@example.ca,(835) 505-4296 x080,3369 Montgomery Turnpike,Winnipeg,MB,X2H 1G5,2023-06-21
CUST100506,Sarah,Grimes,151-388-606,1957-08-19,sarah.grimes506@example.ca,(418) 804-4287 x738,381 Adams Drives Apt. 269,Vancouver,BC,H7X5M3,2011-10-01
CUST100507,Natasha,Avila,392-649-108,1949-04-25,natasha.avila507@example.ca,(663) 144-1706 x462,0263 Morgan Springs Apt. 430,Winnipeg,MB,V7R 5M5,2019-02-18
CUST100508,Susan,Moreno,237-370-844,2002-09-30,susan.moreno508@example.ca,631-538-8824,9050 Mcdaniel Centers,Hamilton,ON,K4J6J4,2023-11-13
CUST100509,Jonathan,Edwards,474-146-510,1988-08-23,jonathan.edwards509@example.ca,+1 (232) 111-9787,339 Crystal Flat,Victoria,BC,J6G4R1,2024-09-03
CUST100510,Melissa,Cummings,675-299-471,2005-06-18,melissa.cummings510@example.ca,(475) 617-8688 x002,91561 Mary Pine,London,ON,K8R 8N5,2022-05-18
CUST100511,Mackenzie,Carlson,175-495-616,2005-09-29,mackenzie.carlson511@example.ca,+1 (209) 365-9520,118 Rodriguez Highway Apt. 368,Winnipeg,MB,N7A4G3,2023-08-31
CUST100512,Eric,Lewis,738-796-725,1981-05-16,eric.lewis512@example.ca,513 745 5611,428 Shepard Canyon,Edmonton,AB,A8N7K7,2017-12-20
CUST100513,Krystal,Williams,199-503-482,1987-08-12,krystal.williams513@example.ca,726.003.0835,106 Gail Cliffs Suite 312,Mississauga,ON,L1N 7P9,2019-09-11
CUST100514,Ryan,Rodriguez,474-873-247,1983-01-13,ryan.rodriguez514@example.ca,968-293-8440 x134,735 Young Wall,Surrey,BC,S4B 6J2,2012-03-28
CUST100515,Elizabeth,Hayes,621-511-612,1987-08-19,elizabeth.hayes515@example.ca,185-991-4492,9269 Wang Ports Suite 489,Laval,QC,C3X9M6,2020-02-16
CUST100516,Dana,Carroll,139-240-830,1950-06-07,dana.carroll516@example.ca,240.849.9323,42669 Ricky Squares,Toronto,ON,Y7V 2G8,2022-11-23
CUST100517,Teresa,Johnson,631-567-252,1970-06-30,teresa.johnson517@example.ca,(448) 389-3595,804 Phyllis Lodge,Victoria,BC,G1S 9N3,2017-07-13
CUST100518,Kathryn,Stephens,435-727-426,1950-05-30,kathryn.stephens518@example.ca,1-118-696-5613,1238 Duncan Terrace Apt. 434,Winnipeg,MB,Y5G9K5,2020-10-30
CUST100519,Billy,Johnson,731-857-962,2005-09-01,billy.johnson519@example.ca,930-086-9661 x016,13950 Sierra Lane,Quebec City,QC,L2C 6M1,2018-03-27
CUST100520,Kim,Roy,444-619-948,1975-12-04,kim.roy520@example.ca,562-053-4407 x779,07266 Caitlyn Key Apt. 817,Surrey,BC,R2B5H1,2017-05-25
CUST100521,Alexandria,Ferguson,825-676-406,1945-01-03,alexandria.ferguson521@example.ca,(433) 731-2552,1781 Smith Vista Apt. 119,Winnipeg,MB,A4R 7E4,2023-10-26
CUST100522,Tiffany,Stewart,477-439-789,1972-03-30,tiffany.stewart522@example.ca,(195) 613-3718 x444,502 Carter Cape,Calgary,AB,S1L 4M8,2014-07-06
CUST100523,John,Garcia,697-415-915,1972-06-05,john.garcia523@example.ca,227.782.2102,821 Jose Manor Apt. 985,Hamilton,ON,T4K9S4,2024-08-03
CUST100524,Melanie,Thompson,711-585-371,1986-10-14,melanie.thompson524@example.ca,1 (960) 539-7079,1770 Valencia Parks Apt. 682,Halifax,NS,P9A 3R2,2021-04-28
CUST100525,George,Walker,838-152-697,1964-03-11,george.walker525@example.ca,716 505 8714,182 Tina Dam,Halifax,NS,R9T9B5,2014-12-19
CUST100526,Cindy,Weaver,636-744-838,1993-09-16,cindy.weaver526@example.ca,522-050-9386,249 Mathis Ridge Apt. 145,Calgary,AB,Y1X8T2,2016-10-16
CUST100527,Harold,Woodard,251-941-797,1967-10-02,harold.woodard527@example.ca,+1 (273) 820-9746,779 Cruz Drive,Winnipeg,MB,X3V6G9,2020-02-03
CUST100528,Troy,Brady,686-817-212,1994-03-13,troy.brady528@example.ca,(758) 062-3504 x056,790 Emily Expressway Suite 825,Montreal,QC,L9L7H8,2020-05-05
CUST100529,James,Gomez,551-421-528,1995-11-16,james.gomez529@example.ca,1-923-289-4633,6241 Lopez Trace,Montreal,QC,V7H3N3,2017-06-29
CUST100530,Brianna,Oneill,807-308-520,1955-07-22,brianna.oneill530@example.ca,(995) 138-1865 x507,8509 Avila Trail Suite 430,Quebec City,QC,M2E 2X8,2020-06-03
CUST100531,Fred,Gonzalez,853-844-163,1997-01-31,fred.gonzalez531@example.ca,1 (293) 401-5364,7155 Daniel Stream Apt. 593,Winnipeg,MB,V4X7E8,2024-03-18
CUST100532,Brandon,Moyer,631-312-674,1958-07-06,brandon.moyer532@example.ca,914 105 2769,987 Cassie Village,Halifax,NS,V6A 3L4,2024-02-10
CUST100533,Alison,Gates,589-638-485,1964-02-16,alison.gates533@example.ca,725 866 0598,744 Devon Squares Suite 854,Surrey,BC,S5P3N9,2013-05-16
CUST100534,Susan,Lozano,570-645-450,2006-03-29,susan.lozano534@example.ca,+1 (450) 200-0245,32155 Jared Islands,Vancouver,BC,V4B7X9,2022-07-06
CUST100535,Evelyn,Campbell,792-890-988,1959-10-11,evelyn.campbell535@example.ca,(889) 669-9727 x367,620 Michael Passage Apt. 543,Winnipeg,MB,X9J 2H3,2014-04-18
CUST100536,Bryan,Gonzalez,724-595-296,1950-03-06,bryan.gonzalez536@example.ca,749-106-0183,2387 Johnson Expressway Suite 681,Halifax,NS,H8H8P6,2015-05-06
CUST100537,Teresa,Hart,671-405-330,1958-07-03,teresa.hart537@example.ca,862 905 2918,831 Brown Ways Apt. 717,Quebec City,QC,C4T 8J4,2025-04-29
CUST100538,Diana,Levy,821-312-806,2005-06-30,diana.levy538@example.ca,352-229-9936,659 Danielle Freeway,Victoria,BC,K6H 4N9,2014-06-27
CUST100539,Angela,Parker,424-591-457,1968-11-08,angela.parker539@example.ca,877-326-4309 x544,79970 Ashley Mill,Halifax,NS,H4B 8N9,2025-02-05
CUST100540,Jennifer,Lewis,394-224-687,1988-07-30,jennifer.lewis540@example.ca,1 (329) 883-2201,0832 Nicole Greens Suite 978,Winnipeg,MB,P9J6P3,2014-12-28
CUST100541,Amanda,Glass,504-938-453,1994-10-02,amanda.glass541@example.ca,630-443-6199,1523 Andrew Drive,Halifax,NS,P5A 4C8,2015-08-06
CUST100542,Miranda,Dixon,143-394-831,1944-04-17,miranda.dixon542@example.ca,(209) 671-3971,0221 Eric Way,Quebec City,QC,S1T2G2,2013-03-06
CUST100543,Patrick,Garcia,552-771-362,2002-07-18,patrick.garcia543@example.ca,419-072-5873,49366 Clark Bridge,Ottawa,ON,T2M 3X5,2014-01-30
CUST100544,Christopher,Johnson,319-306-947,1978-05-30,christopher.johnson544@example.ca,+1 (582) 509-5229,09355 Franco Circles Apt. 399,Halifax,NS,G2V4A8,2013-03-21
CUST100545,Joshua,Coleman,675-812-378,1964-11-07,joshua.coleman545@example.ca,1 (385) 642-3041,70615 Timothy Point,Winnipeg,MB,L1B8H2,2017-11-27
CUST100546,Michelle,Johnson,730-858-700,1955-12-16,michelle.johnson546@example.ca,548 155 4203,01095 Frye Port,Montreal,QC,P2S6M8,2020-04-16
CUST100547,Kimberly,Bailey,151-785-643,1959-10-28,kimberly.bailey547@example.ca,234 712 4760,018 Benjamin Burg,Montreal,QC,Y8K7E5,2022-11-21
CUST100548,Christopher,Martin,338-153-202,1975-07-19,christopher.martin548@example.ca,(808) 157-1290 x150,80671 Brian Station,Laval,QC,N5C 6B9,2025-09-30
CUST100549,Travis,Gonzalez,834-583-202,1967-09-07,travis.gonzalez549@example.ca,630.096.2588,6947 James Points Apt. 533,Edmonton,AB,H7T7L7,2023-10-15
CUST100550,Christian,Richards,105-663-261,1976-02-11,christian.richards550@example.ca,570 004 6661,901 Brent Radial Suite 714,Halifax,NS,A9L 9K2,2023-09-30
CUST100551,Anna,Graves,588-766-304,1988-07-20,anna.graves551@example.ca,1-990-531-5204,497 Logan Pines,Edmonton,AB,K8C8J2,2023-08-24
CUST100552,Patrick,Hawkins,392-761-160,1960-05-03,patrick.hawkins552@example.ca,+1 (561) 237-4077,25623 Aguilar Crescent,Victoria,BC,A3C7L3,2011-11-01
CUST100553,Tanner,Robertson,337-647-856,1996-03-09,tanner.robertson553@example.ca,(621) 160-2041 x813,11708 Reilly Pass Apt. 186,London,ON,M3Y2G8,2025-08-22
CUST100554,Nicole,Boyd,279-527-957,1990-08-02,nicole.boyd554@example.ca,(197) 857-0820,067 Kennedy Course Apt. 369,Halifax,NS,M2R 3C9,2024-10-20
CUST100555,Emily,Garza,506-906-607,1994-04-05,emily.garza555@example.ca,+1 (188) 276-9704,14196 Michael Cape Suite 832,Montreal,QC,M4Y6Y7,2016-09-30
CUST100556,Kimberly,Stevens,396-997-138,1994-09-11,kimberly.stevens556@example.ca,+1 (924) 096-4966,496 Joseph Pass,Laval,QC,G1C3T9,2016-07-05
CUST100557,Paul,Moore,681-717-209,2003-11-30,paul.moore557@example.ca,(564) 882-0893,839 Nicole Dam Suite 672,Ottawa,ON,C2S2A5,2012-07-18
CUST100558,Yolanda,Rodriguez,565-756-656,2001-05-16,yolanda.rodriguez558@example.ca,(759) 236-1337,2304 Hawkins Court,Victoria,BC,N6A5H5,2018-11-15
CUST100559,Jose,Jensen,237-971-616,1969-08-10,jose.jensen559@example.ca,834-409-6617,249 Amy Stream,Winnipeg,MB,R3T 2Y5,2012-08-19
CUST100560,Joseph,Black,297-928-215,2008-02-13,joseph.black560@example.ca,(959) 266-4869,969 Collins Parkways,Edmonton,AB,M6C5N6,2023-06-29
CUST100561,Brandon,Martinez,848-569-763,1949-08-09,brandon.martinez561@example.ca,807 536 0511,0398 Clark Island,Vancouver,BC,S9G 5E6,2017-01-09
CUST100562,Brian,Washington,290-114-854,1943-10-13,brian.washington562@example.ca,1-724-894-2046,896 Jimenez Causeway Suite 642,Surrey,BC,M6N 8S8,2016-07-15
CUST100563,Patricia,Duncan,681-790-875,1993-08-26,patricia.duncan563@example.ca,1-653-389-0623,6226 Haynes Center Apt. 659,Victoria,BC,K7B3A3,2013-03-19
CUST100564,Edwin,White,725-976-754,1992-04-04,edwin.white564@example.ca,267-746-2591 x601,1158 Ferguson Path,Montreal,QC,B1A2Y8,2020-04-09
CUST100565,Tina,Olson,627-435-188,1974-01-25,tina.olson565@example.ca,(723) 129-9570 x472,61212 James Glen Apt. 753,Edmonton,AB,P1R8Y9,2016-09-10
CUST100566,Lori,Jackson,289-243-588,2007-04-24,lori.jackson566@example.ca,(124) 218-3854 x540,4547 Singh Ways Apt. 112,Calgary,AB,G9T 8M2,2018-03-14
CUST100567,Rachel,Sanders,106-367-492,1954-06-20,rachel.sanders567@example.ca,1-227-203-8862,0801 Rivers Views Apt. 453,Vancouver,BC,R9K 9N3,2015-06-10
CUST100568,Patricia,Rivera,871-373-437,1956-01-18,patricia.rivera568@example.ca,1-500-181-6778,5244 Rangel Lake,Quebec City,QC,L9S4B9,2024-08-16
CUST100569,Haley,Alvarez,840-686-111,1982-07-27,haley.alvarez569@example.ca,581-053-9128 x788,996 Nicole Track Apt. 457,Surrey,BC,V8E 3L5,2017-02-02
CUST100570,Benjamin,Davis,468-809-341,1990-01-02,benjamin.davis570@example.ca,(464) 242-3839 x728,121 Johnson Viaduct,Surrey,BC,J9H 1X9,2025-04-20
CUST100571,Gary,Martinez,576-414-263,1995-12-11,gary.martinez571@example.ca,723-200-1867,00898 Espinoza Crossing Apt. 814,Toronto,ON,P5R 1C4,2024-11-26
CUST100572,Keith,Flores,806-220-754,1957-01-11,keith.flores572@example.ca,698.074.6823,9510 James Trail Apt. 762,Edmonton,AB,P7L 8N2,2016-05-29
CUST100573,Rebecca,Williams,729-326-324,1969-11-15,rebecca.williams573@example.ca,+1 (264) 110-6541,0785 Raymond Viaduct,Victoria,BC,V1B6X9,2022-11-04
CUST100574,Russell,Kelley,256-565-865,1960-06-12,russell.kelley574@example.ca,868 999 6269,386 Thomas Springs,Quebec City,QC,C6P7A3,2016-11-18
CUST100575,Megan,Hudson,525-818-662,2001-06-03,megan.hudson575@example.ca,993-201-2657,0418 Kathleen Ports,Winnipeg,MB,G6C6T9,2016-02-26
CUST100576,Susan,Murray,880-353-796,1971-07-06,susan.murray576@example.ca,927.469.2118,1996 Ryan Fall,Calgary,AB,G9V 2N8,2012-03-28
CUST100577,Jasmine,Forbes,638-557-640,2000-07-17,jasmine.forbes577@example.ca,1 (642) 185-4570,209 David Ways Suite 709,Winnipeg,MB,B4C 6R7,2015-07-26
CUST100578,Brian,Jackson,179-677-214,1996-09-11,brian.jackson578@example.ca,1-172-828-9540,8822 Love Garden,Halifax,NS,G7S 9C6,2011-07-14
CUST100579,Cameron,Hartman,617-307-686,2004-07-24,cameron.hartman579@example.ca,211-950-9271,61053 Brown Port Apt. 300,London,ON,C1S1N8,2015-04-14
CUST100580,Jackie,Travis,268-435-974,1946-05-01,jackie.travis580@example.ca,(994) 854-3298 x769,5294 Frye Trafficway,Winnipeg,MB,S3C 8X4,2023-07-06
CUST100581,Lisa,Miller,219-796-310,2001-10-03,lisa.miller581@example.ca,404.502.5896,74357 Warren View,Winnipeg,MB,N9G 1S7,2024-05-15
CUST100582,Tiffany,Graham,193-622-556,1991-02-14,tiffany.graham582@example.ca,639-834-4883 x842,4628 Mark Center,Halifax,NS,T7L6B8,2020-09-26
CUST100583,Michael,Diaz,235-625-525,1967-06-10,michael.diaz583@example.ca,(192) 090-8551,409 Pamela Courts Apt. 178,Hamilton,ON,E6A5G8,2021-09-01
CUST100584,Brian,Park,672-573-788,1951-11-17,brian.park584@example.ca,269-535-4120,75950 Eric Mall,Calgary,AB,C6N 4E3,2025-01-13
CUST100585,Michael,Yates,122-505-360,1987-02-11,michael.yates585@example.ca,1-879-507-4071,79805 Schneider Fort,Surrey,BC,B5A 4R5,2023-01-12
CUST100586,Alexander,Vaughn,692-174-146,1979-10-24,alexander.vaughn586@example.ca,545-203-6089,84913 Gilmore Ridges,Mississauga,ON,Y4P 6P6,2013-08-20
CUST100587,Michael,Jones,817-165-654,1944-06-22,michael.jones587@example.ca,899-006-9680 x186,0378 Benson Crossroad Apt. 394,Edmonton,AB,P1K7A8,2018-04-25
CUST100588,Katherine,Bradford,583-132-393,1963-03-01,katherine.bradford588@example.ca,532-501-7365,2417 White Circle,Toronto,ON,G5K 6K2,2012-06-26
CUST100589,Jo,Johnson,887-238-884,1943-02-24,jo.johnson589@example.ca,+1 (405) 308-8684,11667 Laura Ridges,Calgary,AB,M6N 9T9,2018-03-16
CUST100590,Meredith,Valencia,483-491-559,1946-05-28,meredith.valencia590@example.ca,+1 (342) 603-3620,5821 Murray Mountain Apt. 920,Halifax,NS,E3C4P9,2011-07-13
CUST100591,Jaime,Graves,182-799-777,1951-11-18,jaime.graves591@example.ca,215 818 9705,18638 Cook Plaza Apt. 959,Edmonton,AB,V7H9E9,2012-02-08
CUST100592,Brent,Riddle,769-980-456,1963-07-16,brent.riddle592@example.ca,(978) 931-8692,84540 Wendy Dam Apt. 720,Winnipeg,MB,H5Y 9J3,2020-10-25
CUST100593,Mary,Perez,650-502-641,1985-06-28,mary.perez593@example.ca,904 144 7432,65993 Emily Street,Mississauga,ON,G1B 5J3,2014-09-21
CUST100594,David,Love,328-954-103,1974-04-22,david.love594@example.ca,613 530 2816,4630 Maxwell Underpass,Laval,QC,T6T 7T2,2020-08-09
CUST100595,Jeffrey,Tate,574-789-836,1986-12-09,jeffrey.tate595@example.ca,391 617 4690,04384 Christine Lock,Ottawa,ON,G2C 7J8,2011-08-25
CUST100596,Brian,Sullivan,644-488-943,2000-08-09,brian.sullivan596@example.ca,+1 (967) 063-6219,5049 Maxwell Tunnel Suite 407,Winnipeg,MB,R4J4M7,2016-08-05
CUST100597,Kevin,Munoz,571-454-258,1951-10-25,kevin.munoz597@example.ca,(522) 626-1142,2585 Nunez Courts,Montreal,QC,Y7V 3E4,2022-04-21
CUST100598,Rebecca,Dawson,842-883-215,1985-03-09,rebecca.dawson598@example.ca,+1 (343) 385-3247,058 Jeffrey Green Apt. 031,Vancouver,BC,P7X 1V6,2026-02-21
CUST100599,Joseph,Boyer,729-884-116,1993-05-15,joseph.boyer599@example.ca,+1 (494) 757-6945,65974 Hughes Stream Suite 163,Hamilton,ON,G6C5H6,2011-10-09
CUST100600,Heidi,Smith,168-203-708,1963-01-07,heidi.smith600@example.ca,1-781-526-9255,7213 Shawn Harbor Apt. 359,Montreal,QC,L2H 5R1,2026-05-28
CUST100601,Stephanie,Curtis,712-788-820,1980-02-13,stephanie.curtis601@example.ca,(726) 145-4307,731 Anthony Rue,Hamilton,ON,V3X 3P2,2012-08-18
CUST100602,Jessica,Griffin,858-145-511,2002-09-27,jessica.griffin602@example.ca,(845) 235-4268 x744,73208 Hogan Wells,Mississauga,ON,K8T 3T7,2017-06-11
CUST100603,Mario,Lopez,652-322-872,1972-04-07,mario.lopez603@example.ca,640.052.7810,800 Samantha Orchard Apt. 214,Calgary,AB,N2T 7J1,2020-07-02
CUST100604,Jeremy,Berry,615-396-339,1994-04-12,jeremy.berry604@example.ca,(768) 172-0313,2862 Carolyn Ferry Suite 352,Mississauga,ON,P3J3K3,2021-01-14
CUST100605,Kelli,Ramos,691-712-891,1987-12-29,kelli.ramos605@example.ca,(689) 920-4573,36618 Stanton Mountains,Halifax,NS,C8B1Y9,2014-04-01
CUST100606,Catherine,French,342-409-997,1948-08-27,catherine.french606@example.ca,(923) 601-0712 x615,821 Wade Ville,Halifax,NS,L7Y8L4,2016-04-20
CUST100607,Karen,Anderson,633-326-523,1954-09-16,karen.anderson607@example.ca,(322) 280-1944,922 Jessica Knoll Suite 062,Laval,QC,J7P4B8,2024-05-28
CUST100608,John,Wyatt,162-670-705,1948-03-29,john.wyatt608@example.ca,446-741-3075,85201 Kim Extensions Suite 084,Victoria,BC,K7V2P6,2022-05-25
CUST100609,Krystal,Williams,741-795-537,1962-02-03,krystal.williams609@example.ca,621.516.4119,4091 Vargas Forest Suite 787,Halifax,NS,H1B3V1,2015-03-30
CUST100610,Ryan,Moore,148-452-758,1941-06-15,ryan.moore610@example.ca,812-124-1393 x696,0987 Charles Meadow Suite 731,Winnipeg,MB,G1T 8R6,2021-11-14
CUST100611,Tamara,Nichols,637-426-813,1972-10-01,tamara.nichols611@example.ca,(565) 339-4319 x165,89523 Duane Estate,Halifax,NS,C6P 8A7,2015-07-10
CUST100612,Justin,Bowman,252-407-485,1994-10-23,justin.bowman612@example.ca,1-570-002-6876,676 Armstrong Ramp Suite 416,Edmonton,AB,R1P 5S6,2011-12-07
CUST100613,Richard,Gomez,584-346-969,1987-12-22,richard.gomez613@example.ca,230-964-9692 x771,96353 Heather Ramp Suite 025,Laval,QC,E3H8X7,2021-07-22
CUST100614,Ronald,Young,824-247-925,1945-10-08,ronald.young614@example.ca,1 (694) 898-9596,6345 Baxter Highway Apt. 441,Quebec City,QC,E4R5K5,2020-02-11
CUST100615,Justin,Andrews,675-522-526,1958-10-11,justin.andrews615@example.ca,+1 (640) 882-2309,97398 Garcia Estate Apt. 097,Calgary,AB,B8H 1E8,2016-05-04
CUST100616,Rachel,Stone,497-348-361,1953-07-18,rachel.stone616@example.ca,+1 (155) 792-2030,9646 Eddie Ridge Apt. 900,Winnipeg,MB,P2E 4G8,2016-06-09
CUST100617,Phillip,Kelly,762-180-560,1988-07-07,phillip.kelly617@example.ca,+1 (435) 957-0861,5843 Dominguez Locks,Quebec City,QC,K4C9C9,2017-01-01
CUST100618,Nicole,Phillips,648-841-949,1952-12-03,nicole.phillips618@example.ca,+1 (522) 033-4742,10437 Gordon Square Suite 800,Vancouver,BC,G1L3R2,2021-02-19
CUST100619,Teresa,Kim,374-486-789,1959-11-22,teresa.kim619@example.ca,343-043-5023 x850,946 Morgan Mission,Montreal,QC,H3J9J3,2020-10-16
CUST100620,Jesus,Taylor,174-292-923,1949-08-01,jesus.taylor620@example.ca,+1 (591) 330-3033,7116 Diaz Via Apt. 762,Winnipeg,MB,P1N3K5,2021-01-24
CUST100621,Jason,Miller,590-313-990,2001-11-17,jason.miller621@example.ca,(398) 472-3034,84719 Christopher Stravenue,Winnipeg,MB,H1G 6M1,2018-01-11
CUST100622,Natasha,Gutierrez,115-316-294,1996-12-20,natasha.gutierrez622@example.ca,(171) 775-4619 x924,8387 Kristina Mountains Apt. 581,Victoria,BC,G6N 7B7,2022-10-24
CUST100623,Juan,Scott,864-872-590,1974-12-04,juan.scott623@example.ca,337 337 9121,01878 Joe Key,Halifax,NS,B1C8T5,2021-11-04
CUST100624,Lauren,Cantu,718-820-309,1981-02-14,lauren.cantu624@example.ca,1 (219) 994-5295,22276 Wright Point Suite 220,Laval,QC,M2G7G3,2017-02-02
CUST100625,Luke,Cochran,665-429-894,1980-08-20,luke.cochran625@example.ca,+1 (833) 083-3444,8878 Smith Mountain,Calgary,AB,H7A 9P6,2012-07-05
CUST100626,Katie,Edwards,577-646-764,1994-01-10,katie.edwards626@example.ca,574-926-6329 x563,7752 Rhonda Port,Victoria,BC,A7S 6C9,2012-09-10
CUST100627,Lisa,Anderson,367-468-625,1984-12-02,lisa.anderson627@example.ca,329 411 5630,9636 Steven Stravenue Apt. 629,Victoria,BC,H7B2S6,2021-05-21
CUST100628,Cindy,Johnson,200-922-839,1985-12-02,cindy.johnson628@example.ca,1 (913) 313-8004,211 Melissa Court,Edmonton,AB,C9P 2M6,2019-07-07
CUST100629,Molly,Stephens,308-479-420,1976-11-15,molly.stephens629@example.ca,+1 (940) 191-8548,4420 Laura Fall,Edmonton,AB,T4X6V9,2016-05-07
CUST100630,Jillian,Hughes,676-984-326,1967-10-04,jillian.hughes630@example.ca,+1 (341) 962-3421,21320 Vaughn Cape Suite 294,Calgary,AB,E9M 2V2,2018-07-03
CUST100631,Christina,Hernandez,116-367-666,1992-02-22,christina.hernandez631@example.ca,1-198-128-3180,6602 Bryan Keys,Halifax,NS,H4Y 9N7,2014-04-08
CUST100632,Cole,Morris,402-256-300,1943-08-06,cole.morris632@example.ca,743 838 0582,990 Shannon Place,Winnipeg,MB,H4T4S3,2024-02-05
CUST100633,Victoria,Clark,488-683-953,1999-09-28,victoria.clark633@example.ca,+1 (733) 761-8518,7136 Sanford Coves,Vancouver,BC,C9J 3G4,2024-12-09
CUST100634,Jennifer,Hernandez,663-770-801,1986-03-16,jennifer.hernandez634@example.ca,(835) 279-1875 x067,06592 Cynthia Plain Apt. 431,Quebec City,QC,T2T 8S9,2021-11-10
CUST100635,Michael,Watkins,881-941-600,1979-11-07,michael.watkins635@example.ca,(938) 457-2026 x656,95912 West Inlet Apt. 553,Victoria,BC,S5A3T1,2018-02-11
CUST100636,Courtney,Thomas,571-272-850,1982-06-02,courtney.thomas636@example.ca,+1 (994) 179-9670,974 Scott Knoll,Halifax,NS,R9L4C9,2024-02-22
CUST100637,Daniel,Murray,243-837-659,1960-02-03,daniel.murray637@example.ca,185-369-8816 x498,5092 Liu Islands Apt. 102,Vancouver,BC,G7T7B5,2019-09-25
CUST100638,Rachel,Smith,655-757-160,1977-06-16,rachel.smith638@example.ca,1-984-581-3088,057 Estrada Plains,Calgary,AB,V9L 6E7,2026-03-15
CUST100639,Joel,Hernandez,176-937-784,2005-09-23,joel.hernandez639@example.ca,1 (600) 030-5661,56418 Saunders Fields,Winnipeg,MB,Y8M1S9,2022-11-09
CUST100640,Robin,Gaines,522-240-962,1984-11-20,robin.gaines640@example.ca,(572) 600-1365 x103,4299 Phillip Harbor Suite 686,Toronto,ON,H7M3B3,2013-03-11
CUST100641,Renee,Carr,169-824-254,1970-02-06,renee.carr641@example.ca,525-622-2190 x533,47476 Weaver Spur Suite 593,Halifax,NS,N4H9E4,2016-02-16
CUST100642,Tracy,Miller,617-566-482,1949-10-08,tracy.miller642@example.ca,1 (353) 129-0036,17327 Moore Trail,Mississauga,ON,Y6Y9K6,2022-02-15
CUST100643,Manuel,Nguyen,753-782-731,1952-09-29,manuel.nguyen643@example.ca,1-825-251-6185,171 Matthew Center Apt. 549,London,ON,L5T 5T8,2014-11-22
CUST100644,Michael,Lewis,116-106-644,1992-12-17,michael.lewis644@example.ca,1-878-417-1594,4930 Hall Pass,Edmonton,AB,K9J 4E7,2012-09-07
CUST100645,Kristin,Barker,112-117-642,1956-09-26,kristin.barker645@example.ca,(392) 608-7882 x815,730 Wilcox Mews Apt. 515,Winnipeg,MB,E7T 6M4,2025-05-03
CUST100646,Jessica,Webb,648-393-117,1995-03-27,jessica.webb646@example.ca,(801) 891-5673 x446,776 Brittany Locks,Halifax,NS,M7K 3J5,2024-10-07
CUST100647,Crystal,Jordan,283-209-198,2006-07-07,crystal.jordan647@example.ca,1 (909) 999-0010,3908 Marissa Spur Suite 211,Winnipeg,MB,X3M5M7,2015-08-05
CUST100648,Sharon,Frank,346-296-734,1960-09-03,sharon.frank648@example.ca,995-728-5759 x582,022 Scott Prairie,Winnipeg,MB,Y5C9G9,2014-04-02
CUST100649,Charlene,Heath,462-373-914,2001-07-21,charlene.heath649@example.ca,305-984-4514 x367,112 Danielle Fords Suite 681,Winnipeg,MB,K2V 5Y6,2020-02-01
CUST100650,Paige,Johnson,482-515-570,1994-06-30,paige.johnson650@example.ca,717 790 5528,335 Courtney Shoals Suite 880,Calgary,AB,A3N7J1,2022-08-19
CUST100651,David,Johnston,813-331-407,1993-12-22,david.johnston651@example.ca,603.829.7425,60908 Mckenzie Union,Winnipeg,MB,X5E 6B1,2024-08-17
CUST100652,Kevin,Espinoza,769-978-765,1954-06-27,kevin.espinoza652@example.ca,458.736.6271,969 Jason Garden Apt. 058,Halifax,NS,S5C8P4,2012-09-22
CUST100653,Matthew,Cruz,515-488-486,1965-12-24,matthew.cruz653@example.ca,392-551-1643 x690,7270 Amy Manor,Toronto,ON,S4A5N3,2019-04-04
CUST100654,Nicholas,Scott,157-752-109,1945-02-10,nicholas.scott654@example.ca,+1 (510) 197-5358,0510 Elizabeth Plains Apt. 273,Winnipeg,MB,L7G 4V7,2013-06-14
CUST100655,Meredith,Brennan,184-611-965,1958-05-06,meredith.brennan655@example.ca,1-147-189-3953,067 Green Throughway Apt. 922,Halifax,NS,X6T6L2,2024-04-10
CUST100656,Joel,Decker,679-978-197,1962-10-15,joel.decker656@example.ca,727-174-3068 x811,034 Brittany Trace Apt. 873,Edmonton,AB,T4P4X4,2017-07-05
CUST100657,Kathleen,Cole,335-316-988,1996-11-02,kathleen.cole657@example.ca,730.909.1538,82625 Cobb Canyon,Winnipeg,MB,C2H1K6,2018-03-11
CUST100658,Dennis,Adams,377-147-176,1959-06-12,dennis.adams658@example.ca,607-941-9324,109 Klein Inlet,Halifax,NS,G9G 8L1,2020-04-01
CUST100659,Jill,Wells,656-677-773,1991-01-22,jill.wells659@example.ca,1-396-322-5174,0432 Garcia Place,Halifax,NS,B7J 9M7,2012-12-04
CUST100660,Patrick,Williams,422-116-312,1941-04-04,patrick.williams660@example.ca,(367) 202-0095 x366,536 Alejandro Mountain,Mississauga,ON,N2A8B4,2013-06-27
CUST100661,Stephanie,Hart,870-940-829,1941-04-12,stephanie.hart661@example.ca,939-713-0722 x113,087 Diana Park Apt. 210,Winnipeg,MB,N2L8S2,2019-12-25
CUST100662,Amy,Haney,406-266-677,1945-02-02,amy.haney662@example.ca,574-436-0234,52160 Matthew Forest,Calgary,AB,C5G5A8,2023-05-29
CUST100663,Thomas,White,498-793-653,1982-05-26,thomas.white663@example.ca,(226) 551-3276,480 Joseph Key Suite 985,Laval,QC,R2B 2G2,2016-03-26
CUST100664,Sarah,Perkins,873-857-243,1997-09-01,sarah.perkins664@example.ca,968 649 8647,623 Gray Circle Apt. 884,Victoria,BC,T9L4A8,2023-10-02
CUST100665,Angela,Davis,612-863-454,1978-10-30,angela.davis665@example.ca,174-992-1640,836 Martha Turnpike Suite 348,Halifax,NS,X8S1L9,2013-10-21
CUST100666,Jeffrey,Sheppard,547-337-958,1968-05-02,jeffrey.sheppard666@example.ca,1-362-202-1237,5033 Bruce Brook,Toronto,ON,K8M4R2,2020-08-15
CUST100667,Aaron,Meyer,719-887-728,1992-09-02,aaron.meyer667@example.ca,314.160.0916,73798 Singh River,Ottawa,ON,R6A 5Y9,2026-04-10
CUST100668,Stephanie,Bender,892-434-130,1999-05-15,stephanie.bender668@example.ca,(467) 463-0009 x984,1137 Sarah Pike,Winnipeg,MB,N6C 5Y6,2018-12-16
CUST100669,Katherine,Mccarty,561-602-333,1961-06-15,katherine.mccarty669@example.ca,734-015-3534,75699 Campbell Squares Suite 667,Halifax,NS,B9E 3B5,2024-08-28
CUST100670,Jennifer,Patrick,484-542-290,1988-06-21,jennifer.patrick670@example.ca,(318) 223-8794 x026,581 Baker Islands,Surrey,BC,T4K 7P5,2013-11-01
CUST100671,Sarah,Cooper,187-890-733,1971-05-05,sarah.cooper671@example.ca,241-291-8285,612 Reed Brook,Halifax,NS,R1E8B3,2014-09-22
CUST100672,Joseph,Ortiz,830-175-184,1944-02-05,joseph.ortiz672@example.ca,483 827 1012,615 David Shoal,Vancouver,BC,Y8P7A7,2022-09-17
CUST100673,Jeffrey,Briggs,489-828-902,2001-01-15,jeffrey.briggs673@example.ca,1-546-042-2763,19153 Michael Stravenue Apt. 472,Vancouver,BC,K7P2Y8,2026-06-05
CUST100674,Amanda,Martin,857-498-424,1962-01-20,amanda.martin674@example.ca,727.267.0866,622 Terrell Road Suite 687,Halifax,NS,M2V3T1,2021-01-09
CUST100675,Michael,Johnson,193-105-415,2006-09-27,michael.johnson675@example.ca,684.897.4223,40466 Stacey Drive Apt. 564,Vancouver,BC,H3P1L7,2021-05-03
CUST100676,Joshua,Campbell,879-376-204,1996-02-02,joshua.campbell676@example.ca,819.738.8182,63435 Mason Way,Edmonton,AB,C5X 7X9,2011-10-15
CUST100677,Richard,Green,291-541-559,1993-01-30,richard.green677@example.ca,1 (511) 021-2543,230 Jeanette Center,Montreal,QC,X4S8A3,2012-12-11
CUST100678,Jessica,Brennan,205-126-191,1966-08-16,jessica.brennan678@example.ca,132-031-9789,40034 Li Garden,Winnipeg,MB,V9E 7T1,2023-02-24
CUST100679,Daniel,Mccoy,195-711-712,1966-10-27,daniel.mccoy679@example.ca,959 084 1947,0113 Peterson Junction Apt. 107,Surrey,BC,Y9X 1T8,2013-07-02
CUST100680,Taylor,Hodges,112-398-523,1989-01-23,taylor.hodges680@example.ca,416-160-8819 x722,7718 Todd Villages Apt. 076,Victoria,BC,A9H 1M9,2016-12-07
CUST100681,Michael,Camacho,842-672-348,1974-06-22,michael.camacho681@example.ca,224-432-3622,069 Arnold Vista Suite 467,Calgary,AB,R2T 7P2,2015-02-16
CUST100682,Melissa,Rocha,801-489-273,1965-03-28,melissa.rocha682@example.ca,115 016 4261,33508 Orozco Estate Suite 319,Winnipeg,MB,G5M 9Y2,2014-09-29
CUST100683,Alejandro,Durham,408-374-604,1990-08-31,alejandro.durham683@example.ca,805.302.1516,864 Marquez Gardens Apt. 953,Quebec City,QC,Y1C6C1,2023-09-28
CUST100684,Nicole,Hill,271-545-382,1974-05-08,nicole.hill684@example.ca,1-927-896-1573,1281 Velez Isle Apt. 239,Montreal,QC,V6X6E5,2013-10-04
CUST100685,Melissa,Fowler,595-901-178,1992-04-14,melissa.fowler685@example.ca,823-602-4465 x467,51710 Harris Views,Edmonton,AB,E5P8R9,2026-05-13
CUST100686,Karen,Olson,352-838-740,1989-07-31,karen.olson686@example.ca,(517) 543-8027,8572 Williams Port,Victoria,BC,N9L 7R3,2024-11-03
CUST100687,Jacob,Black,568-209-238,1960-11-09,jacob.black687@example.ca,376-642-0763,35386 Butler Dam Suite 923,Calgary,AB,X7V1B5,2019-03-12
CUST100688,Sharon,Chaney,505-440-961,1980-08-25,sharon.chaney688@example.ca,(920) 553-4050,3961 Carlson Mission,Vancouver,BC,L4A6N7,2018-03-11
CUST100689,Jillian,Porter,437-550-442,2000-05-28,jillian.porter689@example.ca,355-426-1903 x842,62732 Jasmin Extensions Apt. 711,Winnipeg,MB,T7P 2V8,2013-01-14
CUST100690,Frank,Chan,407-428-717,1951-02-27,frank.chan690@example.ca,(251) 448-6983 x052,039 Jacob Falls Suite 980,Calgary,AB,L5H 8R2,2012-05-06
CUST100691,Amy,Oneill,590-421-281,1971-01-29,amy.oneill691@example.ca,531-637-0500,26724 Bennett Fork,Halifax,NS,T8H 7L4,2025-03-06
CUST100692,Adam,Walker,398-852-811,1978-09-17,adam.walker692@example.ca,+1 (254) 025-9985,932 Haynes Trace,Edmonton,AB,H3Y2C7,2014-10-09
CUST100693,Denise,Evans,689-900-348,1992-12-18,denise.evans693@example.ca,+1 (302) 667-6527,3974 Johnson Stream Apt. 886,Halifax,NS,A6S7V1,2013-12-25
CUST100694,Amy,Ortega,387-936-904,2003-02-28,amy.ortega694@example.ca,190 221 5439,8909 Glenn Estate Suite 333,Victoria,BC,A6H 2K1,2013-09-30
CUST100695,Nicholas,Pearson,216-677-304,1962-12-22,nicholas.pearson695@example.ca,919-354-5036,393 James Estates Suite 362,Edmonton,AB,G1A6Y9,2026-06-09
CUST100696,Jerry,Martinez,798-886-663,2006-02-14,jerry.martinez696@example.ca,1-641-290-7596,12376 Charles Mount,Winnipeg,MB,P2L1H7,2014-03-04
CUST100697,Kimberly,Adams,825-314-548,1946-10-04,kimberly.adams697@example.ca,(275) 919-2267,75362 Wyatt Harbor,Hamilton,ON,N7G5X7,2012-12-24
CUST100698,Rebecca,Haynes,170-938-968,2000-12-25,rebecca.haynes698@example.ca,+1 (517) 300-9928,40321 Michael Forks Suite 505,Surrey,BC,L2J 2G5,2015-01-02
CUST100699,Maureen,Holmes,242-748-410,1970-06-21,maureen.holmes699@example.ca,424-792-5422 x188,581 Jill Avenue Suite 877,Edmonton,AB,S4V 4R4,2022-10-20
CUST100700,Brianna,Andersen,774-257-832,1969-09-05,brianna.andersen700@example.ca,559.025.7846,585 Maria Plains,Quebec City,QC,N3S 7V3,2011-09-16
CUST100701,William,Sanders,175-559-712,1948-12-17,william.sanders701@example.ca,954 355 1962,25018 Michael Underpass,Edmonton,AB,H3M9T7,2014-04-08
CUST100702,Kathleen,Gilmore,647-618-990,1984-05-17,kathleen.gilmore702@example.ca,122.341.4992,662 Williams Lodge,Edmonton,AB,A1L6N7,2014-05-09
CUST100703,Carl,Huff,656-137-909,1984-06-08,carl.huff703@example.ca,439-101-9335,24711 Patrick Avenue,Halifax,NS,S3A 8X8,2021-04-29
CUST100704,Luke,Campbell,649-708-753,1947-12-25,luke.campbell704@example.ca,+1 (107) 626-4385,537 James Manors,Surrey,BC,T4S 2G4,2026-03-09
CUST100705,Olivia,Buchanan,887-354-773,1948-03-27,olivia.buchanan705@example.ca,1-541-642-3165,37277 Mills Neck Suite 063,Toronto,ON,M5H7B2,2018-07-16
CUST100706,Michele,Garcia,270-762-727,1977-11-15,michele.garcia706@example.ca,117-999-3242,8374 Ingram Club,Halifax,NS,H6K7L6,2023-05-19
CUST100707,Walter,Price,760-793-762,1957-10-25,walter.price707@example.ca,925-485-3626,7238 Gross Grove,London,ON,A4A 9N6,2020-10-28
CUST100708,Lawrence,Harmon,540-208-110,1958-08-29,lawrence.harmon708@example.ca,464.359.9009,146 Kevin Vista Suite 143,Edmonton,AB,X5X4L8,2012-03-16
CUST100709,Jessica,Miller,327-622-864,1991-08-10,jessica.miller709@example.ca,1 (264) 672-6368,418 Velasquez Summit Apt. 027,Ottawa,ON,H9E5A6,2012-01-20
CUST100710,Shawn,Skinner,556-483-500,1978-08-30,shawn.skinner710@example.ca,443-566-0503,6983 Anthony Orchard Suite 306,Winnipeg,MB,E3Y3G7,2017-08-05
CUST100711,Mia,Pruitt,453-125-594,1984-02-14,mia.pruitt711@example.ca,990.878.8653,906 Walton Ports Suite 342,Calgary,AB,R6A1N5,2020-01-02
CUST100712,Don,Wilson,525-187-218,1971-05-30,don.wilson712@example.ca,1-486-186-7066,16290 Lee Valleys,Ottawa,ON,X3C 8Y2,2019-11-13
CUST100713,Robert,Morris,456-419-451,2000-07-10,robert.morris713@example.ca,(537) 170-8649,9420 Jennifer Ramp,Halifax,NS,C5K 1N2,2015-09-03
CUST100714,Kimberly,Bishop,633-594-456,1968-11-25,kimberly.bishop714@example.ca,169-219-5873,9824 Anna Passage Suite 302,Calgary,AB,T7Y 8E9,2024-05-04
CUST100715,Adam,Walters,548-839-813,2005-04-20,adam.walters715@example.ca,1-331-589-0164,0370 Thomas Rapid,Calgary,AB,S8M 1B4,2011-11-27
CUST100716,Crystal,Johnson,168-407-145,1984-01-02,crystal.johnson716@example.ca,372.628.2968,8500 Thomas Parkways Suite 927,Edmonton,AB,C9C1S7,2025-06-30
CUST100717,Gina,Ball,123-969-451,2000-08-03,gina.ball717@example.ca,+1 (912) 766-2080,39170 Virginia Manor,Halifax,NS,L4L 6L7,2020-11-21
CUST100718,Ivan,King,793-919-268,2008-04-29,ivan.king718@example.ca,101-204-2425 x369,37530 Andrea Grove,Halifax,NS,R7B8K1,2013-06-01
CUST100719,Karen,Allen,628-278-665,1962-01-30,karen.allen719@example.ca,1-805-536-4818,0364 David Well Suite 738,Halifax,NS,L3R4S3,2014-11-25
CUST100720,Benjamin,Powell,673-536-573,1971-12-19,benjamin.powell720@example.ca,(164) 912-5949 x722,98622 Elliott Crossroad Apt. 666,Quebec City,QC,T4S 6H7,2020-08-04
CUST100721,Brittany,Preston,744-288-290,1981-04-18,brittany.preston721@example.ca,999 833 5876,779 Nathan Tunnel Suite 041,Quebec City,QC,L1X 9H5,2024-11-12
CUST100722,Lisa,Davis,505-129-855,1954-01-18,lisa.davis722@example.ca,(139) 122-6000 x144,2914 Melissa Ways Suite 913,Halifax,NS,E9A8J6,2013-09-21
CUST100723,Cynthia,Stephens,560-706-539,1949-06-11,cynthia.stephens723@example.ca,(965) 642-2405 x920,53097 Patterson Union,Winnipeg,MB,L3Y 9R1,2021-03-05
CUST100724,Meredith,Morales,821-319-310,1949-05-25,meredith.morales724@example.ca,217-530-7966,572 Atkinson Avenue Suite 347,Calgary,AB,E4H2N4,2018-09-02
CUST100725,Christine,Jefferson,164-691-204,1947-01-12,christine.jefferson725@example.ca,477-732-1750,92025 Brittany Path Suite 337,Surrey,BC,J5M 5H5,2024-02-20
CUST100726,Justin,Lynch,474-433-301,1993-06-18,justin.lynch726@example.ca,660-786-2351 x076,170 Davis Square,Winnipeg,MB,H2Y 5P6,2017-03-11
CUST100727,Teresa,Johnson,368-786-983,1995-10-15,teresa.johnson727@example.ca,(758) 055-8115 x744,91607 Smith Haven Apt. 930,Calgary,AB,N9M5E1,2026-05-10
CUST100728,John,Leblanc,711-497-725,1988-11-05,john.leblanc728@example.ca,121 803 9662,588 Cohen Harbors,Edmonton,AB,T1Y 3Y7,2016-04-06
CUST100729,Cathy,Morgan,456-460-965,2006-06-16,cathy.morgan729@example.ca,+1 (446) 933-3562,97440 Kathleen Ville,Calgary,AB,V9B8X1,2020-05-21
CUST100730,Blake,Shelton,789-822-919,1948-06-05,blake.shelton730@example.ca,284.311.3266,8485 Matthew Union,Calgary,AB,K2H7E1,2015-11-13
CUST100731,Shawn,Sutton,704-186-788,2007-08-11,shawn.sutton731@example.ca,605 397 0774,7082 Christopher Terrace Apt. 461,Surrey,BC,K8L7S7,2013-06-03
CUST100732,Rick,Wright,220-344-412,1988-04-02,rick.wright732@example.ca,+1 (105) 302-6184,7870 Rebecca Path,Quebec City,QC,B7N4B1,2017-05-19
CUST100733,John,Calderon,482-810-244,1965-08-31,john.calderon733@example.ca,181 640 9891,091 Brian Streets,Mississauga,ON,A3G 1P5,2016-07-10
CUST100734,Haley,Saunders,528-710-241,1971-09-22,haley.saunders734@example.ca,1 (197) 953-1926,860 Michelle Mountain,Winnipeg,MB,V5M5N3,2012-02-05
CUST100735,Justin,Hawkins,533-290-598,1981-07-30,justin.hawkins735@example.ca,1-953-811-8081,5834 Gill Locks Suite 229,Winnipeg,MB,G8E1V6,2021-12-06
CUST100736,Noah,Young,668-270-601,1995-08-19,noah.young736@example.ca,862.486.0704,6023 Marsh Circles,Halifax,NS,X2P6A4,2021-08-26
CUST100737,Carlos,Hall,291-422-962,1989-10-18,carlos.hall737@example.ca,167.156.0587,24413 Brittany Inlet Suite 940,Vancouver,BC,L2P6J8,2020-03-11
CUST100738,Luis,Stevens,467-109-596,1979-05-20,luis.stevens738@example.ca,789.866.4693,1833 Reeves Park Suite 876,Calgary,AB,P3T 4B8,2024-02-25
CUST100739,Laurie,Davis,493-675-617,1958-06-26,laurie.davis739@example.ca,419-220-9567,29732 Ariana Wall,Montreal,QC,M3L9B3,2016-04-09
CUST100740,Kathryn,Ochoa,518-801-603,2004-01-02,kathryn.ochoa740@example.ca,969-924-2773 x923,202 Gina Brooks Apt. 401,Halifax,NS,J9K5H5,2013-07-06
CUST100741,Suzanne,Simpson,600-271-184,1945-03-29,suzanne.simpson741@example.ca,(129) 075-5154 x526,6999 James Forges Apt. 006,Edmonton,AB,K3J7G3,2025-02-21
CUST100742,Trevor,Mcdonald,879-325-399,1955-04-16,trevor.mcdonald742@example.ca,168.066.4707,503 Salinas Isle,Winnipeg,MB,H3X5M2,2022-05-11
CUST100743,Benjamin,Kennedy,330-650-395,1988-08-03,benjamin.kennedy743@example.ca,727-406-7582,2590 Greer Bridge Apt. 363,Ottawa,ON,R2L5S8,2015-06-13
CUST100744,Brooke,Brewer,679-860-891,1954-08-23,brooke.brewer744@example.ca,(739) 979-8491 x498,955 Michelle Ranch,Quebec City,QC,G5S 4S3,2013-06-01
CUST100745,Jeffrey,Garza,686-216-374,2001-03-06,jeffrey.garza745@example.ca,521.289.8115,40012 Kim Square Apt. 239,Calgary,AB,V3M6H7,2022-03-02
CUST100746,Julie,Horton,655-942-874,1944-10-21,julie.horton746@example.ca,(588) 223-7887 x058,8061 Heidi Glens,Winnipeg,MB,R9M5T7,2011-10-22
CUST100747,Erin,Robertson,659-323-535,1987-02-19,erin.robertson747@example.ca,1-496-383-0972,08092 Miller Locks Apt. 016,Hamilton,ON,P9N7T5,2016-05-25
CUST100748,Elizabeth,Mills,404-995-133,1967-07-18,elizabeth.mills748@example.ca,1 (157) 512-4764,68758 Stokes Walks,Mississauga,ON,M2B 7P7,2016-09-24
CUST100749,Mark,Moore,456-982-936,2001-01-29,mark.moore749@example.ca,1-441-899-7402,686 William Fort,Edmonton,AB,V8B1C4,2017-07-24
CUST100750,Brandon,Dean,220-894-931,1995-07-07,brandon.dean750@example.ca,1-923-860-2050,94134 Brandy Meadows,Hamilton,ON,V3V 5V6,2026-04-16
CUST100751,Angela,Rodriguez,855-702-805,1965-02-04,angela.rodriguez751@example.ca,1-880-450-7356,095 Bowman Fork Suite 059,Montreal,QC,G3S 5A5,2013-08-24
CUST100752,Monica,Gates,724-747-538,1994-12-09,monica.gates752@example.ca,858.925.8490,2031 Ortega Mountains,Surrey,BC,Y6S6T2,2021-04-13
CUST100753,Carl,Lam,242-903-311,1990-08-12,carl.lam753@example.ca,(223) 088-2958 x684,33260 Sharp Lane Suite 276,Laval,QC,M2X8J4,2021-12-08
CUST100754,Patrick,White,683-459-645,1980-08-01,patrick.white754@example.ca,351.817.8824,5946 Sarah Drives Apt. 272,Montreal,QC,V9E 1T3,2024-09-11
CUST100755,Jeremy,Shelton,651-272-431,1979-06-02,jeremy.shelton755@example.ca,865-487-0847,417 Crawford Island Apt. 981,Surrey,BC,T9J 2T6,2020-03-09
CUST100756,Luke,Morrison,396-686-373,1978-05-16,luke.morrison756@example.ca,1-558-962-6838,3802 Gina Locks Apt. 239,Halifax,NS,E1H6E2,2019-08-25
CUST100757,Lindsay,Garcia,238-868-904,2003-07-28,lindsay.garcia757@example.ca,(286) 182-0706 x690,9237 Bridget Divide,Winnipeg,MB,Y5K9K7,2021-05-11
CUST100758,Catherine,Gibson,383-987-771,1943-08-01,catherine.gibson758@example.ca,1 (406) 757-8968,5707 Young Courts,Calgary,AB,J6E 6N1,2021-08-29
CUST100759,Katrina,Gonzales,235-355-249,2001-12-26,katrina.gonzales759@example.ca,1 (521) 879-9384,45883 Teresa Inlet Apt. 470,Laval,QC,G1K 4N7,2019-06-23
CUST100760,Scott,Nguyen,353-879-963,1991-06-12,scott.nguyen760@example.ca,(591) 097-7978 x023,6844 Cherry Ports Suite 036,Halifax,NS,M7A4C3,2020-08-20
CUST100761,Timothy,Chang,601-245-691,1974-11-07,timothy.chang761@example.ca,(815) 975-7292,86830 Annette Corners,Halifax,NS,Y3P4M4,2014-01-24
CUST100762,Christopher,Bond,742-524-484,1990-07-07,christopher.bond762@example.ca,885.483.9660,4674 Thompson Crossing,Halifax,NS,P2Y8M5,2022-07-20
CUST100763,Sandra,Lynch,748-913-887,1969-04-27,sandra.lynch763@example.ca,505-022-1816 x981,44760 Roth Ford,Calgary,AB,T3M3A9,2017-07-07
CUST100764,Elizabeth,Shea,627-867-384,2006-06-23,elizabeth.shea764@example.ca,926-509-9621,6771 Fritz Loop,Hamilton,ON,C6A7G4,2015-08-10
CUST100765,Lisa,Dorsey,565-599-435,1949-07-31,lisa.dorsey765@example.ca,823 499 8013,367 Williamson Brook Apt. 779,Halifax,NS,N5G 7M2,2015-07-22
CUST100766,Anthony,Martin,892-967-850,1957-02-13,anthony.martin766@example.ca,1 (117) 465-6426,637 Noah Cliff,Winnipeg,MB,R3N3P8,2021-09-19
CUST100767,Nicholas,Gilmore,750-780-814,1995-08-25,nicholas.gilmore767@example.ca,1-690-038-5025,344 Golden Locks,Hamilton,ON,G9H4Y1,2015-12-13
CUST100768,Kari,Frye,647-507-323,1944-12-07,kari.frye768@example.ca,1 (646) 157-4932,49788 Lawrence Island,Vancouver,BC,C5G 1A6,2015-09-20
CUST100769,Scott,Curtis,606-374-430,1969-05-02,scott.curtis769@example.ca,(530) 858-0018 x731,151 John Meadows,Calgary,AB,Y2S1H8,2023-06-01
CUST100770,Chris,Bryant,660-691-233,1943-07-11,chris.bryant770@example.ca,+1 (985) 642-5706,69331 Mcmahon Fall,Victoria,BC,A1R 3B4,2012-04-02
CUST100771,Susan,Reynolds,451-798-880,1963-03-28,susan.reynolds771@example.ca,1 (105) 224-1142,7015 Jonathan Streets Apt. 016,Winnipeg,MB,K3J3X3,2024-03-25
CUST100772,Joshua,Johnson,201-741-902,1962-03-02,joshua.johnson772@example.ca,122 056 2019,34843 Barbara Fields,Toronto,ON,H9P 7H2,2023-05-22
CUST100773,Eric,Quinn,227-978-261,1957-09-21,eric.quinn773@example.ca,+1 (545) 234-2864,0249 Jordan Grove Apt. 095,Calgary,AB,S4T 5V9,2020-12-28
CUST100774,Michael,Howell,100-538-307,1996-11-27,michael.howell774@example.ca,1 (261) 526-6559,6253 Christine Mall Suite 414,Edmonton,AB,P7K6K3,2015-10-07
CUST100775,Scott,Riddle,765-409-262,1958-11-08,scott.riddle775@example.ca,+1 (965) 353-8962,324 Natalie Station Suite 792,Halifax,NS,E2N3V8,2024-05-22
CUST100776,Heidi,Barnes,770-469-356,1953-10-20,heidi.barnes776@example.ca,(135) 434-6858 x639,68249 Lawrence Freeway Apt. 615,Vancouver,BC,X7C 9E4,2021-11-09
CUST100777,Christopher,Sanchez,780-764-269,1974-03-30,christopher.sanchez777@example.ca,(972) 607-2014,8082 Dennis Ports Apt. 121,Ottawa,ON,R8J7M3,2016-04-15
CUST100778,Joshua,Thomas,740-412-843,1979-10-03,joshua.thomas778@example.ca,364 563 3917,36948 Victoria Creek Apt. 664,Hamilton,ON,C1S7T9,2014-10-20
CUST100779,Mark,Greene,539-771-193,1942-09-04,mark.greene779@example.ca,+1 (512) 590-1639,33344 Thomas Shores,Halifax,NS,V9J2L5,2012-02-14
CUST100780,Anna,Robles,101-318-588,1958-06-25,anna.robles780@example.ca,216-793-0148,0499 Kelsey Causeway,Halifax,NS,H9B9G7,2024-03-27
CUST100781,Sara,Powell,707-331-631,1977-06-14,sara.powell781@example.ca,519-903-4213,8420 Luis Club Suite 079,Mississauga,ON,V9E 7J1,2012-08-20
CUST100782,Kristin,Garcia,109-108-812,1988-03-02,kristin.garcia782@example.ca,571.321.9402,028 Keith Crest Apt. 874,Halifax,NS,G4V7C8,2024-03-05
CUST100783,Miguel,James,532-810-235,1998-12-07,miguel.james783@example.ca,(291) 381-0749,94232 Michael Wells Apt. 131,Vancouver,BC,J7N7B3,2017-04-07
CUST100784,Richard,King,334-492-191,1963-11-10,richard.king784@example.ca,852 741 0254,798 Meyer Knolls,Calgary,AB,R4M1X1,2016-12-23
CUST100785,Brittany,Fuller,205-420-476,1990-02-10,brittany.fuller785@example.ca,+1 (375) 635-5842,172 Powell Trace Suite 650,Halifax,NS,R1A1V2,2015-11-07
CUST100786,Yolanda,Mccall,491-892-932,1948-01-02,yolanda.mccall786@example.ca,(206) 862-4087,66890 Mcneil Unions,Vancouver,BC,V3G 1Y8,2017-07-21
CUST100787,James,Cortez,793-246-170,1948-09-19,james.cortez787@example.ca,523 282 2282,475 Alicia Knolls,Laval,QC,B2A1L9,2015-06-17
CUST100788,Catherine,Wilson,724-765-268,1965-10-21,catherine.wilson788@example.ca,313.505.3572,64157 Carol Mountain,Winnipeg,MB,A1G 2Y1,2024-11-11
CUST100789,Curtis,Roberts,839-318-743,1999-05-18,curtis.roberts789@example.ca,1 (534) 195-2814,674 Andrea Extensions Apt. 889,Edmonton,AB,A6R 8K9,2021-01-28
CUST100790,Tammy,Nunez,521-730-803,1955-11-25,tammy.nunez790@example.ca,(191) 213-9743 x699,8557 Vargas Inlet Apt. 842,Halifax,NS,S5S 6B3,2019-03-28
CUST100791,Laurie,Patterson,188-202-243,1966-02-04,laurie.patterson791@example.ca,865-673-3745,65276 Sara Manor,Calgary,AB,M3Y 6B4,2020-12-18
CUST100792,William,Lee,847-493-459,1989-08-06,william.lee792@example.ca,196 444 7725,232 Thompson Hollow Apt. 041,London,ON,G6M6E4,2025-07-28
CUST100793,Raymond,Rodriguez,243-353-383,1976-10-16,raymond.rodriguez793@example.ca,1 (174) 906-2796,2570 Wendy Forest,Edmonton,AB,G6N 3M4,2024-02-29
CUST100794,Marco,Medina,354-666-715,1995-07-20,marco.medina794@example.ca,(263) 040-2966 x299,17429 Maria Burg Suite 167,Halifax,NS,E3P 7K7,2020-07-01
CUST100795,Thomas,Mooney,897-807-127,1940-10-11,thomas.mooney795@example.ca,(125) 031-3928,502 Brandon Court Apt. 193,Winnipeg,MB,J8P 8K2,2020-06-29
CUST100796,Aaron,Lucas,310-630-721,1952-12-09,aaron.lucas796@example.ca,1 (261) 622-5647,9407 Jeremy Heights Suite 323,Halifax,NS,R9T 2T5,2016-05-30
CUST100797,Keith,Gross,865-501-402,1997-06-01,keith.gross797@example.ca,701-945-3911 x776,0527 Jones Burg Apt. 815,Winnipeg,MB,Y2B1S3,2013-06-02
CUST100798,Chad,Wilson,345-606-495,1972-12-22,chad.wilson798@example.ca,(270) 676-3532 x237,212 Cardenas Path Suite 856,Halifax,NS,V5C 3C5,2014-04-30
CUST100799,Billy,Mcmillan,611-753-708,1957-02-02,billy.mcmillan799@example.ca,1 (539) 892-3132,9866 David Neck Suite 178,Mississauga,ON,V2S 6N4,2025-03-25
CUST100800,Donald,Davis,112-469-424,1993-05-29,donald.davis800@example.ca,465-266-4267,27245 Walker Valley Apt. 756,London,ON,R5V9S8,2019-02-09
CUST100801,Brianna,Moore,682-530-474,1959-05-23,brianna.moore801@example.ca,1-351-046-2506,6851 Loretta Center Suite 276,Quebec City,QC,H1K8N4,2015-04-20
CUST100802,Natalie,Delacruz,881-582-888,1945-05-26,natalie.delacruz802@example.ca,846.502.2347,5797 Nathaniel Way,Winnipeg,MB,B4T4A9,2013-06-12
CUST100803,Kelly,Peters,701-169-114,1997-08-14,kelly.peters803@example.ca,733 720 9451,7063 Mccoy Skyway Apt. 863,Toronto,ON,E3C 1G1,2024-10-22
CUST100804,Jennifer,Holmes,140-161-908,1974-09-02,jennifer.holmes804@example.ca,1-726-483-3367,289 Jimenez Streets,Vancouver,BC,J6R 5A5,2024-10-18
CUST100805,Nancy,Greene,743-829-613,1942-01-27,nancy.greene805@example.ca,1 (664) 901-3249,350 Chris Isle,Edmonton,AB,R6E9V1,2019-07-21
CUST100806,Brandon,Lynn,818-511-184,1990-05-03,brandon.lynn806@example.ca,644-104-0431,8513 Lee Roads Apt. 483,Edmonton,AB,M6T9N1,2014-05-24
CUST100807,Claudia,Smith,384-185-417,2003-02-24,claudia.smith807@example.ca,(156) 471-7784 x019,1698 Timothy Cove,Halifax,NS,C9E7P7,2026-02-25
CUST100808,Zachary,Henderson,308-927-259,1946-03-26,zachary.henderson808@example.ca,667-598-3326 x170,8353 Kelly Plains,London,ON,P8S 3N9,2016-12-25
CUST100809,Michael,Allen,500-700-749,1957-04-08,michael.allen809@example.ca,(224) 266-2177 x580,466 Jacobs Fords Apt. 302,Winnipeg,MB,J3H8T7,2017-11-20
CUST100810,Ann,Holland,417-815-547,1957-10-13,ann.holland810@example.ca,250.252.8546,87308 Martinez Stravenue,Halifax,NS,T3K 8Y8,2018-06-23
CUST100811,Samantha,Clements,159-350-188,1948-04-28,samantha.clements811@example.ca,(842) 527-8630 x900,10242 Kenneth Highway,Halifax,NS,J8B8P8,2012-11-05
CUST100812,Christine,Reilly,564-726-723,1988-11-04,christine.reilly812@example.ca,+1 (619) 971-6596,7640 Warren Freeway Apt. 440,Calgary,AB,P5G 3H7,2021-09-02
CUST100813,Michael,Deleon,782-859-773,1982-11-18,michael.deleon813@example.ca,121 914 3907,473 Williams Crescent Suite 791,Ottawa,ON,N1B 2E7,2022-01-26
CUST100814,Regina,Barnes,222-112-824,1942-07-13,regina.barnes814@example.ca,826-589-3475,54883 Vasquez Corners,Halifax,NS,E8M 2R5,2017-03-16
CUST100815,Tara,Page,111-267-608,2003-04-13,tara.page815@example.ca,+1 (743) 203-1726,82468 Baker Ramp Apt. 724,Laval,QC,B1B 9G7,2021-05-26
CUST100816,Christopher,Estrada,629-901-942,1966-01-28,christopher.estrada816@example.ca,851-908-5432,3033 Roach Vista,Surrey,BC,R2J 1A1,2022-04-10
CUST100817,Bridget,Fox,270-480-229,1980-11-29,bridget.fox817@example.ca,(318) 781-0480,4158 Colleen Causeway,Halifax,NS,B8L 7K7,2012-10-07
CUST100818,Kayla,Long,850-220-889,1976-09-26,kayla.long818@example.ca,581-226-8159,470 Pruitt Forges Apt. 105,Halifax,NS,K8A 4S8,2020-09-20
CUST100819,Kelly,Taylor,539-378-636,1978-05-13,kelly.taylor819@example.ca,242.693.7650,6718 Mendoza Ways Apt. 883,Ottawa,ON,K9S6Y1,2012-10-02
CUST100820,Diana,Koch,829-690-742,1993-08-21,diana.koch820@example.ca,876 292 2666,376 Stefanie Viaduct,Ottawa,ON,H9H1Y8,2015-10-23
CUST100821,Brandy,Stokes,566-623-468,1978-11-25,brandy.stokes821@example.ca,625.597.7726,4083 Moyer Place Apt. 501,Hamilton,ON,E7T6E8,2019-09-17
CUST100822,Jacob,Jones,680-270-476,1996-05-26,jacob.jones822@example.ca,1 (965) 188-7114,05009 Jose Ranch Apt. 878,Hamilton,ON,P4T1B3,2020-04-13
CUST100823,Andrew,Garcia,891-205-687,2000-02-02,andrew.garcia823@example.ca,1 (101) 860-7429,952 Fernando Vista Apt. 693,Quebec City,QC,Y3A 1R1,2023-03-06
CUST100824,Vernon,Gonzalez,333-858-621,2004-05-22,vernon.gonzalez824@example.ca,1-826-624-9753,57144 Shah Ranch Suite 674,Halifax,NS,R4Y 6V5,2015-03-28
CUST100825,Nathan,King,112-350-147,1989-09-16,nathan.king825@example.ca,1-966-886-5834,8358 Soto Walk,Toronto,ON,V7J5S9,2016-02-19
CUST100826,Eric,Valencia,492-253-283,1995-08-13,eric.valencia826@example.ca,458-708-9432 x698,3695 Michael Track Suite 505,Edmonton,AB,H7Y 8L3,2022-06-07
CUST100827,Alan,Ellis,831-858-771,1959-07-04,alan.ellis827@example.ca,(590) 773-7295,038 Bryan Dam Suite 851,London,ON,B5G6A1,2021-04-22
CUST100828,Susan,Davis,429-354-526,1954-09-13,susan.davis828@example.ca,(612) 794-3379,11235 Joshua Ways,Calgary,AB,R8P 5H3,2019-09-16
CUST100829,Mary,James,377-945-179,1952-11-23,mary.james829@example.ca,1 (610) 857-3838,5146 Lauren View Apt. 935,Halifax,NS,C6V 6M6,2022-10-11
CUST100830,Jeffrey,Chavez,222-614-789,1942-07-26,jeffrey.chavez830@example.ca,+1 (827) 281-6733,1215 Brooks Manors Apt. 641,Winnipeg,MB,S5A 9X2,2019-02-08
CUST100831,Kristen,Ramos,328-923-628,1951-04-22,kristen.ramos831@example.ca,669-319-6303,7045 Jennifer Stravenue,Mississauga,ON,G4S 2T3,2025-09-21
CUST100832,Jason,Harrington,170-998-576,1996-09-23,jason.harrington832@example.ca,(488) 048-5142 x025,5028 Kristen Freeway Apt. 342,Hamilton,ON,P7P8T3,2020-07-14
CUST100833,Caleb,Higgins,435-188-666,1960-05-08,caleb.higgins833@example.ca,644-318-3436,02977 Erika Coves,Victoria,BC,A2S8G3,2017-04-14
CUST100834,Kimberly,Morgan,477-305-398,1944-10-22,kimberly.morgan834@example.ca,332-816-2910 x873,98369 Kristin Mills,Calgary,AB,T2S 1V6,2013-06-29
CUST100835,Willie,Hayes,857-737-348,1940-07-04,willie.hayes835@example.ca,1-659-915-3044,20268 Ann Point,Winnipeg,MB,J1M 3P6,2018-12-25
CUST100836,Shaun,Sanders,705-605-891,1956-08-09,shaun.sanders836@example.ca,240-934-6754,68810 Pamela Village,Edmonton,AB,T1H 6C2,2015-02-04
CUST100837,Juan,Brown,659-878-915,1977-07-14,juan.brown837@example.ca,320 138 8253,316 Jennifer Route,Laval,QC,K4S9A2,2021-03-02
CUST100838,Jacqueline,Mooney,106-519-124,1990-08-23,jacqueline.mooney838@example.ca,178-947-6720,2141 Tammy Branch,Montreal,QC,E5S9K6,2024-07-05
CUST100839,Anthony,Pena,454-751-959,1976-09-10,anthony.pena839@example.ca,1 (212) 370-8511,454 Fisher Mountains Apt. 965,Laval,QC,R8E7H8,2012-08-11
CUST100840,Scott,Navarro,443-101-877,1995-07-31,scott.navarro840@example.ca,(886) 263-9561 x266,55737 James Vista,Halifax,NS,M3B4H5,2021-06-12
CUST100841,Susan,Turner,855-844-414,1993-12-27,susan.turner841@example.ca,+1 (827) 633-0411,42152 Dixon Creek Suite 863,Halifax,NS,L5V7A6,2017-02-04
CUST100842,Tiffany,Hughes,642-343-529,1975-02-26,tiffany.hughes842@example.ca,403-688-3004 x837,315 Julie Drive Apt. 270,Mississauga,ON,N2K1L5,2012-03-09
CUST100843,Julia,Jennings,245-828-386,1979-10-24,julia.jennings843@example.ca,987.228.2471,18179 Pearson Vista,Calgary,AB,N9T5X8,2024-11-08
CUST100844,Bonnie,Cole,337-965-632,1981-04-04,bonnie.cole844@example.ca,1 (622) 171-1486,8189 Wanda Branch Suite 173,Toronto,ON,S7K4E2,2013-12-17
CUST100845,Steven,Friedman,569-865-186,1997-01-26,steven.friedman845@example.ca,226-169-4963 x788,389 Philip Expressway,Edmonton,AB,E8J 2A7,2026-04-22
CUST100846,Michael,Pope,617-236-752,1987-09-28,michael.pope846@example.ca,963.361.3179,9004 John Spring Apt. 954,Winnipeg,MB,X4N6X7,2024-12-29
CUST100847,Lori,Young,706-681-163,1981-01-31,lori.young847@example.ca,(512) 743-9225 x517,258 Crystal Ville,Calgary,AB,V2S3H4,2017-07-11
CUST100848,Benjamin,Horton,342-398-367,1967-04-24,benjamin.horton848@example.ca,1-654-138-4531,09307 Boyd Street Suite 909,Calgary,AB,M8P3Y5,2025-02-27
CUST100849,Antonio,Galloway,817-951-853,1982-01-03,antonio.galloway849@example.ca,217 735 1668,39736 Johnson Square,Victoria,BC,E5V 1K3,2016-01-09
CUST100850,Debra,Lucas,563-378-339,1990-06-02,debra.lucas850@example.ca,1-719-830-6323,0181 Roberts Extension Suite 842,Victoria,BC,H6L 1K5,2018-01-10
CUST100851,Michael,Kline,239-898-888,1946-08-14,michael.kline851@example.ca,(661) 564-0994 x147,891 Taylor Island,Mississauga,ON,G2M1N9,2025-01-29
CUST100852,Harold,Dalton,259-208-268,1985-10-28,harold.dalton852@example.ca,303.565.9429,237 Dawson Meadows,Winnipeg,MB,H4H4P9,2017-03-12
CUST100853,Ashley,Davis,421-516-223,1944-11-20,ashley.davis853@example.ca,(739) 093-4242 x406,346 James Hills,Edmonton,AB,K8L 6J2,2025-07-11
CUST100854,Joan,James,888-312-562,2001-10-24,joan.james854@example.ca,1-308-654-2438,285 Smith Grove Apt. 509,Winnipeg,MB,H6Y5X8,2024-02-03
CUST100855,Michelle,Wright,371-972-222,1969-06-21,michelle.wright855@example.ca,+1 (145) 359-1765,1883 Benjamin Ramp Suite 428,Victoria,BC,J7L7M9,2025-11-18
CUST100856,Russell,Chapman,802-411-946,1982-01-03,russell.chapman856@example.ca,1-270-617-0690,711 Tabitha Forge Suite 715,Mississauga,ON,V7P6S1,2021-03-24
CUST100857,Chase,Luna,320-955-977,1969-02-28,chase.luna857@example.ca,416-744-9234,698 Smith Harbors Suite 056,Halifax,NS,K5V1N3,2023-10-24
CUST100858,Kara,Baker,193-828-354,1952-07-16,kara.baker858@example.ca,(661) 789-2571 x402,385 Patterson Extensions,Vancouver,BC,M7X4C9,2021-02-20
CUST100859,Ashley,Blake,625-150-793,1968-02-17,ashley.blake859@example.ca,(806) 358-5301 x012,519 Aaron Hill Suite 277,Victoria,BC,X1R4V7,2016-05-08
CUST100860,Dwayne,Dougherty,278-131-514,1991-04-06,dwayne.dougherty860@example.ca,(744) 439-4689,18123 Nathan Springs,Victoria,BC,C8V4B2,2024-09-22
CUST100861,Kevin,Delacruz,196-573-204,1971-10-15,kevin.delacruz861@example.ca,+1 (126) 263-6785,4759 Sutton Run Apt. 485,Calgary,AB,P8J 5T1,2025-11-15
CUST100862,Kristen,Alvarez,112-163-950,1972-02-10,kristen.alvarez862@example.ca,(874) 042-0767 x514,41157 Denise Fords Apt. 990,Montreal,QC,B7L 6B7,2016-10-17
CUST100863,William,Allen,302-943-510,1960-03-12,william.allen863@example.ca,1-453-856-5352,6000 Owens Walk,Montreal,QC,C5B 6K7,2012-08-09
CUST100864,Carol,Cannon,745-760-186,1974-07-26,carol.cannon864@example.ca,+1 (551) 181-5837,1447 Coleman Course Suite 870,Surrey,BC,T7S9R3,2022-01-23
CUST100865,Alfred,Watson,176-122-166,1949-06-30,alfred.watson865@example.ca,+1 (359) 950-8914,302 Tyler Heights,Winnipeg,MB,N4L 9V7,2014-01-22
CUST100866,Eric,King,554-928-231,1964-07-20,eric.king866@example.ca,(418) 660-4747,914 Quinn Parkway,Laval,QC,H5L5T3,2011-06-24
CUST100867,Mark,Baker,225-143-572,1947-06-14,mark.baker867@example.ca,538 735 1866,4131 Samantha Club Apt. 025,Ottawa,ON,J6L9S2,2016-09-04
CUST100868,Stephanie,Walls,687-543-941,1993-03-13,stephanie.walls868@example.ca,1 (121) 789-5599,128 Rivera Valley Apt. 675,Mississauga,ON,J2Y 4J5,2019-06-05
CUST100869,Stephanie,Davis,608-130-491,2001-01-23,stephanie.davis869@example.ca,303-814-6342,19597 Tiffany Vista Apt. 912,Halifax,NS,X8N 4G5,2012-10-18
CUST100870,Christopher,Cummings,276-462-319,1946-06-07,christopher.cummings870@example.ca,(115) 553-0153,44077 Emily Courts,Halifax,NS,S5P 6Y6,2018-04-15
CUST100871,Judith,Zimmerman,386-556-252,1956-07-31,judith.zimmerman871@example.ca,1-754-182-9912,2064 Sarah Street Apt. 061,Quebec City,QC,R1C9A3,2013-11-02
CUST100872,John,Marsh,734-731-351,1948-11-02,john.marsh872@example.ca,(726) 822-1756 x269,83479 Julie Branch,London,ON,K8G3P3,2019-09-16
CUST100873,Stephen,Warner,610-521-663,1951-03-06,stephen.warner873@example.ca,407-485-9724,29514 Lopez Stravenue Apt. 580,Halifax,NS,X7R 1A5,2019-09-22
CUST100874,Glenn,Mcconnell,189-386-492,1952-10-23,glenn.mcconnell874@example.ca,165-474-7695,1898 Graham Spurs,Calgary,AB,J7B6E6,2017-11-28
CUST100875,Dennis,Robertson,304-758-916,1973-11-27,dennis.robertson875@example.ca,(787) 656-9931 x360,90113 Smith Harbors,Quebec City,QC,L1T4C9,2011-09-09
CUST100876,Mark,Wolf,745-921-656,1990-02-05,mark.wolf876@example.ca,(895) 382-9441 x914,3472 Brianna Course,Winnipeg,MB,V6J4B3,2021-04-20
CUST100877,Phillip,Smith,830-467-591,1978-04-16,phillip.smith877@example.ca,(386) 865-6292 x582,801 Eric Landing,Hamilton,ON,B9S 6X7,2019-06-20
CUST100878,Kenneth,Mcmahon,452-679-614,1969-03-01,kenneth.mcmahon878@example.ca,+1 (878) 096-4583,495 Cook Common Apt. 531,Winnipeg,MB,N3P9N8,2015-07-23
CUST100879,Jeanette,Sanford,376-284-126,1946-05-10,jeanette.sanford879@example.ca,848.626.7511,5349 Kelly Island Apt. 564,Victoria,BC,R7T 4X1,2025-02-21
CUST100880,Brendan,Moses,324-130-930,1964-04-21,brendan.moses880@example.ca,(520) 163-0159 x722,84834 Timothy Loop,Surrey,BC,X1L 2S9,2026-01-01
CUST100881,Joshua,Leon,583-642-466,1953-10-21,joshua.leon881@example.ca,1-780-153-7358,715 Green Mall Apt. 539,Vancouver,BC,R8B 5S7,2020-12-07
CUST100882,Devin,Taylor,263-202-353,1983-03-22,devin.taylor882@example.ca,(664) 991-1928,2850 Tina Knolls Suite 383,Winnipeg,MB,V6T 9N3,2012-10-11
CUST100883,Eric,White,372-646-935,1958-02-09,eric.white883@example.ca,1 (167) 844-6078,1991 Stephen Landing Suite 129,Halifax,NS,M3E6M4,2021-07-09
CUST100884,Ruben,Hill,882-324-689,1977-04-06,ruben.hill884@example.ca,(138) 597-4776 x565,55494 Danielle Inlet Apt. 687,Halifax,NS,E3N3S1,2023-11-21
CUST100885,Joseph,Salazar,277-280-342,2001-06-23,joseph.salazar885@example.ca,163-415-3597 x710,54773 Mendez Greens,Edmonton,AB,C8L 3Y3,2016-09-21
CUST100886,Michael,Hayden,855-814-467,1963-05-05,michael.hayden886@example.ca,1-613-547-4168,3952 Michelle Plain Suite 558,Winnipeg,MB,P8V 6M9,2012-11-26
CUST100887,Riley,Williams,820-817-460,1993-12-26,riley.williams887@example.ca,(841) 362-3347 x040,6971 Blair Park,Winnipeg,MB,K9M6E6,2020-01-07
CUST100888,Virginia,Holmes,676-292-956,1955-03-07,virginia.holmes888@example.ca,1-256-017-0396,75900 Samuel Camp,Winnipeg,MB,T8L9B7,2021-12-13
CUST100889,Gregory,Rice,279-602-138,1961-10-12,gregory.rice889@example.ca,862.159.3896,353 Tucker Garden Suite 589,Edmonton,AB,B8V3B3,2019-06-13
CUST100890,Jason,Maxwell,338-716-324,2006-03-14,jason.maxwell890@example.ca,(851) 390-1430,74936 Rosales Fork Suite 796,Toronto,ON,C1L4X1,2021-05-27
CUST100891,Robin,Nunez,589-100-439,1955-12-19,robin.nunez891@example.ca,1 (365) 826-0825,79412 Patterson Prairie Apt. 122,London,ON,H3C 6L3,2023-07-08
CUST100892,Christopher,Rodriguez,233-448-834,1973-09-16,christopher.rodriguez892@example.ca,(492) 594-6574 x465,5441 Abigail Union,Winnipeg,MB,C8J4R9,2025-12-07
CUST100893,Gloria,Thomas,160-122-251,1954-06-15,gloria.thomas893@example.ca,(519) 376-8418 x471,220 Jose Pike Apt. 335,Quebec City,QC,B3E8E3,2019-07-25
CUST100894,Rhonda,Smith,892-213-966,1940-07-20,rhonda.smith894@example.ca,464-770-9067 x618,2950 Fisher Orchard Apt. 621,Winnipeg,MB,G9B9M9,2017-05-11
CUST100895,Brandon,Evans,174-482-821,1974-07-05,brandon.evans895@example.ca,(703) 264-5649,1991 Johnson Stravenue Apt. 906,Winnipeg,MB,B4V5A3,2016-06-25
CUST100896,Ebony,Wilson,700-203-444,2005-10-23,ebony.wilson896@example.ca,701-815-8913 x682,74215 Carl Gateway Suite 252,Halifax,NS,A2G7H1,2019-09-11
CUST100897,William,Richardson,239-261-849,1959-03-26,william.richardson897@example.ca,429-335-8384,65735 Timothy Junction,Victoria,BC,R2J1P3,2022-06-15
CUST100898,Kevin,Solomon,764-424-278,1992-06-21,kevin.solomon898@example.ca,883 319 5589,59717 Miller Oval,Edmonton,AB,J7B 9P8,2025-01-19
CUST100899,Patricia,Turner,328-781-703,1949-04-02,patricia.turner899@example.ca,+1 (605) 164-8389,76841 Gallagher Lodge,Halifax,NS,T1S7B5,2014-10-21
CUST100900,Mark,Finley,414-851-805,1997-10-01,mark.finley900@example.ca,631-730-3324 x967,5104 Prince Walks Apt. 947,Quebec City,QC,E6Y 7C1,2024-04-14
CUST100901,Megan,Martin,281-846-101,1943-12-10,megan.martin901@example.ca,1 (894) 761-1107,7545 Peterson Drive Suite 226,Vancouver,BC,M5X 1N4,2020-02-20
CUST100902,Chelsea,Scott,889-681-133,1987-01-15,chelsea.scott902@example.ca,(356) 066-9926 x138,709 Ware Motorway Suite 957,Halifax,NS,J7S 4G8,2018-06-19
CUST100903,Isaiah,Mcgee,425-928-726,1992-01-15,isaiah.mcgee903@example.ca,311-073-5128 x962,8243 Jesse Spur,Laval,QC,B4G 5J5,2017-02-15
CUST100904,Kristin,Olsen,679-206-608,2000-12-06,kristin.olsen904@example.ca,+1 (694) 306-9523,652 Davis Parkways Suite 370,Laval,QC,R9L 9L6,2015-09-30
CUST100905,Timothy,Valentine,863-179-343,1957-02-16,timothy.valentine905@example.ca,998.042.5542,3764 Michael Union,Quebec City,QC,V9Y 9S8,2019-08-09
CUST100906,Anthony,White,271-751-190,1955-12-28,anthony.white906@example.ca,921 317 0195,3992 Knight Trail Suite 287,Victoria,BC,C5L 6H7,2014-01-16
CUST100907,Lisa,Wells,557-111-371,1985-10-06,lisa.wells907@example.ca,+1 (944) 160-3328,0051 Harold Oval,Halifax,NS,N1C3G3,2022-05-26
CUST100908,Diana,Smith,809-169-458,1989-08-13,diana.smith908@example.ca,154-541-6487 x921,6275 Kimberly Knolls Apt. 697,Montreal,QC,L4H7B1,2018-08-28
CUST100909,Rebekah,Peterson,837-101-149,1990-06-01,rebekah.peterson909@example.ca,(430) 958-7238,060 Michelle Isle Suite 923,Vancouver,BC,R5V 9C6,2018-12-10
CUST100910,Cory,Walters,850-529-270,1940-11-30,cory.walters910@example.ca,1 (301) 967-9720,92018 Andrea Stravenue Suite 233,Edmonton,AB,T4A 8L6,2019-01-08
CUST100911,Brittney,Garcia,487-459-659,1976-11-08,brittney.garcia911@example.ca,1 (351) 163-9714,5741 Melendez Hills,Edmonton,AB,K7S3H6,2020-06-16
CUST100912,Zachary,Gardner,590-907-984,1987-07-28,zachary.gardner912@example.ca,549 773 6772,43549 Stone Expressway Suite 571,Calgary,AB,R9M1K3,2020-08-21
CUST100913,Ashley,Hines,266-562-175,1955-11-01,ashley.hines913@example.ca,(104) 247-9600 x094,5737 Anderson Expressway,Winnipeg,MB,R6G5G3,2025-04-13
CUST100914,Jeffrey,Casey,120-426-367,1956-02-22,jeffrey.casey914@example.ca,840.152.7311,64147 Fisher Turnpike,Ottawa,ON,A5C 3X4,2014-09-13
CUST100915,Mark,Rose,450-274-484,1990-07-21,mark.rose915@example.ca,242-298-3596 x677,90226 Judy Mountain Apt. 650,Toronto,ON,J1G 1A7,2015-12-13
CUST100916,Shawn,Jones,176-660-195,1997-08-10,shawn.jones916@example.ca,1-142-787-3554,31697 Jennifer Summit Apt. 675,Laval,QC,K4J7M1,2015-08-06
CUST100917,Melissa,Stevenson,728-594-821,1986-02-16,melissa.stevenson917@example.ca,452 878 3573,30734 Wright Villages,Surrey,BC,B7H 5K2,2024-02-12
CUST100918,Elijah,Chang,769-268-721,2003-11-29,elijah.chang918@example.ca,698-537-2033,1602 Lorraine Islands,Hamilton,ON,A6V 6C6,2019-06-15
CUST100919,Victor,Brock,154-203-439,2005-06-13,victor.brock919@example.ca,1-204-224-5641,5125 William Via,Calgary,AB,V2X 4C6,2024-12-27
CUST100920,Michael,Paul,519-813-667,1990-01-10,michael.paul920@example.ca,1-694-197-1575,66328 Tina Lodge Apt. 061,Montreal,QC,G6C7Y4,2016-03-06
CUST100921,Albert,Maxwell,776-388-404,1971-08-07,albert.maxwell921@example.ca,950.420.5986,697 Wiley Inlet Apt. 360,Halifax,NS,B2E 5B7,2022-06-06
CUST100922,Melissa,Oconnor,150-502-685,1981-03-26,melissa.oconnor922@example.ca,788-881-8930 x461,816 Zimmerman Street,Montreal,QC,C7X1P6,2020-11-08
CUST100923,Donna,Reyes,257-155-469,2007-12-25,donna.reyes923@example.ca,(182) 672-8007 x272,472 Stephen Knoll,Winnipeg,MB,M9A4T1,2025-10-30
CUST100924,Jeffrey,Mack,189-401-943,1981-06-28,jeffrey.mack924@example.ca,(899) 951-4549 x836,6749 Sherry Light,Hamilton,ON,T9P6C8,2024-11-01
CUST100925,Christopher,Torres,304-199-126,1969-10-03,christopher.torres925@example.ca,1 (895) 634-3180,200 Michael Village,Halifax,NS,S4N8J8,2018-09-02
CUST100926,John,Rhodes,753-398-183,1947-03-15,john.rhodes926@example.ca,187-192-6154 x872,40254 Morris Shoals,Montreal,QC,N9M 1B9,2024-01-31
CUST100927,Ashley,Crawford,415-903-507,1983-05-10,ashley.crawford927@example.ca,(188) 724-6163,3830 Anthony Common,Calgary,AB,K5N4H1,2018-10-25
CUST100928,Terri,Ramirez,776-371-193,1970-03-15,terri.ramirez928@example.ca,+1 (654) 662-8973,962 Matthew Mission,Edmonton,AB,R3B3A4,2011-12-31
CUST100929,Jeffrey,Finley,289-479-490,1943-02-02,jeffrey.finley929@example.ca,+1 (177) 125-1589,82805 Robert Meadows Apt. 812,Halifax,NS,G9V 5X5,2018-09-23
CUST100930,Christina,Silva,556-145-369,1966-05-23,christina.silva930@example.ca,(561) 527-6958,2022 Benson Drive Suite 886,Vancouver,BC,C4K 8T2,2015-12-10
CUST100931,Bob,Hahn,369-331-957,1997-05-25,bob.hahn931@example.ca,480.266.9141,61047 Morgan Port Apt. 199,Edmonton,AB,N5R 8G7,2019-11-04
CUST100932,Elizabeth,Lewis,163-254-870,1944-10-01,elizabeth.lewis932@example.ca,234-141-3181,0513 Leslie Crescent,Surrey,BC,A8M1M9,2016-11-08
CUST100933,Aaron,Garner,187-784-452,1994-04-28,aaron.garner933@example.ca,+1 (471) 487-8310,5645 Martinez Track,Halifax,NS,T5N 1V8,2022-04-28
CUST100934,Anthony,Lewis,874-703-332,2007-12-22,anthony.lewis934@example.ca,244-999-8709 x339,9412 Richmond Cliffs,Winnipeg,MB,R3A 7K8,2016-09-11
CUST100935,Shelby,Warner,496-938-635,1978-04-14,shelby.warner935@example.ca,1 (776) 310-1089,6125 Randy Loaf Suite 004,Winnipeg,MB,M8X5R9,2017-02-12
CUST100936,Cynthia,Silva,686-341-587,1975-09-21,cynthia.silva936@example.ca,1-184-817-0361,7017 Herring Track,Edmonton,AB,V4N 4M1,2018-02-06
CUST100937,Dakota,Huynh,504-974-831,1945-06-19,dakota.huynh937@example.ca,596.004.9021,1559 West Forks Apt. 384,Vancouver,BC,N4P2H8,2023-01-30
CUST100938,Anthony,Clark,684-629-919,1956-05-12,anthony.clark938@example.ca,(600) 499-9266,619 Holland Motorway,London,ON,E5T 7J3,2015-07-15
CUST100939,Tyler,Sharp,223-875-559,2003-08-14,tyler.sharp939@example.ca,(785) 865-3927,141 Joshua Flats Apt. 796,Winnipeg,MB,B6S6A9,2021-01-20
CUST100940,Tim,Perez,316-927-297,1962-02-28,tim.perez940@example.ca,411 625 0698,6463 Smith Hill Suite 570,Montreal,QC,K8L 2G9,2026-03-22
CUST100941,Raymond,Burgess,533-180-799,2006-01-19,raymond.burgess941@example.ca,1 (152) 905-0926,11015 Jones Cliffs,Montreal,QC,J5Y9L2,2013-07-12
CUST100942,Christopher,Hall,742-251-954,1943-08-18,christopher.hall942@example.ca,(382) 384-6990 x867,310 Ortega Pines,Calgary,AB,V7T 6K6,2022-04-23
CUST100943,Chad,Taylor,427-844-926,2007-08-12,chad.taylor943@example.ca,(782) 206-3186 x417,302 Robert Track,Winnipeg,MB,S9K 4S6,2025-02-18
CUST100944,Chelsea,Jones,497-669-506,1998-01-29,chelsea.jones944@example.ca,+1 (340) 323-9193,82671 Oscar Rapids Apt. 794,Toronto,ON,H3H7N5,2015-04-24
CUST100945,Gabriela,Ramirez,382-632-569,2005-10-26,gabriela.ramirez945@example.ca,+1 (186) 811-1433,0980 Hoffman Neck Apt. 555,Winnipeg,MB,R9H 8V1,2014-01-05
CUST100946,Michael,Garcia,701-635-900,1950-10-09,michael.garcia946@example.ca,1-163-721-6266,35841 Gregory Island,London,ON,V8T4K6,2026-02-02
CUST100947,Melissa,Stewart,524-253-251,1963-12-26,melissa.stewart947@example.ca,847 411 1736,86256 Roy Cove,Calgary,AB,H5P 3Y4,2014-07-23
CUST100948,Laura,Daniels,208-676-898,1965-01-08,laura.daniels948@example.ca,(808) 292-4828,10788 Christopher Roads,Winnipeg,MB,K5S9P6,2013-09-05
CUST100949,Aaron,Anderson,648-452-998,1944-10-17,aaron.anderson949@example.ca,708-428-7416 x279,651 Colleen Street,Ottawa,ON,P1N1C6,2024-09-17
CUST100950,Antonio,Wilson,492-770-597,1961-01-30,antonio.wilson950@example.ca,(342) 262-3003 x607,50283 Janice Field,Edmonton,AB,G8L6J4,2020-01-20
CUST100951,Tina,Saunders,138-276-382,1950-01-24,tina.saunders951@example.ca,(809) 166-3166 x968,33045 Browning Circles Apt. 616,Winnipeg,MB,L1T9A5,2015-10-16
CUST100952,Jessica,Tran,733-723-797,1947-03-26,jessica.tran952@example.ca,376.429.6280,15050 Gilbert Squares Suite 131,Calgary,AB,H3N4P3,2013-06-08
CUST100953,Laura,Tran,139-505-439,1943-09-15,laura.tran953@example.ca,(383) 774-3540 x476,395 Kelsey Corners Apt. 525,Halifax,NS,X8S8H9,2019-09-21
CUST100954,Gregory,Williams,150-863-586,1946-01-17,gregory.williams954@example.ca,848-903-0458 x809,614 Gregory Forges,Halifax,NS,N3M1P6,2022-06-27
CUST100955,Michael,Russell,120-445-937,1962-04-13,michael.russell955@example.ca,899-113-7983 x045,74511 Smith Port Suite 897,Victoria,BC,E3P 2H4,2014-06-17
CUST100956,Jenna,Larson,387-963-603,1966-01-02,jenna.larson956@example.ca,983-476-1289,74611 Jessica Ports,Victoria,BC,G6T7E1,2025-02-14
CUST100957,Melissa,Robinson,333-237-407,1975-11-10,melissa.robinson957@example.ca,988-528-5898 x681,97630 Deanna Mountains Apt. 794,Halifax,NS,L5N5T5,2013-02-03
CUST100958,Sylvia,Hayes,892-945-428,1979-12-26,sylvia.hayes958@example.ca,262 654 3475,43598 Samantha Path Suite 907,Halifax,NS,P8X9N4,2025-04-08
CUST100959,Tyler,Butler,526-719-761,2007-07-03,tyler.butler959@example.ca,(216) 784-3407 x307,6135 Dawn Alley Suite 883,Surrey,BC,H4G9J6,2015-09-04
CUST100960,Joel,Lopez,552-316-943,1979-12-29,joel.lopez960@example.ca,1 (628) 502-3126,73551 Dean Drives,Mississauga,ON,B3J4G5,2018-09-02
CUST100961,Charles,Coleman,877-628-988,1982-01-30,charles.coleman961@example.ca,193-555-5702,1741 Robert Inlet,Edmonton,AB,P7L2V3,2013-01-20
CUST100962,Anne,Ho,627-910-262,1981-01-15,anne.ho962@example.ca,370 650 7612,305 Phillips Manor,Vancouver,BC,K6A6L6,2023-08-10
CUST100963,Matthew,Cook,826-618-513,1949-01-05,matthew.cook963@example.ca,+1 (535) 607-7789,27639 Jose View,Ottawa,ON,B3A4X7,2019-12-03
CUST100964,Jennifer,Bird,682-129-277,1997-03-25,jennifer.bird964@example.ca,+1 (690) 222-0975,1790 Schneider Mountain,Laval,QC,C3N 1E1,2014-07-19
CUST100965,Melinda,King,159-355-133,1982-01-11,melinda.king965@example.ca,269-721-6218 x333,692 Aaron Junction,Montreal,QC,A3V 3C7,2012-01-26
CUST100966,Brian,Hansen,469-821-303,2000-08-01,brian.hansen966@example.ca,(837) 742-7054 x985,82063 Erik Shore Apt. 126,Calgary,AB,M7L 6S9,2020-02-18
CUST100967,Derrick,Ibarra,575-617-506,1973-10-31,derrick.ibarra967@example.ca,396-064-7245,3787 Harrison Plaza Suite 070,Victoria,BC,S8N8V1,2026-05-08
CUST100968,Christopher,Stein,797-131-347,1975-05-22,christopher.stein968@example.ca,228-426-8092 x826,1700 Gonzalez Park Apt. 860,Halifax,NS,R9R1Y4,2012-07-20
CUST100969,Mary,Davidson,708-556-281,1966-02-22,mary.davidson969@example.ca,995-127-9831 x242,54160 Barbara Corner Suite 808,Victoria,BC,A1E9V7,2018-09-23
CUST100970,Rachel,Richardson,452-267-957,1943-02-13,rachel.richardson970@example.ca,810-740-4336 x895,2461 Mark Cliff Apt. 090,Edmonton,AB,V8B 9E6,2011-11-10
CUST100971,Gregory,Watson,805-192-391,1950-07-18,gregory.watson971@example.ca,1-397-239-2010,9974 Craig Shoal Suite 396,Surrey,BC,T3M6L3,2017-03-11
CUST100972,Erika,Gilbert,150-266-974,1990-11-23,erika.gilbert972@example.ca,504 164 1537,513 Stephen Tunnel,Hamilton,ON,T8S 7R9,2013-03-02
CUST100973,Erica,Bennett,326-762-330,2002-10-24,erica.bennett973@example.ca,(755) 717-4905 x849,4990 Jason Viaduct,Winnipeg,MB,X5R1H6,2018-02-06
CUST100974,Joseph,Johnson,375-767-519,1982-05-30,joseph.johnson974@example.ca,(263) 245-3527 x911,085 Suzanne Glen,Halifax,NS,S6X4Y3,2012-08-01
CUST100975,Michael,Ray,899-885-798,1948-06-13,michael.ray975@example.ca,(707) 348-0022,59720 York Hill Apt. 987,Winnipeg,MB,G8C 5M9,2015-08-22
CUST100976,Kevin,Smith,235-762-277,1952-04-22,kevin.smith976@example.ca,(771) 784-7214,2758 Lindsey Key,Hamilton,ON,H7S 9T9,2021-03-05
CUST100977,Spencer,Kaiser,329-358-722,1976-02-14,spencer.kaiser977@example.ca,254-458-4741 x340,936 Hayley Rapids,Winnipeg,MB,H2T4N5,2017-02-02
CUST100978,John,Morrison,826-758-381,1947-12-24,john.morrison978@example.ca,1-284-479-3656,6862 Jacqueline Garden,Surrey,BC,T6A 5S9,2011-11-22
CUST100979,Leslie,Hall,457-570-358,1966-03-13,leslie.hall979@example.ca,827 433 0372,624 Bryant Well,Edmonton,AB,S2J3C2,2014-08-01
CUST100980,Holly,Vasquez,409-793-633,1998-01-24,holly.vasquez980@example.ca,(978) 066-1545 x985,3565 Miller Burgs Apt. 882,Quebec City,QC,G9C9H7,2017-12-06
CUST100981,Bob,Schaefer,698-204-107,1997-03-01,bob.schaefer981@example.ca,1-969-984-2882,0520 Christian Forges Apt. 988,Winnipeg,MB,C3H1J4,2024-06-13
CUST100982,Shirley,Mills,674-762-708,2007-02-03,shirley.mills982@example.ca,877 862 6852,760 Edward Parkways,Winnipeg,MB,T5Y8K2,2025-10-15
CUST100983,Adrian,White,405-800-210,1976-12-14,adrian.white983@example.ca,(345) 573-5623,0045 Matthew Knolls Suite 302,Winnipeg,MB,K9G6H8,2025-04-12
CUST100984,Andrew,Fletcher,444-383-755,1994-01-25,andrew.fletcher984@example.ca,825-554-6893,041 Robert Point Apt. 596,Calgary,AB,R9T7K6,2017-02-20
CUST100985,Alejandro,Maynard,367-771-828,1959-05-20,alejandro.maynard985@example.ca,1-567-332-2912,8770 Donna Manors Apt. 394,Victoria,BC,L5H1S8,2017-08-17
CUST100986,Daisy,Wheeler,292-253-629,1954-06-21,daisy.wheeler986@example.ca,920.339.8013,62833 Coleman Road Apt. 581,Halifax,NS,Y6A 4E4,2018-04-18
CUST100987,Mary,Gonzalez,714-513-776,1967-11-22,mary.gonzalez987@example.ca,627-728-7156,957 Gomez Park Suite 959,Montreal,QC,P6A4N7,2013-06-13
CUST100988,Jennifer,Miller,243-838-126,1948-03-29,jennifer.miller988@example.ca,(154) 183-9525 x252,882 Preston Island Apt. 192,Surrey,BC,M5P 5V6,2013-09-03
CUST100989,Linda,Williams,402-365-528,1995-04-22,linda.williams989@example.ca,376 947 3088,35321 Joann Haven Suite 029,Halifax,NS,S1K 5M2,2014-01-29
CUST100990,Jennifer,Carson,854-136-697,2001-09-20,jennifer.carson990@example.ca,1 (525) 795-9900,412 Rebecca Islands Suite 601,Edmonton,AB,E4J 5M9,2022-02-02
CUST100991,Thomas,Harris,451-843-830,1981-04-18,thomas.harris991@example.ca,+1 (527) 686-1273,12029 Nicole Station,Halifax,NS,X1C 2K5,2020-04-26
CUST100992,Kevin,Johnson,647-753-903,1982-06-20,kevin.johnson992@example.ca,388-819-6645,91990 Chad Forge,Laval,QC,N4R 2Y8,2025-10-28
CUST100993,Jesus,Jordan,619-407-965,1999-02-04,jesus.jordan993@example.ca,+1 (270) 417-1038,740 Li Burgs,Edmonton,AB,K1J 4H5,2025-09-23
CUST100994,Joseph,Richardson,671-285-400,1942-05-01,joseph.richardson994@example.ca,814-876-5077 x525,16316 Mary Shore,Laval,QC,X1C6C8,2026-02-01
CUST100995,Tasha,Finley,231-858-364,1992-02-06,tasha.finley995@example.ca,+1 (530) 667-0059,669 Michelle Dam Apt. 370,Hamilton,ON,V9E 1N1,2020-02-20
CUST100996,Michelle,Jones,796-443-770,1985-01-17,michelle.jones996@example.ca,(563) 323-4306 x587,888 Cindy Run Apt. 375,Halifax,NS,V9H 6G9,2024-01-06
CUST100997,Donald,Brooks,463-328-862,2004-09-26,donald.brooks997@example.ca,1-455-139-1960,236 Daniels Ford Suite 369,Mississauga,ON,G1K 1Y5,2021-11-11
CUST100998,Robert,Gonzales,439-480-366,1975-09-22,robert.gonzales998@example.ca,+1 (864) 867-4163,06317 Reed Extension,Victoria,BC,V2R5B6,2019-02-20
CUST100999,Adam,Garcia,574-971-220,1991-05-24,adam.garcia999@example.ca,1-741-572-8143,68611 Hughes Burgs,Winnipeg,MB,R9C 3C7,2022-09-01
CUST101000,Andrew,Cook,749-697-694,1963-07-19,andrew.cook1000@example.ca,1-565-426-8368,7140 Kelly Union,Calgary,AB,N6L7N7,2011-11-14
